ticket_id,issued_at,as_of,race_uid,race_id,race_time,venue,horse_key,horse_id,horse_name,bookmaker,market_type,bet_type,offered_odds,quote_fetched_at,quote_age_seconds,model_prob,market_adjusted_prob,fair_odds,market_prob,edge,expected_value,max_stake,stake,ew_places,ew_reduction,data_quality,validation_state,decision,pass_reasons,reasons_passed,paper_only,model_verdict,forward_gate_state,is_candidate
b33eecb0546172d20aba,2026-07-27T21:41:12.379971+00:00,2026-07-27T21:41:12.379971+00:00,2026-07-27T13:15:00+00:00,,2026-07-27T14:15:00+01:00,Ayr,littleladykaren,86ccae0344864d26,Little Lady Karen,livescorebet,WIN,win,2.2,,,,0.4337,2.54936,0.45454545454545453,,,50.0,,,,poor,MODEL NO-GO / FORWARD GATE FORWARD GATE NOT MET (9 OF 9 CRITERIA FAILED),PASS,"runner_history:no_prior_form; calibrated_probability:market_adjusted_only; executable_price:age_unknown; source_health:livescorebet:stale=50465s>900s; source_health:paddy_power:stale=50441s>900s; model_validation:NO-GO; model_validation:logloss_edge_not_significant:delta=-0.18621 ci95=[-0.22507,-0.14620]; model_validation:loses_to_best_devig:shin=1.68568; model_validation:clv_not_positive:mean=-0.13417 ci95_lower=-0.13888; model_validation:drift_gate_failed:going_speed=4.916, horse_career_runs=0.301; min_edge:unavailable; min_expected_value:unavailable",complete_card; reference_market; field_size; overround,True,NO-GO,FORWARD GATE NOT MET (9 OF 9 CRITERIA FAILED),False
69ca783c2366ecbebad9,2026-07-27T21:41:12.379971+00:00,2026-07-27T21:41:12.379971+00:00,2026-07-27T13:15:00+00:00,,2026-07-27T14:15:00+01:00,Ayr,bymiddaytomorrow,e5299f28deddc32b,Bymiddaytomorrow,paddy_power,WIN,win,3.25,,,,0.2886,3.7661000000000002,0.3076923076923077,,,50.0,,,,poor,MODEL NO-GO / FORWARD GATE FORWARD GATE NOT MET (9 OF 9 CRITERIA FAILED),PASS,"calibrated_probability:market_adjusted_only; executable_price:age_unknown; source_health:livescorebet:stale=50465s>900s; source_health:paddy_power:stale=50441s>900s; model_validation:NO-GO; model_validation:logloss_edge_not_significant:delta=-0.18621 ci95=[-0.22507,-0.14620]; model_validation:loses_to_best_devig:shin=1.68568; model_validation:clv_not_positive:mean=-0.13417 ci95_lower=-0.13888; model_validation:drift_gate_failed:going_speed=4.916, horse_career_runs=0.301; min_edge:unavailable; min_expected_value:unavailable",complete_card; runner_history; reference_market; field_size; overround,True,NO-GO,FORWARD GATE NOT MET (9 OF 9 CRITERIA FAILED),False
888d03102e7f6aa8bb4a,2026-07-27T21:41:12.379971+00:00,2026-07-27T21:41:12.379971+00:00,2026-07-27T13:15:00+00:00,,2026-07-27T14:15:00+01:00,Ayr,marchlilly,f17f7310bb7701e1,March Lilly,paddy_power,WIN,win,4.35,,,,0.2176,5.04078,0.2298850574712644,,,50.0,,,,poor,MODEL NO-GO / FORWARD GATE FORWARD GATE NOT MET (9 OF 9 CRITERIA FAILED),PASS,"runner_history:no_prior_form; calibrated_probability:market_adjusted_only; executable_price:age_unknown; source_health:livescorebet:stale=50465s>900s; source_health:paddy_power:stale=50441s>900s; model_validation:NO-GO; model_validation:logloss_edge_not_significant:delta=-0.18621 ci95=[-0.22507,-0.14620]; model_validation:loses_to_best_devig:shin=1.68568; model_validation:clv_not_positive:mean=-0.13417 ci95_lower=-0.13888; model_validation:drift_gate_failed:going_speed=4.916, horse_career_runs=0.301; min_edge:unavailable; min_expected_value:unavailable",complete_card; reference_market; field_size; overround,True,NO-GO,FORWARD GATE NOT MET (9 OF 9 CRITERIA FAILED),False
66dd456cdf7a5bfb02e6,2026-07-27T21:41:12.379971+00:00,2026-07-27T21:41:12.379971+00:00,2026-07-27T13:15:00+00:00,,2026-07-27T14:15:00+01:00,Ayr,kanzi,c3b05cce8f0d3840,Kanzi,paddy_power,WIN,win,12.005,,,,0.0745,13.9056,0.08333333333333333,,,50.0,,,,poor,MODEL NO-GO / FORWARD GATE FORWARD GATE NOT MET (9 OF 9 CRITERIA FAILED),PASS,"runner_history:no_prior_form; calibrated_probability:market_adjusted_only; executable_price:age_unknown; source_health:livescorebet:stale=50465s>900s; source_health:paddy_power:stale=50441s>900s; model_validation:NO-GO; model_validation:logloss_edge_not_significant:delta=-0.18621 ci95=[-0.22507,-0.14620]; model_validation:loses_to_best_devig:shin=1.68568; model_validation:clv_not_positive:mean=-0.13417 ci95_lower=-0.13888; model_validation:drift_gate_failed:going_speed=4.916, horse_career_runs=0.301; min_edge:unavailable; min_expected_value:unavailable",complete_card; reference_market; field_size; overround,True,NO-GO,FORWARD GATE NOT MET (9 OF 9 CRITERIA FAILED),False
aab3fded4e9bd06a7626,2026-07-27T21:41:12.379971+00:00,2026-07-27T21:41:12.379971+00:00,2026-07-27T13:15:00+00:00,,2026-07-27T14:15:00+01:00,Ayr,tegernsee,6bcd005d1dbf1365,Tegernsee,paddy_power,WIN,win,12.005,,,,0.0745,13.9056,0.08333333333333333,,,50.0,,,,poor,MODEL NO-GO / FORWARD GATE FORWARD GATE NOT MET (9 OF 9 CRITERIA FAILED),PASS,"runner_history:no_prior_form; calibrated_probability:market_adjusted_only; executable_price:age_unknown; source_health:livescorebet:stale=50465s>900s; source_health:paddy_power:stale=50441s>900s; model_validation:NO-GO; model_validation:logloss_edge_not_significant:delta=-0.18621 ci95=[-0.22507,-0.14620]; model_validation:loses_to_best_devig:shin=1.68568; model_validation:clv_not_positive:mean=-0.13417 ci95_lower=-0.13888; model_validation:drift_gate_failed:going_speed=4.916, horse_career_runs=0.301; min_edge:unavailable; min_expected_value:unavailable",complete_card; reference_market; field_size; overround,True,NO-GO,FORWARD GATE NOT MET (9 OF 9 CRITERIA FAILED),False
01b07e4ec0aaa9ed288f,2026-07-27T21:41:12.379971+00:00,2026-07-27T21:41:12.379971+00:00,2026-07-27T13:30:00+00:00,,2026-07-27T14:30:00+01:00,Southwell,glenna,7cd3fa296f3a2f86,Glenna,paddy_power,WIN,win,3.5,,,,0.2672,4.3666,0.2857142857142857,,,50.0,,,,poor,MODEL NO-GO / FORWARD GATE FORWARD GATE NOT MET (9 OF 9 CRITERIA FAILED),PASS,"calibrated_probability:market_adjusted_only; executable_price:age_unknown; source_health:livescorebet:stale=50465s>900s; source_health:paddy_power:stale=50441s>900s; model_validation:NO-GO; model_validation:logloss_edge_not_significant:delta=-0.18621 ci95=[-0.22507,-0.14620]; model_validation:loses_to_best_devig:shin=1.68568; model_validation:clv_not_positive:mean=-0.13417 ci95_lower=-0.13888; model_validation:drift_gate_failed:going_speed=4.916, horse_career_runs=0.301; min_edge:unavailable; min_expected_value:unavailable",complete_card; runner_history; reference_market; field_size; overround,True,NO-GO,FORWARD GATE NOT MET (9 OF 9 CRITERIA FAILED),False
6ff101be8543089e230a,2026-07-27T21:41:12.379971+00:00,2026-07-27T21:41:12.379971+00:00,2026-07-27T13:30:00+00:00,,2026-07-27T14:30:00+01:00,Southwell,desertbelle,78c3248f6db9dd32,Desert Belle,livescorebet,WIN,win,4.0,,,,0.2474,4.9904,0.25,,,50.0,,,,poor,MODEL NO-GO / FORWARD GATE FORWARD GATE NOT MET (9 OF 9 CRITERIA FAILED),PASS,"calibrated_probability:market_adjusted_only; executable_price:age_unknown; source_health:livescorebet:stale=50465s>900s; source_health:paddy_power:stale=50441s>900s; model_validation:NO-GO; model_validation:logloss_edge_not_significant:delta=-0.18621 ci95=[-0.22507,-0.14620]; model_validation:loses_to_best_devig:shin=1.68568; model_validation:clv_not_positive:mean=-0.13417 ci95_lower=-0.13888; model_validation:drift_gate_failed:going_speed=4.916, horse_career_runs=0.301; min_edge:unavailable; min_expected_value:unavailable",complete_card; runner_history; reference_market; field_size; overround,True,NO-GO,FORWARD GATE NOT MET (9 OF 9 CRITERIA FAILED),False
78958e17422c2c11572b,2026-07-27T21:41:12.379971+00:00,2026-07-27T21:41:12.379971+00:00,2026-07-27T13:30:00+00:00,,2026-07-27T14:30:00+01:00,Southwell,flashkozo,1a48ca48f9215001,Flash Kozo,paddy_power,WIN,win,4.5,,,,0.1922,5.6142,0.2222222222222222,,,50.0,,,,poor,MODEL NO-GO / FORWARD GATE FORWARD GATE NOT MET (9 OF 9 CRITERIA FAILED),PASS,"calibrated_probability:market_adjusted_only; executable_price:age_unknown; source_health:livescorebet:stale=50465s>900s; source_health:paddy_power:stale=50441s>900s; model_validation:NO-GO; model_validation:logloss_edge_not_significant:delta=-0.18621 ci95=[-0.22507,-0.14620]; model_validation:loses_to_best_devig:shin=1.68568; model_validation:clv_not_positive:mean=-0.13417 ci95_lower=-0.13888; model_validation:drift_gate_failed:going_speed=4.916, horse_career_runs=0.301; min_edge:unavailable; min_expected_value:unavailable",complete_card; runner_history; reference_market; field_size; overround,True,NO-GO,FORWARD GATE NOT MET (9 OF 9 CRITERIA FAILED),False
43f00aa25b257679308c,2026-07-27T21:41:12.379971+00:00,2026-07-27T21:41:12.379971+00:00,2026-07-27T13:30:00+00:00,,2026-07-27T14:30:00+01:00,Southwell,tenison,20df298ab2f33859,Tenison,livescorebet,WIN,win,5.501,,,,0.1765,6.861800000000001,0.18181818181818182,,,50.0,,,,poor,MODEL NO-GO / FORWARD GATE FORWARD GATE NOT MET (9 OF 9 CRITERIA FAILED),PASS,"calibrated_probability:market_adjusted_only; executable_price:age_unknown; source_health:livescorebet:stale=50465s>900s; source_health:paddy_power:stale=50441s>900s; model_validation:NO-GO; model_validation:logloss_edge_not_significant:delta=-0.18621 ci95=[-0.22507,-0.14620]; model_validation:loses_to_best_devig:shin=1.68568; model_validation:clv_not_positive:mean=-0.13417 ci95_lower=-0.13888; model_validation:drift_gate_failed:going_speed=4.916, horse_career_runs=0.301; min_edge:unavailable; min_expected_value:unavailable",complete_card; runner_history; reference_market; field_size; overround,True,NO-GO,FORWARD GATE NOT MET (9 OF 9 CRITERIA FAILED),False
4e3ef44423506d7917d1,2026-07-27T21:41:12.379971+00:00,2026-07-27T21:41:12.379971+00:00,2026-07-27T13:30:00+00:00,,2026-07-27T14:30:00+01:00,Southwell,easwrithdestiny,1d9ed04389ce036c,Easwrith Destiny,livescorebet,WIN,win,7.502,,,,0.1198,9.357000000000001,0.13333333333333333,,,50.0,,,,poor,MODEL NO-GO / FORWARD GATE FORWARD GATE NOT MET (9 OF 9 CRITERIA FAILED),PASS,"calibrated_probability:market_adjusted_only; executable_price:age_unknown; source_health:livescorebet:stale=50465s>900s; source_health:paddy_power:stale=50441s>900s; model_validation:NO-GO; model_validation:logloss_edge_not_significant:delta=-0.18621 ci95=[-0.22507,-0.14620]; model_validation:loses_to_best_devig:shin=1.68568; model_validation:clv_not_positive:mean=-0.13417 ci95_lower=-0.13888; model_validation:drift_gate_failed:going_speed=4.916, horse_career_runs=0.301; min_edge:unavailable; min_expected_value:unavailable",complete_card; runner_history; reference_market; field_size; overround,True,NO-GO,FORWARD GATE NOT MET (9 OF 9 CRITERIA FAILED),False
615d4c7b7d1b0de02d6b,2026-07-27T21:41:12.379971+00:00,2026-07-27T21:41:12.379971+00:00,2026-07-27T13:30:00+00:00,,2026-07-27T14:30:00+01:00,Southwell,itsonlyfun,228ad4cc21e579ae,It's Only Fun,livescorebet,WIN,win,17.007,,,,0.0617,21.2092,0.058823529411764705,,,50.0,,,,poor,MODEL NO-GO / FORWARD GATE FORWARD GATE NOT MET (9 OF 9 CRITERIA FAILED),PASS,"calibrated_probability:market_adjusted_only; executable_price:age_unknown; source_health:livescorebet:stale=50465s>900s; source_health:paddy_power:stale=50441s>900s; model_validation:NO-GO; model_validation:logloss_edge_not_significant:delta=-0.18621 ci95=[-0.22507,-0.14620]; model_validation:loses_to_best_devig:shin=1.68568; model_validation:clv_not_positive:mean=-0.13417 ci95_lower=-0.13888; model_validation:drift_gate_failed:going_speed=4.916, horse_career_runs=0.301; min_edge:unavailable; min_expected_value:unavailable",complete_card; runner_history; reference_market; field_size; overround,True,NO-GO,FORWARD GATE NOT MET (9 OF 9 CRITERIA FAILED),False
7f8266f1c51854da5a94,2026-07-27T21:41:12.379971+00:00,2026-07-27T21:41:12.379971+00:00,2026-07-27T13:30:00+00:00,,2026-07-27T14:30:00+01:00,Southwell,furthermeasure,4dcc5b423c60fb55,Further Measure,paddy_power,WIN,win,14.993,,,,0.0386,18.714000000000002,0.06666666666666667,,,50.0,,,,poor,MODEL NO-GO / FORWARD GATE FORWARD GATE NOT MET (9 OF 9 CRITERIA FAILED),PASS,"calibrated_probability:market_adjusted_only; executable_price:age_unknown; source_health:livescorebet:stale=50465s>900s; source_health:paddy_power:stale=50441s>900s; model_validation:NO-GO; model_validation:logloss_edge_not_significant:delta=-0.18621 ci95=[-0.22507,-0.14620]; model_validation:loses_to_best_devig:shin=1.68568; model_validation:clv_not_positive:mean=-0.13417 ci95_lower=-0.13888; model_validation:drift_gate_failed:going_speed=4.916, horse_career_runs=0.301; min_edge:unavailable; min_expected_value:unavailable",complete_card; runner_history; reference_market; field_size; overround,True,NO-GO,FORWARD GATE NOT MET (9 OF 9 CRITERIA FAILED),False
39e55faa7559502e46b3,2026-07-27T21:41:12.379971+00:00,2026-07-27T21:41:12.379971+00:00,2026-07-27T13:30:00+00:00,,2026-07-27T14:30:00+01:00,Southwell,wavepower,372f086591b08c1e,Wave Power,paddy_power,WIN,win,34.014,,,,0.0031,42.4184,0.029411764705882353,,,50.0,,,,poor,MODEL NO-GO / FORWARD GATE FORWARD GATE NOT MET (9 OF 9 CRITERIA FAILED),PASS,"calibrated_probability:market_adjusted_only; executable_price:age_unknown; source_health:livescorebet:stale=50465s>900s; source_health:paddy_power:stale=50441s>900s; model_validation:NO-GO; model_validation:logloss_edge_not_significant:delta=-0.18621 ci95=[-0.22507,-0.14620]; model_validation:loses_to_best_devig:shin=1.68568; model_validation:clv_not_positive:mean=-0.13417 ci95_lower=-0.13888; model_validation:drift_gate_failed:going_speed=4.916, horse_career_runs=0.301; min_edge:unavailable; min_expected_value:unavailable",complete_card; runner_history; reference_market; field_size; overround,True,NO-GO,FORWARD GATE NOT MET (9 OF 9 CRITERIA FAILED),False
852d33b486b0f2ffc681,2026-07-27T21:41:12.379971+00:00,2026-07-27T21:41:12.379971+00:00,2026-07-27T13:30:00+00:00,,2026-07-27T14:30:00+01:00,Southwell,marbuzet,f38951ccfa0d8bf9,Marbuzet,paddy_power,WIN,win,51.02,,,,0.0182,63.627599999999994,0.0196078431372549,,,50.0,,,,poor,MODEL NO-GO / FORWARD GATE FORWARD GATE NOT MET (9 OF 9 CRITERIA FAILED),PASS,"calibrated_probability:market_adjusted_only; executable_price:age_unknown; source_health:livescorebet:stale=50465s>900s; source_health:paddy_power:stale=50441s>900s; model_validation:NO-GO; model_validation:logloss_edge_not_significant:delta=-0.18621 ci95=[-0.22507,-0.14620]; model_validation:loses_to_best_devig:shin=1.68568; model_validation:clv_not_positive:mean=-0.13417 ci95_lower=-0.13888; model_validation:drift_gate_failed:going_speed=4.916, horse_career_runs=0.301; min_edge:unavailable; min_expected_value:unavailable",complete_card; runner_history; reference_market; field_size; overround,True,NO-GO,FORWARD GATE NOT MET (9 OF 9 CRITERIA FAILED),False
c2be70e33bc01c5c2f71,2026-07-27T21:41:12.379971+00:00,2026-07-27T21:41:12.379971+00:00,2026-07-27T13:45:00+00:00,,2026-07-27T14:45:00+01:00,Ayr,mrcool,a2fef725358209ba,Mr Cool,paddy_power,WIN,win,4.0,,,,0.2311,4.974,0.25,,,50.0,,,,poor,MODEL NO-GO / FORWARD GATE FORWARD GATE NOT MET (9 OF 9 CRITERIA FAILED),PASS,"calibrated_probability:market_adjusted_only; executable_price:age_unknown; source_health:livescorebet:stale=50465s>900s; source_health:paddy_power:stale=50441s>900s; model_validation:NO-GO; model_validation:logloss_edge_not_significant:delta=-0.18621 ci95=[-0.22507,-0.14620]; model_validation:loses_to_best_devig:shin=1.68568; model_validation:clv_not_positive:mean=-0.13417 ci95_lower=-0.13888; model_validation:drift_gate_failed:going_speed=4.916, horse_career_runs=0.301; min_edge:unavailable; min_expected_value:unavailable",complete_card; runner_history; reference_market; field_size; overround,True,NO-GO,FORWARD GATE NOT MET (9 OF 9 CRITERIA FAILED),False
a759cfc625992b7508ac,2026-07-27T21:41:12.379971+00:00,2026-07-27T21:41:12.379971+00:00,2026-07-27T13:45:00+00:00,,2026-07-27T14:45:00+01:00,Ayr,kelpiegrey,177f7f1cd4957545,Kelpie Grey,paddy_power,WIN,win,5.0,,,,0.1127,6.2175,0.2,,,50.0,,,,poor,MODEL NO-GO / FORWARD GATE FORWARD GATE NOT MET (9 OF 9 CRITERIA FAILED),PASS,"calibrated_probability:market_adjusted_only; executable_price:age_unknown; source_health:livescorebet:stale=50465s>900s; source_health:paddy_power:stale=50441s>900s; model_validation:NO-GO; model_validation:logloss_edge_not_significant:delta=-0.18621 ci95=[-0.22507,-0.14620]; model_validation:loses_to_best_devig:shin=1.68568; model_validation:clv_not_positive:mean=-0.13417 ci95_lower=-0.13888; model_validation:drift_gate_failed:going_speed=4.916, horse_career_runs=0.301; min_edge:unavailable; min_expected_value:unavailable",complete_card; runner_history; reference_market; field_size; overround,True,NO-GO,FORWARD GATE NOT MET (9 OF 9 CRITERIA FAILED),False
dd773646c564e658a2ff,2026-07-27T21:41:12.379971+00:00,2026-07-27T21:41:12.379971+00:00,2026-07-27T13:45:00+00:00,,2026-07-27T14:45:00+01:00,Ayr,cotaistarlight,e43ebb8d0e204c45,Cotai Starlight,livescorebet,WIN,win,5.0,,,,0.1603,6.2175,0.2,,,50.0,,,,poor,MODEL NO-GO / FORWARD GATE FORWARD GATE NOT MET (9 OF 9 CRITERIA FAILED),PASS,"calibrated_probability:market_adjusted_only; executable_price:age_unknown; source_health:livescorebet:stale=50465s>900s; source_health:paddy_power:stale=50441s>900s; model_validation:NO-GO; model_validation:logloss_edge_not_significant:delta=-0.18621 ci95=[-0.22507,-0.14620]; model_validation:loses_to_best_devig:shin=1.68568; model_validation:clv_not_positive:mean=-0.13417 ci95_lower=-0.13888; model_validation:drift_gate_failed:going_speed=4.916, horse_career_runs=0.301; min_edge:unavailable; min_expected_value:unavailable",complete_card; runner_history; reference_market; field_size; overround,True,NO-GO,FORWARD GATE NOT MET (9 OF 9 CRITERIA FAILED),False
89faa0c723a21f727447,2026-07-27T21:41:12.379971+00:00,2026-07-27T21:41:12.379971+00:00,2026-07-27T13:45:00+00:00,,2026-07-27T14:45:00+01:00,Ayr,waterofleith,99eff13aa96660de,Water Of Leith,paddy_power,WIN,win,7.502,,,,0.1236,9.32625,0.13333333333333333,,,50.0,,,,poor,MODEL NO-GO / FORWARD GATE FORWARD GATE NOT MET (9 OF 9 CRITERIA FAILED),PASS,"calibrated_probability:market_adjusted_only; executable_price:age_unknown; source_health:livescorebet:stale=50465s>900s; source_health:paddy_power:stale=50441s>900s; model_validation:NO-GO; model_validation:logloss_edge_not_significant:delta=-0.18621 ci95=[-0.22507,-0.14620]; model_validation:loses_to_best_devig:shin=1.68568; model_validation:clv_not_positive:mean=-0.13417 ci95_lower=-0.13888; model_validation:drift_gate_failed:going_speed=4.916, horse_career_runs=0.301; min_edge:unavailable; min_expected_value:unavailable",complete_card; runner_history; reference_market; field_size; overround,True,NO-GO,FORWARD GATE NOT MET (9 OF 9 CRITERIA FAILED),False
4930e70d16872aad6343,2026-07-27T21:41:12.379971+00:00,2026-07-27T21:41:12.379971+00:00,2026-07-27T13:45:00+00:00,,2026-07-27T14:45:00+01:00,Ayr,tapdancer,be602ad0c3bf52fe,Tap Dancer,paddy_power,WIN,win,5.999,,,,0.1179,7.461000000000001,0.16666666666666666,,,50.0,,,,poor,MODEL NO-GO / FORWARD GATE FORWARD GATE NOT MET (9 OF 9 CRITERIA FAILED),PASS,"calibrated_probability:market_adjusted_only; executable_price:age_unknown; source_health:livescorebet:stale=50465s>900s; source_health:paddy_power:stale=50441s>900s; model_validation:NO-GO; model_validation:logloss_edge_not_significant:delta=-0.18621 ci95=[-0.22507,-0.14620]; model_validation:loses_to_best_devig:shin=1.68568; model_validation:clv_not_positive:mean=-0.13417 ci95_lower=-0.13888; model_validation:drift_gate_failed:going_speed=4.916, horse_career_runs=0.301; min_edge:unavailable; min_expected_value:unavailable",complete_card; runner_history; reference_market; field_size; overround,True,NO-GO,FORWARD GATE NOT MET (9 OF 9 CRITERIA FAILED),False
a571f2db14922950a30a,2026-07-27T21:41:12.379971+00:00,2026-07-27T21:41:12.379971+00:00,2026-07-27T13:45:00+00:00,,2026-07-27T14:45:00+01:00,Ayr,greatprofit,22707debd48c81a4,Great Profit,livescorebet,WIN,win,6.502,,,,,8.082749999999999,0.15384615384615385,,,50.0,,,,poor,MODEL NO-GO / FORWARD GATE FORWARD GATE NOT MET (9 OF 9 CRITERIA FAILED),PASS,"calibrated_probability:missing; executable_price:age_unknown; source_health:livescorebet:stale=50465s>900s; source_health:paddy_power:stale=50441s>900s; model_validation:NO-GO; model_validation:logloss_edge_not_significant:delta=-0.18621 ci95=[-0.22507,-0.14620]; model_validation:loses_to_best_devig:shin=1.68568; model_validation:clv_not_positive:mean=-0.13417 ci95_lower=-0.13888; model_validation:drift_gate_failed:going_speed=4.916, horse_career_runs=0.301; min_edge:unavailable; min_expected_value:unavailable",complete_card; runner_history; reference_market; field_size; overround,True,NO-GO,FORWARD GATE NOT MET (9 OF 9 CRITERIA FAILED),False
fb39890e4207269c1f9d,2026-07-27T21:41:12.379971+00:00,2026-07-27T21:41:12.379971+00:00,2026-07-27T13:45:00+00:00,,2026-07-27T14:45:00+01:00,Ayr,lanarra,62f993f2d11bc483,Lanarra,livescorebet,WIN,win,14.993,,,,,18.6525,0.06666666666666667,,,50.0,,,,poor,MODEL NO-GO / FORWARD GATE FORWARD GATE NOT MET (9 OF 9 CRITERIA FAILED),PASS,"calibrated_probability:missing; executable_price:age_unknown; source_health:livescorebet:stale=50465s>900s; source_health:paddy_power:stale=50441s>900s; model_validation:NO-GO; model_validation:logloss_edge_not_significant:delta=-0.18621 ci95=[-0.22507,-0.14620]; model_validation:loses_to_best_devig:shin=1.68568; model_validation:clv_not_positive:mean=-0.13417 ci95_lower=-0.13888; model_validation:drift_gate_failed:going_speed=4.916, horse_career_runs=0.301; min_edge:unavailable; min_expected_value:unavailable",complete_card; runner_history; reference_market; field_size; overround,True,NO-GO,FORWARD GATE NOT MET (9 OF 9 CRITERIA FAILED),False
864d50833171564ff865,2026-07-27T21:41:12.379971+00:00,2026-07-27T21:41:12.379971+00:00,2026-07-27T13:45:00+00:00,,2026-07-27T14:45:00+01:00,Ayr,joshuasdream,27dd8b05a27c48db,Joshuas Dream,paddy_power,WIN,win,25.974,,,,0.032,32.330999999999996,0.038461538461538464,,,50.0,,,,poor,MODEL NO-GO / FORWARD GATE FORWARD GATE NOT MET (9 OF 9 CRITERIA FAILED),PASS,"calibrated_probability:market_adjusted_only; executable_price:age_unknown; source_health:livescorebet:stale=50465s>900s; source_health:paddy_power:stale=50441s>900s; model_validation:NO-GO; model_validation:logloss_edge_not_significant:delta=-0.18621 ci95=[-0.22507,-0.14620]; model_validation:loses_to_best_devig:shin=1.68568; model_validation:clv_not_positive:mean=-0.13417 ci95_lower=-0.13888; model_validation:drift_gate_failed:going_speed=4.916, horse_career_runs=0.301; min_edge:unavailable; min_expected_value:unavailable",complete_card; runner_history; reference_market; field_size; overround,True,NO-GO,FORWARD GATE NOT MET (9 OF 9 CRITERIA FAILED),False
e4f47380db7e23f90833,2026-07-27T21:41:12.379971+00:00,2026-07-27T21:41:12.379971+00:00,2026-07-27T13:45:00+00:00,,2026-07-27T14:45:00+01:00,Ayr,falconqueen,100bbcfee3eb9bc5,Falcon Queen,paddy_power,WIN,win,28.986,,,,0.0316,36.0615,0.034482758620689655,,,50.0,,,,poor,MODEL NO-GO / FORWARD GATE FORWARD GATE NOT MET (9 OF 9 CRITERIA FAILED),PASS,"calibrated_probability:market_adjusted_only; executable_price:age_unknown; source_health:livescorebet:stale=50465s>900s; source_health:paddy_power:stale=50441s>900s; model_validation:NO-GO; model_validation:logloss_edge_not_significant:delta=-0.18621 ci95=[-0.22507,-0.14620]; model_validation:loses_to_best_devig:shin=1.68568; model_validation:clv_not_positive:mean=-0.13417 ci95_lower=-0.13888; model_validation:drift_gate_failed:going_speed=4.916, horse_career_runs=0.301; min_edge:unavailable; min_expected_value:unavailable",complete_card; runner_history; reference_market; field_size; overround,True,NO-GO,FORWARD GATE NOT MET (9 OF 9 CRITERIA FAILED),False
7208bb3a4eed70a37c21,2026-07-27T21:41:12.379971+00:00,2026-07-27T21:41:12.379971+00:00,2026-07-27T14:00:00+00:00,,2026-07-27T15:00:00+01:00,Southwell,humphrey,21daa4905ce08f09,Humphrey,paddy_power,WIN,win,1.84,,,,0.3938,2.451064,0.5434782608695652,,,50.0,,,,poor,MODEL NO-GO / FORWARD GATE FORWARD GATE NOT MET (9 OF 9 CRITERIA FAILED),PASS,"runner_history:no_prior_form; calibrated_probability:market_adjusted_only; executable_price:age_unknown; source_health:livescorebet:stale=50465s>900s; source_health:paddy_power:stale=50441s>900s; model_validation:NO-GO; model_validation:logloss_edge_not_significant:delta=-0.18621 ci95=[-0.22507,-0.14620]; model_validation:loses_to_best_devig:shin=1.68568; model_validation:clv_not_positive:mean=-0.13417 ci95_lower=-0.13888; model_validation:drift_gate_failed:going_speed=4.916, horse_career_runs=0.301; overround:1.3321>1.2500; min_edge:unavailable; min_expected_value:unavailable",complete_card; reference_market; field_size,True,NO-GO,FORWARD GATE NOT MET (9 OF 9 CRITERIA FAILED),False
c00c6a956b8c3ae96ee0,2026-07-27T21:41:12.379971+00:00,2026-07-27T21:41:12.379971+00:00,2026-07-27T14:00:00+00:00,,2026-07-27T15:00:00+01:00,Southwell,kokbastau,2d1f0a78d57d4aaf,Kokbastau,paddy_power,WIN,win,4.35,,,,0.1953,5.7946349999999995,0.2298850574712644,,,50.0,,,,poor,MODEL NO-GO / FORWARD GATE FORWARD GATE NOT MET (9 OF 9 CRITERIA FAILED),PASS,"calibrated_probability:market_adjusted_only; executable_price:age_unknown; source_health:livescorebet:stale=50465s>900s; source_health:paddy_power:stale=50441s>900s; model_validation:NO-GO; model_validation:logloss_edge_not_significant:delta=-0.18621 ci95=[-0.22507,-0.14620]; model_validation:loses_to_best_devig:shin=1.68568; model_validation:clv_not_positive:mean=-0.13417 ci95_lower=-0.13888; model_validation:drift_gate_failed:going_speed=4.916, horse_career_runs=0.301; overround:1.3321>1.2500; min_edge:unavailable; min_expected_value:unavailable",complete_card; runner_history; reference_market; field_size,True,NO-GO,FORWARD GATE NOT MET (9 OF 9 CRITERIA FAILED),False
63238648fcb2b0e02755,2026-07-27T21:41:12.379971+00:00,2026-07-27T21:41:12.379971+00:00,2026-07-27T14:00:00+00:00,,2026-07-27T15:00:00+01:00,Southwell,sharpmove,cb27adb96044a6d5,Sharp Move,paddy_power,WIN,win,8.503,,,,0.1083,11.32285,0.11764705882352941,,,50.0,,,,poor,MODEL NO-GO / FORWARD GATE FORWARD GATE NOT MET (9 OF 9 CRITERIA FAILED),PASS,"calibrated_probability:market_adjusted_only; executable_price:age_unknown; source_health:livescorebet:stale=50465s>900s; source_health:paddy_power:stale=50441s>900s; model_validation:NO-GO; model_validation:logloss_edge_not_significant:delta=-0.18621 ci95=[-0.22507,-0.14620]; model_validation:loses_to_best_devig:shin=1.68568; model_validation:clv_not_positive:mean=-0.13417 ci95_lower=-0.13888; model_validation:drift_gate_failed:going_speed=4.916, horse_career_runs=0.301; overround:1.3321>1.2500; min_edge:unavailable; min_expected_value:unavailable",complete_card; runner_history; reference_market; field_size,True,NO-GO,FORWARD GATE NOT MET (9 OF 9 CRITERIA FAILED),False
b0214477bb71e7c226da,2026-07-27T21:41:12.379971+00:00,2026-07-27T21:41:12.379971+00:00,2026-07-27T14:00:00+00:00,,2026-07-27T15:00:00+01:00,Southwell,hellofriend,8ac128be52e1ead7,Hello Friend,livescorebet,WIN,win,10.0,,,,0.0946,13.321,0.1,,,50.0,,,,poor,MODEL NO-GO / FORWARD GATE FORWARD GATE NOT MET (9 OF 9 CRITERIA FAILED),PASS,"calibrated_probability:market_adjusted_only; executable_price:age_unknown; source_health:livescorebet:stale=50465s>900s; source_health:paddy_power:stale=50441s>900s; model_validation:NO-GO; model_validation:logloss_edge_not_significant:delta=-0.18621 ci95=[-0.22507,-0.14620]; model_validation:loses_to_best_devig:shin=1.68568; model_validation:clv_not_positive:mean=-0.13417 ci95_lower=-0.13888; model_validation:drift_gate_failed:going_speed=4.916, horse_career_runs=0.301; overround:1.3321>1.2500; min_edge:unavailable; min_expected_value:unavailable",complete_card; runner_history; reference_market; field_size,True,NO-GO,FORWARD GATE NOT MET (9 OF 9 CRITERIA FAILED),False
fde6aeeb0eca251d0e5c,2026-07-27T21:41:12.379971+00:00,2026-07-27T21:41:12.379971+00:00,2026-07-27T14:00:00+00:00,,2026-07-27T15:00:00+01:00,Southwell,turret,707d4dd3dd524d82,Turret,paddy_power,WIN,win,11.001,,,,0.077,14.653100000000002,0.09090909090909091,,,50.0,,,,poor,MODEL NO-GO / FORWARD GATE FORWARD GATE NOT MET (9 OF 9 CRITERIA FAILED),PASS,"calibrated_probability:market_adjusted_only; executable_price:age_unknown; source_health:livescorebet:stale=50465s>900s; source_health:paddy_power:stale=50441s>900s; model_validation:NO-GO; model_validation:logloss_edge_not_significant:delta=-0.18621 ci95=[-0.22507,-0.14620]; model_validation:loses_to_best_devig:shin=1.68568; model_validation:clv_not_positive:mean=-0.13417 ci95_lower=-0.13888; model_validation:drift_gate_failed:going_speed=4.916, horse_career_runs=0.301; overround:1.3321>1.2500; min_edge:unavailable; min_expected_value:unavailable",complete_card; runner_history; reference_market; field_size,True,NO-GO,FORWARD GATE NOT MET (9 OF 9 CRITERIA FAILED),False
0dc93ff2a0acdad06bb7,2026-07-27T21:41:12.379971+00:00,2026-07-27T21:41:12.379971+00:00,2026-07-27T14:00:00+00:00,,2026-07-27T15:00:00+01:00,Southwell,centrum,f3536f1b037dbf8a,Centrum,livescorebet,WIN,win,17.007,,,,0.0557,22.6457,0.058823529411764705,,,50.0,,,,poor,MODEL NO-GO / FORWARD GATE FORWARD GATE NOT MET (9 OF 9 CRITERIA FAILED),PASS,"calibrated_probability:market_adjusted_only; executable_price:age_unknown; source_health:livescorebet:stale=50465s>900s; source_health:paddy_power:stale=50441s>900s; model_validation:NO-GO; model_validation:logloss_edge_not_significant:delta=-0.18621 ci95=[-0.22507,-0.14620]; model_validation:loses_to_best_devig:shin=1.68568; model_validation:clv_not_positive:mean=-0.13417 ci95_lower=-0.13888; model_validation:drift_gate_failed:going_speed=4.916, horse_career_runs=0.301; overround:1.3321>1.2500; min_edge:unavailable; min_expected_value:unavailable",complete_card; runner_history; reference_market; field_size,True,NO-GO,FORWARD GATE NOT MET (9 OF 9 CRITERIA FAILED),False
52f22c85a19443486ac4,2026-07-27T21:41:12.379971+00:00,2026-07-27T21:41:12.379971+00:00,2026-07-27T14:00:00+00:00,,2026-07-27T15:00:00+01:00,Southwell,alfredwincham,ea0553823feedc64,Alfred Wincham,paddy_power,WIN,win,14.993,,,,0.0556,19.9815,0.06666666666666667,,,50.0,,,,poor,MODEL NO-GO / FORWARD GATE FORWARD GATE NOT MET (9 OF 9 CRITERIA FAILED),PASS,"runner_history:no_prior_form; calibrated_probability:market_adjusted_only; executable_price:age_unknown; source_health:livescorebet:stale=50465s>900s; source_health:paddy_power:stale=50441s>900s; model_validation:NO-GO; model_validation:logloss_edge_not_significant:delta=-0.18621 ci95=[-0.22507,-0.14620]; model_validation:loses_to_best_devig:shin=1.68568; model_validation:clv_not_positive:mean=-0.13417 ci95_lower=-0.13888; model_validation:drift_gate_failed:going_speed=4.916, horse_career_runs=0.301; overround:1.3321>1.2500; min_edge:unavailable; min_expected_value:unavailable",complete_card; reference_market; field_size,True,NO-GO,FORWARD GATE NOT MET (9 OF 9 CRITERIA FAILED),False
fa184e7f213b719aeb64,2026-07-27T21:41:12.379971+00:00,2026-07-27T21:41:12.379971+00:00,2026-07-27T14:00:00+00:00,,2026-07-27T15:00:00+01:00,Southwell,marianita,3edfdbee73f4f326,Marianita,livescorebet,WIN,win,21.008,,,,0.0486,27.9741,0.047619047619047616,,,50.0,,,,poor,MODEL NO-GO / FORWARD GATE FORWARD GATE NOT MET (9 OF 9 CRITERIA FAILED),PASS,"calibrated_probability:market_adjusted_only; executable_price:age_unknown; source_health:livescorebet:stale=50465s>900s; source_health:paddy_power:stale=50441s>900s; model_validation:NO-GO; model_validation:logloss_edge_not_significant:delta=-0.18621 ci95=[-0.22507,-0.14620]; model_validation:loses_to_best_devig:shin=1.68568; model_validation:clv_not_positive:mean=-0.13417 ci95_lower=-0.13888; model_validation:drift_gate_failed:going_speed=4.916, horse_career_runs=0.301; overround:1.3321>1.2500; min_edge:unavailable; min_expected_value:unavailable",complete_card; runner_history; reference_market; field_size,True,NO-GO,FORWARD GATE NOT MET (9 OF 9 CRITERIA FAILED),False
aac47b13c77b0f2fa418,2026-07-27T21:41:12.379971+00:00,2026-07-27T21:41:12.379971+00:00,2026-07-27T14:00:00+00:00,,2026-07-27T15:00:00+01:00,Southwell,bankatary,fd484b2e64c0a771,Bankatary,paddy_power,WIN,win,28.986,,,,0.0339,38.630900000000004,0.034482758620689655,,,50.0,,,,poor,MODEL NO-GO / FORWARD GATE FORWARD GATE NOT MET (9 OF 9 CRITERIA FAILED),PASS,"calibrated_probability:market_adjusted_only; executable_price:age_unknown; source_health:livescorebet:stale=50465s>900s; source_health:paddy_power:stale=50441s>900s; model_validation:NO-GO; model_validation:logloss_edge_not_significant:delta=-0.18621 ci95=[-0.22507,-0.14620]; model_validation:loses_to_best_devig:shin=1.68568; model_validation:clv_not_positive:mean=-0.13417 ci95_lower=-0.13888; model_validation:drift_gate_failed:going_speed=4.916, horse_career_runs=0.301; overround:1.3321>1.2500; min_edge:unavailable; min_expected_value:unavailable",complete_card; runner_history; reference_market; field_size,True,NO-GO,FORWARD GATE NOT MET (9 OF 9 CRITERIA FAILED),False
07a1e8b19f13fbdcef93,2026-07-27T21:41:12.379971+00:00,2026-07-27T21:41:12.379971+00:00,2026-07-27T14:00:00+00:00,,2026-07-27T15:00:00+01:00,Southwell,eshowe,37744633e810c39e,Eshowe,paddy_power,WIN,win,101.01,,,,0.0092,134.5421,0.009900990099009901,,,50.0,,,,poor,MODEL NO-GO / FORWARD GATE FORWARD GATE NOT MET (9 OF 9 CRITERIA FAILED),PASS,"calibrated_probability:market_adjusted_only; executable_price:age_unknown; source_health:livescorebet:stale=50465s>900s; source_health:paddy_power:stale=50441s>900s; model_validation:NO-GO; model_validation:logloss_edge_not_significant:delta=-0.18621 ci95=[-0.22507,-0.14620]; model_validation:loses_to_best_devig:shin=1.68568; model_validation:clv_not_positive:mean=-0.13417 ci95_lower=-0.13888; model_validation:drift_gate_failed:going_speed=4.916, horse_career_runs=0.301; overround:1.3321>1.2500; min_edge:unavailable; min_expected_value:unavailable",complete_card; runner_history; reference_market; field_size,True,NO-GO,FORWARD GATE NOT MET (9 OF 9 CRITERIA FAILED),False
38520f71bd08921fd73f,2026-07-27T21:41:12.379971+00:00,2026-07-27T21:41:12.379971+00:00,2026-07-27T14:00:00+00:00,,2026-07-27T15:00:00+01:00,Southwell,picnmix,3ba5f1b77c397474,Pic N Mix,paddy_power,WIN,win,126.582,,,,0.0068,167.8446,0.007936507936507936,,,50.0,,,,poor,MODEL NO-GO / FORWARD GATE FORWARD GATE NOT MET (9 OF 9 CRITERIA FAILED),PASS,"calibrated_probability:market_adjusted_only; executable_price:age_unknown; source_health:livescorebet:stale=50465s>900s; source_health:paddy_power:stale=50441s>900s; model_validation:NO-GO; model_validation:logloss_edge_not_significant:delta=-0.18621 ci95=[-0.22507,-0.14620]; model_validation:loses_to_best_devig:shin=1.68568; model_validation:clv_not_positive:mean=-0.13417 ci95_lower=-0.13888; model_validation:drift_gate_failed:going_speed=4.916, horse_career_runs=0.301; overround:1.3321>1.2500; min_edge:unavailable; min_expected_value:unavailable",complete_card; runner_history; reference_market; field_size,True,NO-GO,FORWARD GATE NOT MET (9 OF 9 CRITERIA FAILED),False
c7f46a5b7669cf1cd4d2,2026-07-27T21:41:12.379971+00:00,2026-07-27T21:41:12.379971+00:00,2026-07-27T14:00:00+00:00,,2026-07-27T15:00:00+01:00,Southwell,sandpyper,df7c430066800a26,Sandpyper,paddy_power,WIN,win,101.01,,,,,134.5421,0.009900990099009901,,,50.0,,,,poor,MODEL NO-GO / FORWARD GATE FORWARD GATE NOT MET (9 OF 9 CRITERIA FAILED),PASS,"calibrated_probability:missing; executable_price:age_unknown; source_health:livescorebet:stale=50465s>900s; source_health:paddy_power:stale=50441s>900s; model_validation:NO-GO; model_validation:logloss_edge_not_significant:delta=-0.18621 ci95=[-0.22507,-0.14620]; model_validation:loses_to_best_devig:shin=1.68568; model_validation:clv_not_positive:mean=-0.13417 ci95_lower=-0.13888; model_validation:drift_gate_failed:going_speed=4.916, horse_career_runs=0.301; overround:1.3321>1.2500; min_edge:unavailable; min_expected_value:unavailable",complete_card; runner_history; reference_market; field_size,True,NO-GO,FORWARD GATE NOT MET (9 OF 9 CRITERIA FAILED),False
3ee443f704303ef31286,2026-07-27T21:41:12.379971+00:00,2026-07-27T21:41:12.379971+00:00,2026-07-27T14:00:00+00:00,,2026-07-27T15:00:00+01:00,Southwell,crackofthunder,33b6a87361ac2656,Crack Of Thunder,paddy_power,WIN,win,200.0,,,,0.0059,267.75210000000004,0.004975124378109453,,,50.0,,,,poor,MODEL NO-GO / FORWARD GATE FORWARD GATE NOT MET (9 OF 9 CRITERIA FAILED),PASS,"calibrated_probability:market_adjusted_only; executable_price:age_unknown; source_health:livescorebet:stale=50465s>900s; source_health:paddy_power:stale=50441s>900s; model_validation:NO-GO; model_validation:logloss_edge_not_significant:delta=-0.18621 ci95=[-0.22507,-0.14620]; model_validation:loses_to_best_devig:shin=1.68568; model_validation:clv_not_positive:mean=-0.13417 ci95_lower=-0.13888; model_validation:drift_gate_failed:going_speed=4.916, horse_career_runs=0.301; overround:1.3321>1.2500; min_edge:unavailable; min_expected_value:unavailable",complete_card; runner_history; reference_market; field_size,True,NO-GO,FORWARD GATE NOT MET (9 OF 9 CRITERIA FAILED),False
aa45c3c920e2e3bd992c,2026-07-27T21:41:12.379971+00:00,2026-07-27T21:41:12.379971+00:00,2026-07-27T14:00:00+00:00,,2026-07-27T15:00:00+01:00,Southwell,argenteus,c8a90131d2ccba39,Argenteus,livescorebet,WIN,win,101.01,,,,0.0115,134.5421,0.009900990099009901,,,50.0,,,,poor,MODEL NO-GO / FORWARD GATE FORWARD GATE NOT MET (9 OF 9 CRITERIA FAILED),PASS,"runner_history:no_prior_form; calibrated_probability:market_adjusted_only; executable_price:age_unknown; source_health:livescorebet:stale=50465s>900s; source_health:paddy_power:stale=50441s>900s; model_validation:NO-GO; model_validation:logloss_edge_not_significant:delta=-0.18621 ci95=[-0.22507,-0.14620]; model_validation:loses_to_best_devig:shin=1.68568; model_validation:clv_not_positive:mean=-0.13417 ci95_lower=-0.13888; model_validation:drift_gate_failed:going_speed=4.916, horse_career_runs=0.301; overround:1.3321>1.2500; min_edge:unavailable; min_expected_value:unavailable",complete_card; reference_market; field_size,True,NO-GO,FORWARD GATE NOT MET (9 OF 9 CRITERIA FAILED),False
f5bd1691d3412469505f,2026-07-27T21:41:12.379971+00:00,2026-07-27T21:41:12.379971+00:00,2026-07-27T14:15:00+00:00,,2026-07-27T15:15:00+01:00,Ayr,imperialguard,98ee40f9ef787f52,Imperial Guard,livescorebet,WIN,win,2.0,,,,0.4826,2.293,0.5,,,50.0,,,,poor,MODEL NO-GO / FORWARD GATE FORWARD GATE NOT MET (9 OF 9 CRITERIA FAILED),PASS,"calibrated_probability:market_adjusted_only; executable_price:age_unknown; source_health:livescorebet:stale=50465s>900s; source_health:paddy_power:stale=50441s>900s; model_validation:NO-GO; model_validation:logloss_edge_not_significant:delta=-0.18621 ci95=[-0.22507,-0.14620]; model_validation:loses_to_best_devig:shin=1.68568; model_validation:clv_not_positive:mean=-0.13417 ci95_lower=-0.13888; model_validation:drift_gate_failed:going_speed=4.916, horse_career_runs=0.301; min_edge:unavailable; min_expected_value:unavailable",complete_card; runner_history; reference_market; field_size; overround,True,NO-GO,FORWARD GATE NOT MET (9 OF 9 CRITERIA FAILED),False
224e319ed4a19b559b4a,2026-07-27T21:41:12.379971+00:00,2026-07-27T21:41:12.379971+00:00,2026-07-27T14:15:00+00:00,,2026-07-27T15:15:00+01:00,Ayr,nativehoney,f14f85c7d93b6fa5,Native Honey,livescorebet,WIN,win,4.5,,,,0.1936,5.159250000000001,0.2222222222222222,,,50.0,,,,poor,MODEL NO-GO / FORWARD GATE FORWARD GATE NOT MET (9 OF 9 CRITERIA FAILED),PASS,"calibrated_probability:market_adjusted_only; executable_price:age_unknown; source_health:livescorebet:stale=50465s>900s; source_health:paddy_power:stale=50441s>900s; model_validation:NO-GO; model_validation:logloss_edge_not_significant:delta=-0.18621 ci95=[-0.22507,-0.14620]; model_validation:loses_to_best_devig:shin=1.68568; model_validation:clv_not_positive:mean=-0.13417 ci95_lower=-0.13888; model_validation:drift_gate_failed:going_speed=4.916, horse_career_runs=0.301; min_edge:unavailable; min_expected_value:unavailable",complete_card; runner_history; reference_market; field_size; overround,True,NO-GO,FORWARD GATE NOT MET (9 OF 9 CRITERIA FAILED),False
03d4da9e6d4490f13105,2026-07-27T21:41:12.379971+00:00,2026-07-27T21:41:12.379971+00:00,2026-07-27T14:15:00+00:00,,2026-07-27T15:15:00+01:00,Ayr,forbiddencolours,dbd74393eab7aa72,Forbidden Colours,livescorebet,WIN,win,4.5,,,,0.2234,5.159250000000001,0.2222222222222222,,,50.0,,,,poor,MODEL NO-GO / FORWARD GATE FORWARD GATE NOT MET (9 OF 9 CRITERIA FAILED),PASS,"calibrated_probability:market_adjusted_only; executable_price:age_unknown; source_health:livescorebet:stale=50465s>900s; source_health:paddy_power:stale=50441s>900s; model_validation:NO-GO; model_validation:logloss_edge_not_significant:delta=-0.18621 ci95=[-0.22507,-0.14620]; model_validation:loses_to_best_devig:shin=1.68568; model_validation:clv_not_positive:mean=-0.13417 ci95_lower=-0.13888; model_validation:drift_gate_failed:going_speed=4.916, horse_career_runs=0.301; min_edge:unavailable; min_expected_value:unavailable",complete_card; runner_history; reference_market; field_size; overround,True,NO-GO,FORWARD GATE NOT MET (9 OF 9 CRITERIA FAILED),False
b82f7d4469c031ddcca5,2026-07-27T21:41:12.379971+00:00,2026-07-27T21:41:12.379971+00:00,2026-07-27T14:15:00+00:00,,2026-07-27T15:15:00+01:00,Ayr,abduction,a59d862b1989b777,Abduction,livescorebet,WIN,win,9.001,,,,0.1083,10.318500000000002,0.1111111111111111,,,50.0,,,,poor,MODEL NO-GO / FORWARD GATE FORWARD GATE NOT MET (9 OF 9 CRITERIA FAILED),PASS,"calibrated_probability:market_adjusted_only; executable_price:age_unknown; source_health:livescorebet:stale=50465s>900s; source_health:paddy_power:stale=50441s>900s; model_validation:NO-GO; model_validation:logloss_edge_not_significant:delta=-0.18621 ci95=[-0.22507,-0.14620]; model_validation:loses_to_best_devig:shin=1.68568; model_validation:clv_not_positive:mean=-0.13417 ci95_lower=-0.13888; model_validation:drift_gate_failed:going_speed=4.916, horse_career_runs=0.301; min_edge:unavailable; min_expected_value:unavailable",complete_card; runner_history; reference_market; field_size; overround,True,NO-GO,FORWARD GATE NOT MET (9 OF 9 CRITERIA FAILED),False
4ff9e81da27631ad8e54,2026-07-27T21:41:12.379971+00:00,2026-07-27T21:41:12.379971+00:00,2026-07-27T14:15:00+00:00,,2026-07-27T15:15:00+01:00,Ayr,carmelvalley,69e35a6e81658cb1,Carmel Valley,livescorebet,WIN,win,11.001,,,,0.0825,12.6115,0.09090909090909091,,,50.0,,,,poor,MODEL NO-GO / FORWARD GATE FORWARD GATE NOT MET (9 OF 9 CRITERIA FAILED),PASS,"calibrated_probability:market_adjusted_only; executable_price:age_unknown; source_health:livescorebet:stale=50465s>900s; source_health:paddy_power:stale=50441s>900s; model_validation:NO-GO; model_validation:logloss_edge_not_significant:delta=-0.18621 ci95=[-0.22507,-0.14620]; model_validation:loses_to_best_devig:shin=1.68568; model_validation:clv_not_positive:mean=-0.13417 ci95_lower=-0.13888; model_validation:drift_gate_failed:going_speed=4.916, horse_career_runs=0.301; min_edge:unavailable; min_expected_value:unavailable",complete_card; runner_history; reference_market; field_size; overround,True,NO-GO,FORWARD GATE NOT MET (9 OF 9 CRITERIA FAILED),False
04311556d0620688dbee,2026-07-27T21:41:12.379971+00:00,2026-07-27T21:41:12.379971+00:00,2026-07-27T14:30:00+00:00,,2026-07-27T15:30:00+01:00,Southwell,rocdefer,cfbde5d6c3cbaca0,Roc De Fer,paddy_power,WIN,win,2.75,,,,0.1948,3.7201999999999997,0.36363636363636365,,,50.0,,,,poor,MODEL NO-GO / FORWARD GATE FORWARD GATE NOT MET (9 OF 9 CRITERIA FAILED),PASS,"calibrated_probability:market_adjusted_only; executable_price:age_unknown; source_health:livescorebet:stale=50465s>900s; source_health:paddy_power:stale=50441s>900s; model_validation:NO-GO; model_validation:logloss_edge_not_significant:delta=-0.18621 ci95=[-0.22507,-0.14620]; model_validation:loses_to_best_devig:shin=1.68568; model_validation:clv_not_positive:mean=-0.13417 ci95_lower=-0.13888; model_validation:drift_gate_failed:going_speed=4.916, horse_career_runs=0.301; overround:1.3528>1.2500; min_edge:unavailable; min_expected_value:unavailable",complete_card; runner_history; reference_market; field_size,True,NO-GO,FORWARD GATE NOT MET (9 OF 9 CRITERIA FAILED),False
dcbf74f7421424dd1c4d,2026-07-27T21:41:12.379971+00:00,2026-07-27T21:41:12.379971+00:00,2026-07-27T14:30:00+00:00,,2026-07-27T15:30:00+01:00,Southwell,fansfavourite,8babcfa43e734f62,Fans Favourite,livescorebet,WIN,win,5.0,,,,0.1775,6.763999999999999,0.2,,,50.0,,,,poor,MODEL NO-GO / FORWARD GATE FORWARD GATE NOT MET (9 OF 9 CRITERIA FAILED),PASS,"calibrated_probability:market_adjusted_only; executable_price:age_unknown; source_health:livescorebet:stale=50465s>900s; source_health:paddy_power:stale=50441s>900s; model_validation:NO-GO; model_validation:logloss_edge_not_significant:delta=-0.18621 ci95=[-0.22507,-0.14620]; model_validation:loses_to_best_devig:shin=1.68568; model_validation:clv_not_positive:mean=-0.13417 ci95_lower=-0.13888; model_validation:drift_gate_failed:going_speed=4.916, horse_career_runs=0.301; overround:1.3528>1.2500; min_edge:unavailable; min_expected_value:unavailable",complete_card; runner_history; reference_market; field_size,True,NO-GO,FORWARD GATE NOT MET (9 OF 9 CRITERIA FAILED),False
ea213a9aa822afd715f9,2026-07-27T21:41:12.379971+00:00,2026-07-27T21:41:12.379971+00:00,2026-07-27T14:30:00+00:00,,2026-07-27T15:30:00+01:00,Southwell,jameschoice,3dfd1ac135513b86,James Choice,livescorebet,WIN,win,9.497,,,,0.1013,12.851600000000001,0.10526315789473684,,,50.0,,,,poor,MODEL NO-GO / FORWARD GATE FORWARD GATE NOT MET (9 OF 9 CRITERIA FAILED),PASS,"calibrated_probability:market_adjusted_only; executable_price:age_unknown; source_health:livescorebet:stale=50465s>900s; source_health:paddy_power:stale=50441s>900s; model_validation:NO-GO; model_validation:logloss_edge_not_significant:delta=-0.18621 ci95=[-0.22507,-0.14620]; model_validation:loses_to_best_devig:shin=1.68568; model_validation:clv_not_positive:mean=-0.13417 ci95_lower=-0.13888; model_validation:drift_gate_failed:going_speed=4.916, horse_career_runs=0.301; overround:1.3528>1.2500; min_edge:unavailable; min_expected_value:unavailable",complete_card; runner_history; reference_market; field_size,True,NO-GO,FORWARD GATE NOT MET (9 OF 9 CRITERIA FAILED),False
225e8564345ff620f05a,2026-07-27T21:41:12.379971+00:00,2026-07-27T21:41:12.379971+00:00,2026-07-27T14:30:00+00:00,,2026-07-27T15:30:00+01:00,Southwell,sunlord,a35f10e618322af6,Sun Lord,livescorebet,WIN,win,7.502,,,,0.1198,10.146,0.13333333333333333,,,50.0,,,,poor,MODEL NO-GO / FORWARD GATE FORWARD GATE NOT MET (9 OF 9 CRITERIA FAILED),PASS,"calibrated_probability:market_adjusted_only; executable_price:age_unknown; source_health:livescorebet:stale=50465s>900s; source_health:paddy_power:stale=50441s>900s; model_validation:NO-GO; model_validation:logloss_edge_not_significant:delta=-0.18621 ci95=[-0.22507,-0.14620]; model_validation:loses_to_best_devig:shin=1.68568; model_validation:clv_not_positive:mean=-0.13417 ci95_lower=-0.13888; model_validation:drift_gate_failed:going_speed=4.916, horse_career_runs=0.301; overround:1.3528>1.2500; min_edge:unavailable; min_expected_value:unavailable",complete_card; runner_history; reference_market; field_size,True,NO-GO,FORWARD GATE NOT MET (9 OF 9 CRITERIA FAILED),False
deed7fced6d2dc5660e8,2026-07-27T21:41:12.379971+00:00,2026-07-27T21:41:12.379971+00:00,2026-07-27T14:30:00+00:00,,2026-07-27T15:30:00+01:00,Southwell,seragliopoint,89c6f0399f42fd75,Seraglio Point,livescorebet,WIN,win,11.001,,,,0.0825,14.880799999999999,0.09090909090909091,,,50.0,,,,poor,MODEL NO-GO / FORWARD GATE FORWARD GATE NOT MET (9 OF 9 CRITERIA FAILED),PASS,"calibrated_probability:market_adjusted_only; executable_price:age_unknown; source_health:livescorebet:stale=50465s>900s; source_health:paddy_power:stale=50441s>900s; model_validation:NO-GO; model_validation:logloss_edge_not_significant:delta=-0.18621 ci95=[-0.22507,-0.14620]; model_validation:loses_to_best_devig:shin=1.68568; model_validation:clv_not_positive:mean=-0.13417 ci95_lower=-0.13888; model_validation:drift_gate_failed:going_speed=4.916, horse_career_runs=0.301; overround:1.3528>1.2500; min_edge:unavailable; min_expected_value:unavailable",complete_card; runner_history; reference_market; field_size,True,NO-GO,FORWARD GATE NOT MET (9 OF 9 CRITERIA FAILED),False
4e9815e2c60831b3f4c9,2026-07-27T21:41:12.379971+00:00,2026-07-27T21:41:12.379971+00:00,2026-07-27T14:30:00+00:00,,2026-07-27T15:30:00+01:00,Southwell,princeofcalypso,55606a72ea7f4b6e,Prince Of Calypso,livescorebet,WIN,win,11.001,,,,0.0825,14.880799999999999,0.09090909090909091,,,50.0,,,,poor,MODEL NO-GO / FORWARD GATE FORWARD GATE NOT MET (9 OF 9 CRITERIA FAILED),PASS,"calibrated_probability:market_adjusted_only; executable_price:age_unknown; source_health:livescorebet:stale=50465s>900s; source_health:paddy_power:stale=50441s>900s; model_validation:NO-GO; model_validation:logloss_edge_not_significant:delta=-0.18621 ci95=[-0.22507,-0.14620]; model_validation:loses_to_best_devig:shin=1.68568; model_validation:clv_not_positive:mean=-0.13417 ci95_lower=-0.13888; model_validation:drift_gate_failed:going_speed=4.916, horse_career_runs=0.301; overround:1.3528>1.2500; min_edge:unavailable; min_expected_value:unavailable",complete_card; runner_history; reference_market; field_size,True,NO-GO,FORWARD GATE NOT MET (9 OF 9 CRITERIA FAILED),False
bdb99dd244343fdeb627,2026-07-27T21:41:12.379971+00:00,2026-07-27T21:41:12.379971+00:00,2026-07-27T14:30:00+00:00,,2026-07-27T15:30:00+01:00,Southwell,braveleader,bb8d4c303a166ee2,Brave Leader,livescorebet,WIN,win,9.497,,,,0.0945,12.851600000000001,0.10526315789473684,,,50.0,,,,poor,MODEL NO-GO / FORWARD GATE FORWARD GATE NOT MET (9 OF 9 CRITERIA FAILED),PASS,"calibrated_probability:market_adjusted_only; executable_price:age_unknown; source_health:livescorebet:stale=50465s>900s; source_health:paddy_power:stale=50441s>900s; model_validation:NO-GO; model_validation:logloss_edge_not_significant:delta=-0.18621 ci95=[-0.22507,-0.14620]; model_validation:loses_to_best_devig:shin=1.68568; model_validation:clv_not_positive:mean=-0.13417 ci95_lower=-0.13888; model_validation:drift_gate_failed:going_speed=4.916, horse_career_runs=0.301; overround:1.3528>1.2500; min_edge:unavailable; min_expected_value:unavailable",complete_card; runner_history; reference_market; field_size,True,NO-GO,FORWARD GATE NOT MET (9 OF 9 CRITERIA FAILED),False
75ea826eef0c420fa40a,2026-07-27T21:41:12.379971+00:00,2026-07-27T21:41:12.379971+00:00,2026-07-27T14:30:00+00:00,,2026-07-27T15:30:00+01:00,Southwell,ziggysavenger,48ae430686afbdd2,Ziggy's Avenger,livescorebet,WIN,win,12.005,,,,0.0804,16.2336,0.08333333333333333,,,50.0,,,,poor,MODEL NO-GO / FORWARD GATE FORWARD GATE NOT MET (9 OF 9 CRITERIA FAILED),PASS,"calibrated_probability:market_adjusted_only; executable_price:age_unknown; source_health:livescorebet:stale=50465s>900s; source_health:paddy_power:stale=50441s>900s; model_validation:NO-GO; model_validation:logloss_edge_not_significant:delta=-0.18621 ci95=[-0.22507,-0.14620]; model_validation:loses_to_best_devig:shin=1.68568; model_validation:clv_not_positive:mean=-0.13417 ci95_lower=-0.13888; model_validation:drift_gate_failed:going_speed=4.916, horse_career_runs=0.301; overround:1.3528>1.2500; min_edge:unavailable; min_expected_value:unavailable",complete_card; runner_history; reference_market; field_size,True,NO-GO,FORWARD GATE NOT MET (9 OF 9 CRITERIA FAILED),False
cb6c797034f9d244e545,2026-07-27T21:41:12.379971+00:00,2026-07-27T21:41:12.379971+00:00,2026-07-27T14:30:00+00:00,,2026-07-27T15:30:00+01:00,Southwell,fivemoons,fb5635c68f580ac3,Five Moons,paddy_power,WIN,win,25.974,,,,0.0332,35.1728,0.038461538461538464,,,50.0,,,,poor,MODEL NO-GO / FORWARD GATE FORWARD GATE NOT MET (9 OF 9 CRITERIA FAILED),PASS,"calibrated_probability:market_adjusted_only; executable_price:age_unknown; source_health:livescorebet:stale=50465s>900s; source_health:paddy_power:stale=50441s>900s; model_validation:NO-GO; model_validation:logloss_edge_not_significant:delta=-0.18621 ci95=[-0.22507,-0.14620]; model_validation:loses_to_best_devig:shin=1.68568; model_validation:clv_not_positive:mean=-0.13417 ci95_lower=-0.13888; model_validation:drift_gate_failed:going_speed=4.916, horse_career_runs=0.301; overround:1.3528>1.2500; min_edge:unavailable; min_expected_value:unavailable",complete_card; runner_history; reference_market; field_size,True,NO-GO,FORWARD GATE NOT MET (9 OF 9 CRITERIA FAILED),False
92ce22eb521a9faeeb7b,2026-07-27T21:41:12.379971+00:00,2026-07-27T21:41:12.379971+00:00,2026-07-27T14:30:00+00:00,,2026-07-27T15:30:00+01:00,Southwell,tinsel,140156e27aa4e93b,Tinsel,livescorebet,WIN,win,28.986,,,,0.0332,39.2312,0.034482758620689655,,,50.0,,,,poor,MODEL NO-GO / FORWARD GATE FORWARD GATE NOT MET (9 OF 9 CRITERIA FAILED),PASS,"calibrated_probability:market_adjusted_only; executable_price:age_unknown; source_health:livescorebet:stale=50465s>900s; source_health:paddy_power:stale=50441s>900s; model_validation:NO-GO; model_validation:logloss_edge_not_significant:delta=-0.18621 ci95=[-0.22507,-0.14620]; model_validation:loses_to_best_devig:shin=1.68568; model_validation:clv_not_positive:mean=-0.13417 ci95_lower=-0.13888; model_validation:drift_gate_failed:going_speed=4.916, horse_career_runs=0.301; overround:1.3528>1.2500; min_edge:unavailable; min_expected_value:unavailable",complete_card; runner_history; reference_market; field_size,True,NO-GO,FORWARD GATE NOT MET (9 OF 9 CRITERIA FAILED),False
1706b9ff7185d8845bd5,2026-07-27T21:41:12.379971+00:00,2026-07-27T21:41:12.379971+00:00,2026-07-27T14:30:00+00:00,,2026-07-27T15:30:00+01:00,Southwell,alkumaticjojo,8cbb7c1938bb271f,Alkumatic Jo Jo,paddy_power,WIN,win,25.974,,,,0.0332,35.1728,0.038461538461538464,,,50.0,,,,poor,MODEL NO-GO / FORWARD GATE FORWARD GATE NOT MET (9 OF 9 CRITERIA FAILED),PASS,"calibrated_probability:market_adjusted_only; executable_price:age_unknown; source_health:livescorebet:stale=50465s>900s; source_health:paddy_power:stale=50441s>900s; model_validation:NO-GO; model_validation:logloss_edge_not_significant:delta=-0.18621 ci95=[-0.22507,-0.14620]; model_validation:loses_to_best_devig:shin=1.68568; model_validation:clv_not_positive:mean=-0.13417 ci95_lower=-0.13888; model_validation:drift_gate_failed:going_speed=4.916, horse_career_runs=0.301; overround:1.3528>1.2500; min_edge:unavailable; min_expected_value:unavailable",complete_card; runner_history; reference_market; field_size,True,NO-GO,FORWARD GATE NOT MET (9 OF 9 CRITERIA FAILED),False
95e602ba59d1168853aa,2026-07-27T21:41:12.379971+00:00,2026-07-27T21:41:12.379971+00:00,2026-07-27T14:30:00+00:00,,2026-07-27T15:30:00+01:00,Southwell,misspretty,8ccc9234f9c092dd,Miss Pretty,paddy_power,WIN,win,34.014,,,,0.028,45.995200000000004,0.029411764705882353,,,50.0,,,,poor,MODEL NO-GO / FORWARD GATE FORWARD GATE NOT MET (9 OF 9 CRITERIA FAILED),PASS,"calibrated_probability:market_adjusted_only; executable_price:age_unknown; source_health:livescorebet:stale=50465s>900s; source_health:paddy_power:stale=50441s>900s; model_validation:NO-GO; model_validation:logloss_edge_not_significant:delta=-0.18621 ci95=[-0.22507,-0.14620]; model_validation:loses_to_best_devig:shin=1.68568; model_validation:clv_not_positive:mean=-0.13417 ci95_lower=-0.13888; model_validation:drift_gate_failed:going_speed=4.916, horse_career_runs=0.301; overround:1.3528>1.2500; min_edge:unavailable; min_expected_value:unavailable",complete_card; runner_history; reference_market; field_size,True,NO-GO,FORWARD GATE NOT MET (9 OF 9 CRITERIA FAILED),False
792e7a3f0f479a01c440,2026-07-27T21:41:12.379971+00:00,2026-07-27T21:41:12.379971+00:00,2026-07-27T14:30:00+00:00,,2026-07-27T15:30:00+01:00,Southwell,corallience,2bf3b7efd62640b9,Corallience,paddy_power,WIN,win,40.984,,,,0.0189,55.4648,0.024390243902439025,,,50.0,,,,poor,MODEL NO-GO / FORWARD GATE FORWARD GATE NOT MET (9 OF 9 CRITERIA FAILED),PASS,"calibrated_probability:market_adjusted_only; executable_price:age_unknown; source_health:livescorebet:stale=50465s>900s; source_health:paddy_power:stale=50441s>900s; model_validation:NO-GO; model_validation:logloss_edge_not_significant:delta=-0.18621 ci95=[-0.22507,-0.14620]; model_validation:loses_to_best_devig:shin=1.68568; model_validation:clv_not_positive:mean=-0.13417 ci95_lower=-0.13888; model_validation:drift_gate_failed:going_speed=4.916, horse_career_runs=0.301; overround:1.3528>1.2500; min_edge:unavailable; min_expected_value:unavailable",complete_card; runner_history; reference_market; field_size,True,NO-GO,FORWARD GATE NOT MET (9 OF 9 CRITERIA FAILED),False
9de97f4a440529292e91,2026-07-27T21:41:12.379971+00:00,2026-07-27T21:41:12.379971+00:00,2026-07-27T14:30:00+00:00,,2026-07-27T15:30:00+01:00,Southwell,carwyn,f363b87178a0e418,Carwyn,paddy_power,WIN,win,67.114,,,,,90.6376,0.014925373134328358,,,50.0,,,,poor,MODEL NO-GO / FORWARD GATE FORWARD GATE NOT MET (9 OF 9 CRITERIA FAILED),PASS,"calibrated_probability:missing; executable_price:age_unknown; source_health:livescorebet:stale=50465s>900s; source_health:paddy_power:stale=50441s>900s; model_validation:NO-GO; model_validation:logloss_edge_not_significant:delta=-0.18621 ci95=[-0.22507,-0.14620]; model_validation:loses_to_best_devig:shin=1.68568; model_validation:clv_not_positive:mean=-0.13417 ci95_lower=-0.13888; model_validation:drift_gate_failed:going_speed=4.916, horse_career_runs=0.301; overround:1.3528>1.2500; min_edge:unavailable; min_expected_value:unavailable",complete_card; runner_history; reference_market; field_size,True,NO-GO,FORWARD GATE NOT MET (9 OF 9 CRITERIA FAILED),False
bb16db59d8861de6dbaa,2026-07-27T21:41:12.379971+00:00,2026-07-27T21:41:12.379971+00:00,2026-07-27T14:45:00+00:00,,2026-07-27T15:45:00+01:00,Ayr,runninsonofagun,77296cb09357c684,Runninsonofagun,livescorebet,WIN,win,1.91,,,,0.4491,2.400679,0.5235602094240838,,,50.0,,,,poor,MODEL NO-GO / FORWARD GATE FORWARD GATE NOT MET (9 OF 9 CRITERIA FAILED),PASS,"calibrated_probability:market_adjusted_only; executable_price:age_unknown; source_health:livescorebet:stale=50465s>900s; source_health:paddy_power:stale=50441s>900s; model_validation:NO-GO; model_validation:logloss_edge_not_significant:delta=-0.18621 ci95=[-0.22507,-0.14620]; model_validation:loses_to_best_devig:shin=1.68568; model_validation:clv_not_positive:mean=-0.13417 ci95_lower=-0.13888; model_validation:drift_gate_failed:going_speed=4.916, horse_career_runs=0.301; overround:1.2569>1.2500; min_edge:unavailable; min_expected_value:unavailable",complete_card; runner_history; reference_market; field_size,True,NO-GO,FORWARD GATE NOT MET (9 OF 9 CRITERIA FAILED),False
8fee856d11eca435297d,2026-07-27T21:41:12.379971+00:00,2026-07-27T21:41:12.379971+00:00,2026-07-27T14:45:00+00:00,,2026-07-27T15:45:00+01:00,Ayr,unionisland,caf21854d08bc518,Union Island,livescorebet,WIN,win,7.502,,,,0.132,9.426749999999998,0.13333333333333333,,,50.0,,,,poor,MODEL NO-GO / FORWARD GATE FORWARD GATE NOT MET (9 OF 9 CRITERIA FAILED),PASS,"calibrated_probability:market_adjusted_only; executable_price:age_unknown; source_health:livescorebet:stale=50465s>900s; source_health:paddy_power:stale=50441s>900s; model_validation:NO-GO; model_validation:logloss_edge_not_significant:delta=-0.18621 ci95=[-0.22507,-0.14620]; model_validation:loses_to_best_devig:shin=1.68568; model_validation:clv_not_positive:mean=-0.13417 ci95_lower=-0.13888; model_validation:drift_gate_failed:going_speed=4.916, horse_career_runs=0.301; overround:1.2569>1.2500; min_edge:unavailable; min_expected_value:unavailable",complete_card; runner_history; reference_market; field_size,True,NO-GO,FORWARD GATE NOT MET (9 OF 9 CRITERIA FAILED),False
07f79ed94b5fac2f3168,2026-07-27T21:41:12.379971+00:00,2026-07-27T21:41:12.379971+00:00,2026-07-27T14:45:00+00:00,,2026-07-27T15:45:00+01:00,Ayr,approachingdawn,deb678b344c0cd4f,Approaching Dawn,livescorebet,WIN,win,9.001,,,,0.1003,11.3121,0.1111111111111111,,,50.0,,,,poor,MODEL NO-GO / FORWARD GATE FORWARD GATE NOT MET (9 OF 9 CRITERIA FAILED),PASS,"calibrated_probability:market_adjusted_only; executable_price:age_unknown; source_health:livescorebet:stale=50465s>900s; source_health:paddy_power:stale=50441s>900s; model_validation:NO-GO; model_validation:logloss_edge_not_significant:delta=-0.18621 ci95=[-0.22507,-0.14620]; model_validation:loses_to_best_devig:shin=1.68568; model_validation:clv_not_positive:mean=-0.13417 ci95_lower=-0.13888; model_validation:drift_gate_failed:going_speed=4.916, horse_career_runs=0.301; overround:1.2569>1.2500; min_edge:unavailable; min_expected_value:unavailable",complete_card; runner_history; reference_market; field_size,True,NO-GO,FORWARD GATE NOT MET (9 OF 9 CRITERIA FAILED),False
c958f3d5966a35514e2e,2026-07-27T21:41:12.379971+00:00,2026-07-27T21:41:12.379971+00:00,2026-07-27T14:45:00+00:00,,2026-07-27T15:45:00+01:00,Ayr,novak,6dcbe048eaa95691,Novak,livescorebet,WIN,win,8.0,,,,0.1129,10.0552,0.125,,,50.0,,,,poor,MODEL NO-GO / FORWARD GATE FORWARD GATE NOT MET (9 OF 9 CRITERIA FAILED),PASS,"calibrated_probability:market_adjusted_only; executable_price:age_unknown; source_health:livescorebet:stale=50465s>900s; source_health:paddy_power:stale=50441s>900s; model_validation:NO-GO; model_validation:logloss_edge_not_significant:delta=-0.18621 ci95=[-0.22507,-0.14620]; model_validation:loses_to_best_devig:shin=1.68568; model_validation:clv_not_positive:mean=-0.13417 ci95_lower=-0.13888; model_validation:drift_gate_failed:going_speed=4.916, horse_career_runs=0.301; overround:1.2569>1.2500; min_edge:unavailable; min_expected_value:unavailable",complete_card; runner_history; reference_market; field_size,True,NO-GO,FORWARD GATE NOT MET (9 OF 9 CRITERIA FAILED),False
adb0b646947e1574eb3a,2026-07-27T21:41:12.379971+00:00,2026-07-27T21:41:12.379971+00:00,2026-07-27T14:45:00+00:00,,2026-07-27T15:45:00+01:00,Ayr,keatshouse,0188b57cd79e4732,Keats House,paddy_power,WIN,win,12.005,,,,0.0745,15.082799999999999,0.08333333333333333,,,50.0,,,,poor,MODEL NO-GO / FORWARD GATE FORWARD GATE NOT MET (9 OF 9 CRITERIA FAILED),PASS,"calibrated_probability:market_adjusted_only; executable_price:age_unknown; source_health:livescorebet:stale=50465s>900s; source_health:paddy_power:stale=50441s>900s; model_validation:NO-GO; model_validation:logloss_edge_not_significant:delta=-0.18621 ci95=[-0.22507,-0.14620]; model_validation:loses_to_best_devig:shin=1.68568; model_validation:clv_not_positive:mean=-0.13417 ci95_lower=-0.13888; model_validation:drift_gate_failed:going_speed=4.916, horse_career_runs=0.301; overround:1.2569>1.2500; min_edge:unavailable; min_expected_value:unavailable",complete_card; runner_history; reference_market; field_size,True,NO-GO,FORWARD GATE NOT MET (9 OF 9 CRITERIA FAILED),False
cf95bfc44efc69bc58cf,2026-07-27T21:41:12.379971+00:00,2026-07-27T21:41:12.379971+00:00,2026-07-27T14:45:00+00:00,,2026-07-27T15:45:00+01:00,Ayr,spiritofnature,ad6de954abb7f23b,Spirit Of Nature,paddy_power,WIN,win,13.004,,,,0.063,16.339699999999997,0.07692307692307693,,,50.0,,,,poor,MODEL NO-GO / FORWARD GATE FORWARD GATE NOT MET (9 OF 9 CRITERIA FAILED),PASS,"calibrated_probability:market_adjusted_only; executable_price:age_unknown; source_health:livescorebet:stale=50465s>900s; source_health:paddy_power:stale=50441s>900s; model_validation:NO-GO; model_validation:logloss_edge_not_significant:delta=-0.18621 ci95=[-0.22507,-0.14620]; model_validation:loses_to_best_devig:shin=1.68568; model_validation:clv_not_positive:mean=-0.13417 ci95_lower=-0.13888; model_validation:drift_gate_failed:going_speed=4.916, horse_career_runs=0.301; overround:1.2569>1.2500; min_edge:unavailable; min_expected_value:unavailable",complete_card; runner_history; reference_market; field_size,True,NO-GO,FORWARD GATE NOT MET (9 OF 9 CRITERIA FAILED),False
5852c2cd8c7bae740d27,2026-07-27T21:41:12.379971+00:00,2026-07-27T21:41:12.379971+00:00,2026-07-27T14:45:00+00:00,,2026-07-27T15:45:00+01:00,Ayr,samrastar,5822d9805a6f6345,Samra Star,livescorebet,WIN,win,11.001,,,,0.0825,13.825899999999999,0.09090909090909091,,,50.0,,,,poor,MODEL NO-GO / FORWARD GATE FORWARD GATE NOT MET (9 OF 9 CRITERIA FAILED),PASS,"calibrated_probability:market_adjusted_only; executable_price:age_unknown; source_health:livescorebet:stale=50465s>900s; source_health:paddy_power:stale=50441s>900s; model_validation:NO-GO; model_validation:logloss_edge_not_significant:delta=-0.18621 ci95=[-0.22507,-0.14620]; model_validation:loses_to_best_devig:shin=1.68568; model_validation:clv_not_positive:mean=-0.13417 ci95_lower=-0.13888; model_validation:drift_gate_failed:going_speed=4.916, horse_career_runs=0.301; overround:1.2569>1.2500; min_edge:unavailable; min_expected_value:unavailable",complete_card; runner_history; reference_market; field_size,True,NO-GO,FORWARD GATE NOT MET (9 OF 9 CRITERIA FAILED),False
8bae4cdd9f00b2b6e8f6,2026-07-27T21:41:12.379971+00:00,2026-07-27T21:41:12.379971+00:00,2026-07-27T14:45:00+00:00,,2026-07-27T15:45:00+01:00,Ayr,mayorofmaghera,1303147a559fd47a,Mayor Of Maghera,paddy_power,WIN,win,12.005,,,,,15.082799999999999,0.08333333333333333,,,50.0,,,,poor,MODEL NO-GO / FORWARD GATE FORWARD GATE NOT MET (9 OF 9 CRITERIA FAILED),PASS,"calibrated_probability:missing; executable_price:age_unknown; source_health:livescorebet:stale=50465s>900s; source_health:paddy_power:stale=50441s>900s; model_validation:NO-GO; model_validation:logloss_edge_not_significant:delta=-0.18621 ci95=[-0.22507,-0.14620]; model_validation:loses_to_best_devig:shin=1.68568; model_validation:clv_not_positive:mean=-0.13417 ci95_lower=-0.13888; model_validation:drift_gate_failed:going_speed=4.916, horse_career_runs=0.301; overround:1.2569>1.2500; min_edge:unavailable; min_expected_value:unavailable",complete_card; runner_history; reference_market; field_size,True,NO-GO,FORWARD GATE NOT MET (9 OF 9 CRITERIA FAILED),False
0e07ac628681e7a4b185,2026-07-27T21:41:12.379971+00:00,2026-07-27T21:41:12.379971+00:00,2026-07-27T14:45:00+00:00,,2026-07-27T15:45:00+01:00,Ayr,eeetee,6a762ef90178faf5,Eeetee,paddy_power,WIN,win,34.014,,,,,42.7346,0.029411764705882353,,,50.0,,,,poor,MODEL NO-GO / FORWARD GATE FORWARD GATE NOT MET (9 OF 9 CRITERIA FAILED),PASS,"calibrated_probability:missing; executable_price:age_unknown; source_health:livescorebet:stale=50465s>900s; source_health:paddy_power:stale=50441s>900s; model_validation:NO-GO; model_validation:logloss_edge_not_significant:delta=-0.18621 ci95=[-0.22507,-0.14620]; model_validation:loses_to_best_devig:shin=1.68568; model_validation:clv_not_positive:mean=-0.13417 ci95_lower=-0.13888; model_validation:drift_gate_failed:going_speed=4.916, horse_career_runs=0.301; overround:1.2569>1.2500; min_edge:unavailable; min_expected_value:unavailable",complete_card; runner_history; reference_market; field_size,True,NO-GO,FORWARD GATE NOT MET (9 OF 9 CRITERIA FAILED),False
a70bdd484a803d092415,2026-07-27T21:41:12.379971+00:00,2026-07-27T21:41:12.379971+00:00,2026-07-27T15:00:00+00:00,,2026-07-27T16:00:00+01:00,Southwell,venetianlion,c33c3999b6303bf1,Venetian Lion,paddy_power,WIN,win,3.75,,,,0.2152,5.1453750000000005,0.26666666666666666,,,50.0,,,,poor,MODEL NO-GO / FORWARD GATE FORWARD GATE NOT MET (9 OF 9 CRITERIA FAILED),PASS,"calibrated_probability:market_adjusted_only; executable_price:age_unknown; source_health:livescorebet:stale=50465s>900s; source_health:paddy_power:stale=50441s>900s; model_validation:NO-GO; model_validation:logloss_edge_not_significant:delta=-0.18621 ci95=[-0.22507,-0.14620]; model_validation:loses_to_best_devig:shin=1.68568; model_validation:clv_not_positive:mean=-0.13417 ci95_lower=-0.13888; model_validation:drift_gate_failed:going_speed=4.916, horse_career_runs=0.301; overround:1.3721>1.2500; min_edge:unavailable; min_expected_value:unavailable",complete_card; runner_history; reference_market; field_size,True,NO-GO,FORWARD GATE NOT MET (9 OF 9 CRITERIA FAILED),False
0b36480fc5baaa7135a0,2026-07-27T21:41:12.379971+00:00,2026-07-27T21:41:12.379971+00:00,2026-07-27T15:00:00+00:00,,2026-07-27T16:00:00+01:00,Southwell,sagremor,06f8d61346388a1d,Sagremor,paddy_power,WIN,win,6.998,,,,0.1422,9.604700000000001,0.14285714285714285,,,50.0,,,,poor,MODEL NO-GO / FORWARD GATE FORWARD GATE NOT MET (9 OF 9 CRITERIA FAILED),PASS,"calibrated_probability:market_adjusted_only; executable_price:age_unknown; source_health:livescorebet:stale=50465s>900s; source_health:paddy_power:stale=50441s>900s; model_validation:NO-GO; model_validation:logloss_edge_not_significant:delta=-0.18621 ci95=[-0.22507,-0.14620]; model_validation:loses_to_best_devig:shin=1.68568; model_validation:clv_not_positive:mean=-0.13417 ci95_lower=-0.13888; model_validation:drift_gate_failed:going_speed=4.916, horse_career_runs=0.301; overround:1.3721>1.2500; min_edge:unavailable; min_expected_value:unavailable",complete_card; runner_history; reference_market; field_size,True,NO-GO,FORWARD GATE NOT MET (9 OF 9 CRITERIA FAILED),False
17465fdf9afb2f23f109,2026-07-27T21:41:12.379971+00:00,2026-07-27T21:41:12.379971+00:00,2026-07-27T15:00:00+00:00,,2026-07-27T16:00:00+01:00,Southwell,kianiking,44a57cfe0e735359,Kiani King,livescorebet,WIN,win,5.0,,,,0.1603,6.8605,0.2,,,50.0,,,,poor,MODEL NO-GO / FORWARD GATE FORWARD GATE NOT MET (9 OF 9 CRITERIA FAILED),PASS,"calibrated_probability:market_adjusted_only; executable_price:age_unknown; source_health:livescorebet:stale=50465s>900s; source_health:paddy_power:stale=50441s>900s; model_validation:NO-GO; model_validation:logloss_edge_not_significant:delta=-0.18621 ci95=[-0.22507,-0.14620]; model_validation:loses_to_best_devig:shin=1.68568; model_validation:clv_not_positive:mean=-0.13417 ci95_lower=-0.13888; model_validation:drift_gate_failed:going_speed=4.916, horse_career_runs=0.301; overround:1.3721>1.2500; min_edge:unavailable; min_expected_value:unavailable",complete_card; runner_history; reference_market; field_size,True,NO-GO,FORWARD GATE NOT MET (9 OF 9 CRITERIA FAILED),False
c038da3fc1a45f705a74,2026-07-27T21:41:12.379971+00:00,2026-07-27T21:41:12.379971+00:00,2026-07-27T15:00:00+00:00,,2026-07-27T16:00:00+01:00,Southwell,backatone,c3cd5bf11db76fbb,Back At One,livescorebet,WIN,win,5.501,,,,0.1384,7.54655,0.18181818181818182,,,50.0,,,,poor,MODEL NO-GO / FORWARD GATE FORWARD GATE NOT MET (9 OF 9 CRITERIA FAILED),PASS,"calibrated_probability:market_adjusted_only; executable_price:age_unknown; source_health:livescorebet:stale=50465s>900s; source_health:paddy_power:stale=50441s>900s; model_validation:NO-GO; model_validation:logloss_edge_not_significant:delta=-0.18621 ci95=[-0.22507,-0.14620]; model_validation:loses_to_best_devig:shin=1.68568; model_validation:clv_not_positive:mean=-0.13417 ci95_lower=-0.13888; model_validation:drift_gate_failed:going_speed=4.916, horse_career_runs=0.301; overround:1.3721>1.2500; min_edge:unavailable; min_expected_value:unavailable",complete_card; runner_history; reference_market; field_size,True,NO-GO,FORWARD GATE NOT MET (9 OF 9 CRITERIA FAILED),False
2e45908a3f9599f55943,2026-07-27T21:41:12.379971+00:00,2026-07-27T21:41:12.379971+00:00,2026-07-27T15:00:00+00:00,,2026-07-27T16:00:00+01:00,Southwell,cobaltcomet,e6a33eb8d4dee956,Cobalt Comet,livescorebet,WIN,win,7.502,,,,0.1198,10.290750000000001,0.13333333333333333,,,50.0,,,,poor,MODEL NO-GO / FORWARD GATE FORWARD GATE NOT MET (9 OF 9 CRITERIA FAILED),PASS,"calibrated_probability:market_adjusted_only; executable_price:age_unknown; source_health:livescorebet:stale=50465s>900s; source_health:paddy_power:stale=50441s>900s; model_validation:NO-GO; model_validation:logloss_edge_not_significant:delta=-0.18621 ci95=[-0.22507,-0.14620]; model_validation:loses_to_best_devig:shin=1.68568; model_validation:clv_not_positive:mean=-0.13417 ci95_lower=-0.13888; model_validation:drift_gate_failed:going_speed=4.916, horse_career_runs=0.301; overround:1.3721>1.2500; min_edge:unavailable; min_expected_value:unavailable",complete_card; runner_history; reference_market; field_size,True,NO-GO,FORWARD GATE NOT MET (9 OF 9 CRITERIA FAILED),False
8de01b30f957f58137e8,2026-07-27T21:41:12.379971+00:00,2026-07-27T21:41:12.379971+00:00,2026-07-27T15:00:00+00:00,,2026-07-27T16:00:00+01:00,Southwell,hatamoto,8081653b701b7431,Hatamoto,paddy_power,WIN,win,7.502,,,,0.1171,10.290750000000001,0.13333333333333333,,,50.0,,,,poor,MODEL NO-GO / FORWARD GATE FORWARD GATE NOT MET (9 OF 9 CRITERIA FAILED),PASS,"calibrated_probability:market_adjusted_only; executable_price:age_unknown; source_health:livescorebet:stale=50465s>900s; source_health:paddy_power:stale=50441s>900s; model_validation:NO-GO; model_validation:logloss_edge_not_significant:delta=-0.18621 ci95=[-0.22507,-0.14620]; model_validation:loses_to_best_devig:shin=1.68568; model_validation:clv_not_positive:mean=-0.13417 ci95_lower=-0.13888; model_validation:drift_gate_failed:going_speed=4.916, horse_career_runs=0.301; overround:1.3721>1.2500; min_edge:unavailable; min_expected_value:unavailable",complete_card; runner_history; reference_market; field_size,True,NO-GO,FORWARD GATE NOT MET (9 OF 9 CRITERIA FAILED),False
b94f6ad4b58b15e2b966,2026-07-27T21:41:12.379971+00:00,2026-07-27T21:41:12.379971+00:00,2026-07-27T15:00:00+00:00,,2026-07-27T16:00:00+01:00,Southwell,thisonesforyou,49c7611e185d5284,Thisonesforyou,paddy_power,WIN,win,9.497,,,,0.0891,13.034950000000002,0.10526315789473684,,,50.0,,,,poor,MODEL NO-GO / FORWARD GATE FORWARD GATE NOT MET (9 OF 9 CRITERIA FAILED),PASS,"calibrated_probability:market_adjusted_only; executable_price:age_unknown; source_health:livescorebet:stale=50465s>900s; source_health:paddy_power:stale=50441s>900s; model_validation:NO-GO; model_validation:logloss_edge_not_significant:delta=-0.18621 ci95=[-0.22507,-0.14620]; model_validation:loses_to_best_devig:shin=1.68568; model_validation:clv_not_positive:mean=-0.13417 ci95_lower=-0.13888; model_validation:drift_gate_failed:going_speed=4.916, horse_career_runs=0.301; overround:1.3721>1.2500; min_edge:unavailable; min_expected_value:unavailable",complete_card; runner_history; reference_market; field_size,True,NO-GO,FORWARD GATE NOT MET (9 OF 9 CRITERIA FAILED),False
9543dac15980b2d5b6c9,2026-07-27T21:41:12.379971+00:00,2026-07-27T21:41:12.379971+00:00,2026-07-27T15:00:00+00:00,,2026-07-27T16:00:00+01:00,Southwell,topathemorning,0b5faf8ffbe4764b,Topathemorning,paddy_power,WIN,win,22.989,,,,0.036,31.558300000000003,0.043478260869565216,,,50.0,,,,poor,MODEL NO-GO / FORWARD GATE FORWARD GATE NOT MET (9 OF 9 CRITERIA FAILED),PASS,"calibrated_probability:market_adjusted_only; executable_price:age_unknown; source_health:livescorebet:stale=50465s>900s; source_health:paddy_power:stale=50441s>900s; model_validation:NO-GO; model_validation:logloss_edge_not_significant:delta=-0.18621 ci95=[-0.22507,-0.14620]; model_validation:loses_to_best_devig:shin=1.68568; model_validation:clv_not_positive:mean=-0.13417 ci95_lower=-0.13888; model_validation:drift_gate_failed:going_speed=4.916, horse_career_runs=0.301; overround:1.3721>1.2500; min_edge:unavailable; min_expected_value:unavailable",complete_card; runner_history; reference_market; field_size,True,NO-GO,FORWARD GATE NOT MET (9 OF 9 CRITERIA FAILED),False
05b7d22e2629aaf8d015,2026-07-27T21:41:12.379971+00:00,2026-07-27T21:41:12.379971+00:00,2026-07-27T15:00:00+00:00,,2026-07-27T16:00:00+01:00,Southwell,telfyboy,086a72338b5c9d5b,Telfy Boy,livescorebet,WIN,win,28.986,,,,0.0332,39.79090000000001,0.034482758620689655,,,50.0,,,,poor,MODEL NO-GO / FORWARD GATE FORWARD GATE NOT MET (9 OF 9 CRITERIA FAILED),PASS,"calibrated_probability:market_adjusted_only; executable_price:age_unknown; source_health:livescorebet:stale=50465s>900s; source_health:paddy_power:stale=50441s>900s; model_validation:NO-GO; model_validation:logloss_edge_not_significant:delta=-0.18621 ci95=[-0.22507,-0.14620]; model_validation:loses_to_best_devig:shin=1.68568; model_validation:clv_not_positive:mean=-0.13417 ci95_lower=-0.13888; model_validation:drift_gate_failed:going_speed=4.916, horse_career_runs=0.301; overround:1.3721>1.2500; min_edge:unavailable; min_expected_value:unavailable",complete_card; runner_history; reference_market; field_size,True,NO-GO,FORWARD GATE NOT MET (9 OF 9 CRITERIA FAILED),False
ff6a76711915937b7220,2026-07-27T21:41:12.379971+00:00,2026-07-27T21:41:12.379971+00:00,2026-07-27T15:00:00+00:00,,2026-07-27T16:00:00+01:00,Southwell,medyg,36ba89c84d7b1683,Medyg,paddy_power,WIN,win,28.986,,,,0.0316,39.79090000000001,0.034482758620689655,,,50.0,,,,poor,MODEL NO-GO / FORWARD GATE FORWARD GATE NOT MET (9 OF 9 CRITERIA FAILED),PASS,"calibrated_probability:market_adjusted_only; executable_price:age_unknown; source_health:livescorebet:stale=50465s>900s; source_health:paddy_power:stale=50441s>900s; model_validation:NO-GO; model_validation:logloss_edge_not_significant:delta=-0.18621 ci95=[-0.22507,-0.14620]; model_validation:loses_to_best_devig:shin=1.68568; model_validation:clv_not_positive:mean=-0.13417 ci95_lower=-0.13888; model_validation:drift_gate_failed:going_speed=4.916, horse_career_runs=0.301; overround:1.3721>1.2500; min_edge:unavailable; min_expected_value:unavailable",complete_card; runner_history; reference_market; field_size,True,NO-GO,FORWARD GATE NOT MET (9 OF 9 CRITERIA FAILED),False
aa9acadef4c3ce2984d2,2026-07-27T21:41:12.379971+00:00,2026-07-27T21:41:12.379971+00:00,2026-07-27T15:00:00+00:00,,2026-07-27T16:00:00+01:00,Southwell,fillyeilish,7025703e25c264a5,Filly Eilish,livescorebet,WIN,win,21.008,,,,0.0367,28.8141,0.047619047619047616,,,50.0,,,,poor,MODEL NO-GO / FORWARD GATE FORWARD GATE NOT MET (9 OF 9 CRITERIA FAILED),PASS,"calibrated_probability:market_adjusted_only; executable_price:age_unknown; source_health:livescorebet:stale=50465s>900s; source_health:paddy_power:stale=50441s>900s; model_validation:NO-GO; model_validation:logloss_edge_not_significant:delta=-0.18621 ci95=[-0.22507,-0.14620]; model_validation:loses_to_best_devig:shin=1.68568; model_validation:clv_not_positive:mean=-0.13417 ci95_lower=-0.13888; model_validation:drift_gate_failed:going_speed=4.916, horse_career_runs=0.301; overround:1.3721>1.2500; min_edge:unavailable; min_expected_value:unavailable",complete_card; runner_history; reference_market; field_size,True,NO-GO,FORWARD GATE NOT MET (9 OF 9 CRITERIA FAILED),False
532fb77658ffc008f3bf,2026-07-27T21:41:12.379971+00:00,2026-07-27T21:41:12.379971+00:00,2026-07-27T15:00:00+00:00,,2026-07-27T16:00:00+01:00,Southwell,alkaios,b429ba1719fecce9,Alkaios,paddy_power,WIN,win,40.984,,,,0.0214,56.2561,0.024390243902439025,,,50.0,,,,poor,MODEL NO-GO / FORWARD GATE FORWARD GATE NOT MET (9 OF 9 CRITERIA FAILED),PASS,"calibrated_probability:market_adjusted_only; executable_price:age_unknown; source_health:livescorebet:stale=50465s>900s; source_health:paddy_power:stale=50441s>900s; model_validation:NO-GO; model_validation:logloss_edge_not_significant:delta=-0.18621 ci95=[-0.22507,-0.14620]; model_validation:loses_to_best_devig:shin=1.68568; model_validation:clv_not_positive:mean=-0.13417 ci95_lower=-0.13888; model_validation:drift_gate_failed:going_speed=4.916, horse_career_runs=0.301; overround:1.3721>1.2500; min_edge:unavailable; min_expected_value:unavailable",complete_card; runner_history; reference_market; field_size,True,NO-GO,FORWARD GATE NOT MET (9 OF 9 CRITERIA FAILED),False
23bb8601ea83298a32f9,2026-07-27T21:41:12.379971+00:00,2026-07-27T21:41:12.379971+00:00,2026-07-27T15:00:00+00:00,,2026-07-27T16:00:00+01:00,Southwell,bosompals,1917cb6e7f63a8a8,Bosom Pals,paddy_power,WIN,win,40.984,,,,0.0189,56.2561,0.024390243902439025,,,50.0,,,,poor,MODEL NO-GO / FORWARD GATE FORWARD GATE NOT MET (9 OF 9 CRITERIA FAILED),PASS,"calibrated_probability:market_adjusted_only; executable_price:age_unknown; source_health:livescorebet:stale=50465s>900s; source_health:paddy_power:stale=50441s>900s; model_validation:NO-GO; model_validation:logloss_edge_not_significant:delta=-0.18621 ci95=[-0.22507,-0.14620]; model_validation:loses_to_best_devig:shin=1.68568; model_validation:clv_not_positive:mean=-0.13417 ci95_lower=-0.13888; model_validation:drift_gate_failed:going_speed=4.916, horse_career_runs=0.301; overround:1.3721>1.2500; min_edge:unavailable; min_expected_value:unavailable",complete_card; runner_history; reference_market; field_size,True,NO-GO,FORWARD GATE NOT MET (9 OF 9 CRITERIA FAILED),False
05927daf085f7e582a21,2026-07-27T21:41:12.379971+00:00,2026-07-27T21:41:12.379971+00:00,2026-07-27T15:15:00+00:00,,2026-07-27T16:15:00+01:00,Ayr,empirical,ac0110c11787c4cd,Empirical,paddy_power,WIN,win,1.8,,,,0.5342,2.1203999999999996,0.5555555555555556,,,50.0,,,,poor,MODEL NO-GO / FORWARD GATE FORWARD GATE NOT MET (9 OF 9 CRITERIA FAILED),PASS,"calibrated_probability:market_adjusted_only; executable_price:age_unknown; source_health:livescorebet:stale=50465s>900s; source_health:paddy_power:stale=50441s>900s; model_validation:NO-GO; model_validation:logloss_edge_not_significant:delta=-0.18621 ci95=[-0.22507,-0.14620]; model_validation:loses_to_best_devig:shin=1.68568; model_validation:clv_not_positive:mean=-0.13417 ci95_lower=-0.13888; model_validation:drift_gate_failed:going_speed=4.916, horse_career_runs=0.301; min_edge:unavailable; min_expected_value:unavailable",complete_card; runner_history; reference_market; field_size; overround,True,NO-GO,FORWARD GATE NOT MET (9 OF 9 CRITERIA FAILED),False
92f35ea3f06939c683b3,2026-07-27T21:41:12.379971+00:00,2026-07-27T21:41:12.379971+00:00,2026-07-27T15:15:00+00:00,,2026-07-27T16:15:00+01:00,Ayr,pearleye,0bff9749f0c161a2,Pearl Eye,livescorebet,WIN,win,3.25,,,,0.0758,3.8284999999999996,0.3076923076923077,,,50.0,,,,poor,MODEL NO-GO / FORWARD GATE FORWARD GATE NOT MET (9 OF 9 CRITERIA FAILED),PASS,"calibrated_probability:market_adjusted_only; executable_price:age_unknown; source_health:livescorebet:stale=50465s>900s; source_health:paddy_power:stale=50441s>900s; model_validation:NO-GO; model_validation:logloss_edge_not_significant:delta=-0.18621 ci95=[-0.22507,-0.14620]; model_validation:loses_to_best_devig:shin=1.68568; model_validation:clv_not_positive:mean=-0.13417 ci95_lower=-0.13888; model_validation:drift_gate_failed:going_speed=4.916, horse_career_runs=0.301; min_edge:unavailable; min_expected_value:unavailable",complete_card; runner_history; reference_market; field_size; overround,True,NO-GO,FORWARD GATE NOT MET (9 OF 9 CRITERIA FAILED),False
917b263d61f9881f56fc,2026-07-27T21:41:12.379971+00:00,2026-07-27T21:41:12.379971+00:00,2026-07-27T15:15:00+00:00,,2026-07-27T16:15:00+01:00,Ayr,colourband,c3b601d61aaa4780,Colourband,paddy_power,WIN,win,6.998,,,,0.1456,8.246,0.14285714285714285,,,50.0,,,,poor,MODEL NO-GO / FORWARD GATE FORWARD GATE NOT MET (9 OF 9 CRITERIA FAILED),PASS,"calibrated_probability:market_adjusted_only; executable_price:age_unknown; source_health:livescorebet:stale=50465s>900s; source_health:paddy_power:stale=50441s>900s; model_validation:NO-GO; model_validation:logloss_edge_not_significant:delta=-0.18621 ci95=[-0.22507,-0.14620]; model_validation:loses_to_best_devig:shin=1.68568; model_validation:clv_not_positive:mean=-0.13417 ci95_lower=-0.13888; model_validation:drift_gate_failed:going_speed=4.916, horse_career_runs=0.301; min_edge:unavailable; min_expected_value:unavailable",complete_card; runner_history; reference_market; field_size; overround,True,NO-GO,FORWARD GATE NOT MET (9 OF 9 CRITERIA FAILED),False
e2f23f7ccdafd9647108,2026-07-27T21:41:12.379971+00:00,2026-07-27T21:41:12.379971+00:00,2026-07-27T15:15:00+00:00,,2026-07-27T16:15:00+01:00,Ayr,geo,09a0518901277481,Geo,paddy_power,WIN,win,9.497,,,,0.0868,11.191,0.10526315789473684,,,50.0,,,,poor,MODEL NO-GO / FORWARD GATE FORWARD GATE NOT MET (9 OF 9 CRITERIA FAILED),PASS,"calibrated_probability:market_adjusted_only; executable_price:age_unknown; source_health:livescorebet:stale=50465s>900s; source_health:paddy_power:stale=50441s>900s; model_validation:NO-GO; model_validation:logloss_edge_not_significant:delta=-0.18621 ci95=[-0.22507,-0.14620]; model_validation:loses_to_best_devig:shin=1.68568; model_validation:clv_not_positive:mean=-0.13417 ci95_lower=-0.13888; model_validation:drift_gate_failed:going_speed=4.916, horse_career_runs=0.301; min_edge:unavailable; min_expected_value:unavailable",complete_card; runner_history; reference_market; field_size; overround,True,NO-GO,FORWARD GATE NOT MET (9 OF 9 CRITERIA FAILED),False
59ce03a07fd0ca645f04,2026-07-27T21:41:12.379971+00:00,2026-07-27T21:41:12.379971+00:00,2026-07-27T15:15:00+00:00,,2026-07-27T16:15:00+01:00,Ayr,alpinesierra,61d93737672116a2,Alpine Sierra,livescorebet,WIN,win,14.993,,,,0.0709,17.67,0.06666666666666667,,,50.0,,,,poor,MODEL NO-GO / FORWARD GATE FORWARD GATE NOT MET (9 OF 9 CRITERIA FAILED),PASS,"calibrated_probability:market_adjusted_only; executable_price:age_unknown; source_health:livescorebet:stale=50465s>900s; source_health:paddy_power:stale=50441s>900s; model_validation:NO-GO; model_validation:logloss_edge_not_significant:delta=-0.18621 ci95=[-0.22507,-0.14620]; model_validation:loses_to_best_devig:shin=1.68568; model_validation:clv_not_positive:mean=-0.13417 ci95_lower=-0.13888; model_validation:drift_gate_failed:going_speed=4.916, horse_career_runs=0.301; min_edge:unavailable; min_expected_value:unavailable",complete_card; runner_history; reference_market; field_size; overround,True,NO-GO,FORWARD GATE NOT MET (9 OF 9 CRITERIA FAILED),False
49c5e7d98b47632ca728,2026-07-27T21:41:12.379971+00:00,2026-07-27T21:41:12.379971+00:00,2026-07-27T15:30:00+00:00,,2026-07-27T16:30:00+01:00,Southwell,risingtiger,48205beaea0eb264,Rising Tiger,paddy_power,WIN,win,1.5,,,,0.5827,2.0577,0.6666666666666666,,,50.0,,,,poor,MODEL NO-GO / FORWARD GATE FORWARD GATE NOT MET (9 OF 9 CRITERIA FAILED),PASS,"runner_history:no_prior_form; calibrated_probability:market_adjusted_only; executable_price:age_unknown; source_health:livescorebet:stale=50465s>900s; source_health:paddy_power:stale=50441s>900s; model_validation:NO-GO; model_validation:logloss_edge_not_significant:delta=-0.18621 ci95=[-0.22507,-0.14620]; model_validation:loses_to_best_devig:shin=1.68568; model_validation:clv_not_positive:mean=-0.13417 ci95_lower=-0.13888; model_validation:drift_gate_failed:going_speed=4.916, horse_career_runs=0.301; overround:1.3718>1.2500; min_edge:unavailable; min_expected_value:unavailable",complete_card; reference_market; field_size,True,NO-GO,FORWARD GATE NOT MET (9 OF 9 CRITERIA FAILED),False
77107a4f99ba2da94e6e,2026-07-27T21:41:12.379971+00:00,2026-07-27T21:41:12.379971+00:00,2026-07-27T15:30:00+00:00,,2026-07-27T16:30:00+01:00,Southwell,bullrider,3b6ba6664378724c,Bullrider,paddy_power,WIN,win,2.63,,,,0.1931,3.607833999999999,0.3802281368821293,,,50.0,,,,poor,MODEL NO-GO / FORWARD GATE FORWARD GATE NOT MET (9 OF 9 CRITERIA FAILED),PASS,"runner_history:no_prior_form; calibrated_probability:market_adjusted_only; executable_price:age_unknown; source_health:livescorebet:stale=50465s>900s; source_health:paddy_power:stale=50441s>900s; model_validation:NO-GO; model_validation:logloss_edge_not_significant:delta=-0.18621 ci95=[-0.22507,-0.14620]; model_validation:loses_to_best_devig:shin=1.68568; model_validation:clv_not_positive:mean=-0.13417 ci95_lower=-0.13888; model_validation:drift_gate_failed:going_speed=4.916, horse_career_runs=0.301; overround:1.3718>1.2500; min_edge:unavailable; min_expected_value:unavailable",complete_card; reference_market; field_size,True,NO-GO,FORWARD GATE NOT MET (9 OF 9 CRITERIA FAILED),False
c55444fc06cd5e94f7b4,2026-07-27T21:41:12.379971+00:00,2026-07-27T21:41:12.379971+00:00,2026-07-27T15:30:00+00:00,,2026-07-27T16:30:00+01:00,Southwell,roosike,20b00cad8a0231ca,Roosike,paddy_power,WIN,win,9.001,,,,0.0891,12.3462,0.1111111111111111,,,50.0,,,,poor,MODEL NO-GO / FORWARD GATE FORWARD GATE NOT MET (9 OF 9 CRITERIA FAILED),PASS,"runner_history:no_prior_form; calibrated_probability:market_adjusted_only; executable_price:age_unknown; source_health:livescorebet:stale=50465s>900s; source_health:paddy_power:stale=50441s>900s; model_validation:NO-GO; model_validation:logloss_edge_not_significant:delta=-0.18621 ci95=[-0.22507,-0.14620]; model_validation:loses_to_best_devig:shin=1.68568; model_validation:clv_not_positive:mean=-0.13417 ci95_lower=-0.13888; model_validation:drift_gate_failed:going_speed=4.916, horse_career_runs=0.301; overround:1.3718>1.2500; min_edge:unavailable; min_expected_value:unavailable",complete_card; reference_market; field_size,True,NO-GO,FORWARD GATE NOT MET (9 OF 9 CRITERIA FAILED),False
10e418e18c7c3fb5a0f2,2026-07-27T21:41:12.379971+00:00,2026-07-27T21:41:12.379971+00:00,2026-07-27T15:30:00+00:00,,2026-07-27T16:30:00+01:00,Southwell,zambezishark,0279d1c00fd149b0,Zambezi Shark,paddy_power,WIN,win,40.984,,,,0.0257,56.24379999999999,0.024390243902439025,,,50.0,,,,poor,MODEL NO-GO / FORWARD GATE FORWARD GATE NOT MET (9 OF 9 CRITERIA FAILED),PASS,"calibrated_probability:market_adjusted_only; executable_price:age_unknown; source_health:livescorebet:stale=50465s>900s; source_health:paddy_power:stale=50441s>900s; model_validation:NO-GO; model_validation:logloss_edge_not_significant:delta=-0.18621 ci95=[-0.22507,-0.14620]; model_validation:loses_to_best_devig:shin=1.68568; model_validation:clv_not_positive:mean=-0.13417 ci95_lower=-0.13888; model_validation:drift_gate_failed:going_speed=4.916, horse_career_runs=0.301; overround:1.3718>1.2500; min_edge:unavailable; min_expected_value:unavailable",complete_card; runner_history; reference_market; field_size,True,NO-GO,FORWARD GATE NOT MET (9 OF 9 CRITERIA FAILED),False
eafd81d7425bb13887a8,2026-07-27T21:41:12.379971+00:00,2026-07-27T21:41:12.379971+00:00,2026-07-27T15:30:00+00:00,,2026-07-27T16:30:00+01:00,Southwell,hirambingham,516b5f1ac422963f,Hiram Bingham,paddy_power,WIN,win,19.011,,,,0.0417,26.0642,0.05263157894736842,,,50.0,,,,poor,MODEL NO-GO / FORWARD GATE FORWARD GATE NOT MET (9 OF 9 CRITERIA FAILED),PASS,"runner_history:no_prior_form; calibrated_probability:market_adjusted_only; executable_price:age_unknown; source_health:livescorebet:stale=50465s>900s; source_health:paddy_power:stale=50441s>900s; model_validation:NO-GO; model_validation:logloss_edge_not_significant:delta=-0.18621 ci95=[-0.22507,-0.14620]; model_validation:loses_to_best_devig:shin=1.68568; model_validation:clv_not_positive:mean=-0.13417 ci95_lower=-0.13888; model_validation:drift_gate_failed:going_speed=4.916, horse_career_runs=0.301; overround:1.3718>1.2500; min_edge:unavailable; min_expected_value:unavailable",complete_card; reference_market; field_size,True,NO-GO,FORWARD GATE NOT MET (9 OF 9 CRITERIA FAILED),False
c8c8af6d846be4eaf657,2026-07-27T21:41:12.379971+00:00,2026-07-27T21:41:12.379971+00:00,2026-07-27T15:30:00+00:00,,2026-07-27T16:30:00+01:00,Southwell,realedition,f06c1d50ea900a29,Real Edition,paddy_power,WIN,win,40.984,,,,0.0215,56.24379999999999,0.024390243902439025,,,50.0,,,,poor,MODEL NO-GO / FORWARD GATE FORWARD GATE NOT MET (9 OF 9 CRITERIA FAILED),PASS,"calibrated_probability:market_adjusted_only; executable_price:age_unknown; source_health:livescorebet:stale=50465s>900s; source_health:paddy_power:stale=50441s>900s; model_validation:NO-GO; model_validation:logloss_edge_not_significant:delta=-0.18621 ci95=[-0.22507,-0.14620]; model_validation:loses_to_best_devig:shin=1.68568; model_validation:clv_not_positive:mean=-0.13417 ci95_lower=-0.13888; model_validation:drift_gate_failed:going_speed=4.916, horse_career_runs=0.301; overround:1.3718>1.2500; min_edge:unavailable; min_expected_value:unavailable",complete_card; runner_history; reference_market; field_size,True,NO-GO,FORWARD GATE NOT MET (9 OF 9 CRITERIA FAILED),False
0b61277b3d36f07468d3,2026-07-27T21:41:12.379971+00:00,2026-07-27T21:41:12.379971+00:00,2026-07-27T15:30:00+00:00,,2026-07-27T16:30:00+01:00,Southwell,peaberry,bf474d432353edf3,Peaberry,paddy_power,WIN,win,34.014,,,,0.025,46.6412,0.029411764705882353,,,50.0,,,,poor,MODEL NO-GO / FORWARD GATE FORWARD GATE NOT MET (9 OF 9 CRITERIA FAILED),PASS,"runner_history:no_prior_form; calibrated_probability:market_adjusted_only; executable_price:age_unknown; source_health:livescorebet:stale=50465s>900s; source_health:paddy_power:stale=50441s>900s; model_validation:NO-GO; model_validation:logloss_edge_not_significant:delta=-0.18621 ci95=[-0.22507,-0.14620]; model_validation:loses_to_best_devig:shin=1.68568; model_validation:clv_not_positive:mean=-0.13417 ci95_lower=-0.13888; model_validation:drift_gate_failed:going_speed=4.916, horse_career_runs=0.301; overround:1.3718>1.2500; min_edge:unavailable; min_expected_value:unavailable",complete_card; reference_market; field_size,True,NO-GO,FORWARD GATE NOT MET (9 OF 9 CRITERIA FAILED),False
6516ae198cd9e41b070c,2026-07-27T21:41:12.379971+00:00,2026-07-27T21:41:12.379971+00:00,2026-07-27T15:30:00+00:00,,2026-07-27T16:30:00+01:00,Southwell,astralcalling,0f819c8a4c4135ec,Astral Calling,paddy_power,WIN,win,40.984,,,,0.0214,56.24379999999999,0.024390243902439025,,,50.0,,,,poor,MODEL NO-GO / FORWARD GATE FORWARD GATE NOT MET (9 OF 9 CRITERIA FAILED),PASS,"runner_history:no_prior_form; calibrated_probability:market_adjusted_only; executable_price:age_unknown; source_health:livescorebet:stale=50465s>900s; source_health:paddy_power:stale=50441s>900s; model_validation:NO-GO; model_validation:logloss_edge_not_significant:delta=-0.18621 ci95=[-0.22507,-0.14620]; model_validation:loses_to_best_devig:shin=1.68568; model_validation:clv_not_positive:mean=-0.13417 ci95_lower=-0.13888; model_validation:drift_gate_failed:going_speed=4.916, horse_career_runs=0.301; overround:1.3718>1.2500; min_edge:unavailable; min_expected_value:unavailable",complete_card; reference_market; field_size,True,NO-GO,FORWARD GATE NOT MET (9 OF 9 CRITERIA FAILED),False
4c02cfacf531dc8b7980,2026-07-27T21:41:12.379971+00:00,2026-07-27T21:41:12.379971+00:00,2026-07-27T15:30:00+00:00,,2026-07-27T16:30:00+01:00,Southwell,lopefernza,7caad1f995e5105a,Lopefernza,paddy_power,WIN,win,40.984,,,,0.0214,56.24379999999999,0.024390243902439025,,,50.0,,,,poor,MODEL NO-GO / FORWARD GATE FORWARD GATE NOT MET (9 OF 9 CRITERIA FAILED),PASS,"runner_history:no_prior_form; calibrated_probability:market_adjusted_only; executable_price:age_unknown; source_health:livescorebet:stale=50465s>900s; source_health:paddy_power:stale=50441s>900s; model_validation:NO-GO; model_validation:logloss_edge_not_significant:delta=-0.18621 ci95=[-0.22507,-0.14620]; model_validation:loses_to_best_devig:shin=1.68568; model_validation:clv_not_positive:mean=-0.13417 ci95_lower=-0.13888; model_validation:drift_gate_failed:going_speed=4.916, horse_career_runs=0.301; overround:1.3718>1.2500; min_edge:unavailable; min_expected_value:unavailable",complete_card; reference_market; field_size,True,NO-GO,FORWARD GATE NOT MET (9 OF 9 CRITERIA FAILED),False
6511fdbc557fcc64eb7b,2026-07-27T21:41:12.379971+00:00,2026-07-27T21:41:12.379971+00:00,2026-07-27T15:30:00+00:00,,2026-07-27T16:30:00+01:00,Southwell,brazilianblitz,1efd32d7d5beb966,Brazilian Blitz,paddy_power,WIN,win,51.02,,,,0.018,69.9618,0.0196078431372549,,,50.0,,,,poor,MODEL NO-GO / FORWARD GATE FORWARD GATE NOT MET (9 OF 9 CRITERIA FAILED),PASS,"runner_history:no_prior_form; calibrated_probability:market_adjusted_only; executable_price:age_unknown; source_health:livescorebet:stale=50465s>900s; source_health:paddy_power:stale=50441s>900s; model_validation:NO-GO; model_validation:logloss_edge_not_significant:delta=-0.18621 ci95=[-0.22507,-0.14620]; model_validation:loses_to_best_devig:shin=1.68568; model_validation:clv_not_positive:mean=-0.13417 ci95_lower=-0.13888; model_validation:drift_gate_failed:going_speed=4.916, horse_career_runs=0.301; overround:1.3718>1.2500; min_edge:unavailable; min_expected_value:unavailable",complete_card; reference_market; field_size,True,NO-GO,FORWARD GATE NOT MET (9 OF 9 CRITERIA FAILED),False
62ad01e11d7cdb54d19e,2026-07-27T21:41:12.379971+00:00,2026-07-27T21:41:12.379971+00:00,2026-07-27T15:30:00+00:00,,2026-07-27T16:30:00+01:00,Southwell,bigbadstorm,18bfb66797edf943,Big Bad Storm,paddy_power,WIN,win,126.582,,,,,172.8468,0.007936507936507936,,,50.0,,,,poor,MODEL NO-GO / FORWARD GATE FORWARD GATE NOT MET (9 OF 9 CRITERIA FAILED),PASS,"calibrated_probability:missing; executable_price:age_unknown; source_health:livescorebet:stale=50465s>900s; source_health:paddy_power:stale=50441s>900s; model_validation:NO-GO; model_validation:logloss_edge_not_significant:delta=-0.18621 ci95=[-0.22507,-0.14620]; model_validation:loses_to_best_devig:shin=1.68568; model_validation:clv_not_positive:mean=-0.13417 ci95_lower=-0.13888; model_validation:drift_gate_failed:going_speed=4.916, horse_career_runs=0.301; overround:1.3718>1.2500; min_edge:unavailable; min_expected_value:unavailable",complete_card; runner_history; reference_market; field_size,True,NO-GO,FORWARD GATE NOT MET (9 OF 9 CRITERIA FAILED),False
c1724ff16d20292fe24e,2026-07-27T21:41:12.379971+00:00,2026-07-27T21:41:12.379971+00:00,2026-07-27T15:30:00+00:00,,2026-07-27T16:30:00+01:00,Southwell,brondesbury,87bbf9177e3a6f24,Brondesbury,paddy_power,WIN,win,151.515,,,,0.0059,207.14179999999996,0.006622516556291391,,,50.0,,,,poor,MODEL NO-GO / FORWARD GATE FORWARD GATE NOT MET (9 OF 9 CRITERIA FAILED),PASS,"runner_history:no_prior_form; calibrated_probability:market_adjusted_only; executable_price:age_unknown; source_health:livescorebet:stale=50465s>900s; source_health:paddy_power:stale=50441s>900s; model_validation:NO-GO; model_validation:logloss_edge_not_significant:delta=-0.18621 ci95=[-0.22507,-0.14620]; model_validation:loses_to_best_devig:shin=1.68568; model_validation:clv_not_positive:mean=-0.13417 ci95_lower=-0.13888; model_validation:drift_gate_failed:going_speed=4.916, horse_career_runs=0.301; overround:1.3718>1.2500; min_edge:unavailable; min_expected_value:unavailable",complete_card; reference_market; field_size,True,NO-GO,FORWARD GATE NOT MET (9 OF 9 CRITERIA FAILED),False
215f351bca229400d3b7,2026-07-27T21:41:12.379971+00:00,2026-07-27T21:41:12.379971+00:00,2026-07-27T15:45:00+00:00,,2026-07-27T16:45:00+01:00,Ayr,doontheglen,1703ae4c589cc808,Doon The Glen,livescorebet,WIN,win,5.0,,,,0.2019,5.9935,0.2,,,50.0,,,,poor,MODEL NO-GO / FORWARD GATE FORWARD GATE NOT MET (9 OF 9 CRITERIA FAILED),PASS,"calibrated_probability:market_adjusted_only; executable_price:age_unknown; source_health:livescorebet:stale=50465s>900s; source_health:paddy_power:stale=50441s>900s; model_validation:NO-GO; model_validation:logloss_edge_not_significant:delta=-0.18621 ci95=[-0.22507,-0.14620]; model_validation:loses_to_best_devig:shin=1.68568; model_validation:clv_not_positive:mean=-0.13417 ci95_lower=-0.13888; model_validation:drift_gate_failed:going_speed=4.916, horse_career_runs=0.301; min_edge:unavailable; min_expected_value:unavailable",complete_card; runner_history; reference_market; field_size; overround,True,NO-GO,FORWARD GATE NOT MET (9 OF 9 CRITERIA FAILED),False
44876ed3316df0065f0b,2026-07-27T21:41:12.379971+00:00,2026-07-27T21:41:12.379971+00:00,2026-07-27T15:45:00+00:00,,2026-07-27T16:45:00+01:00,Ayr,weemary,8d02c76d621edd54,Wee Mary,livescorebet,WIN,win,7.502,,,,0.132,8.99025,0.13333333333333333,,,50.0,,,,poor,MODEL NO-GO / FORWARD GATE FORWARD GATE NOT MET (9 OF 9 CRITERIA FAILED),PASS,"calibrated_probability:market_adjusted_only; executable_price:age_unknown; source_health:livescorebet:stale=50465s>900s; source_health:paddy_power:stale=50441s>900s; model_validation:NO-GO; model_validation:logloss_edge_not_significant:delta=-0.18621 ci95=[-0.22507,-0.14620]; model_validation:loses_to_best_devig:shin=1.68568; model_validation:clv_not_positive:mean=-0.13417 ci95_lower=-0.13888; model_validation:drift_gate_failed:going_speed=4.916, horse_career_runs=0.301; min_edge:unavailable; min_expected_value:unavailable",complete_card; runner_history; reference_market; field_size; overround,True,NO-GO,FORWARD GATE NOT MET (9 OF 9 CRITERIA FAILED),False
d81ae20b123a39fe35db,2026-07-27T21:41:12.379971+00:00,2026-07-27T21:41:12.379971+00:00,2026-07-27T15:45:00+00:00,,2026-07-27T16:45:00+01:00,Ayr,supremissy,6c9a30f50ecd1c2d,Supremissy,livescorebet,WIN,win,5.999,,,,0.143,7.192200000000001,0.16666666666666666,,,50.0,,,,poor,MODEL NO-GO / FORWARD GATE FORWARD GATE NOT MET (9 OF 9 CRITERIA FAILED),PASS,"calibrated_probability:market_adjusted_only; executable_price:age_unknown; source_health:livescorebet:stale=50465s>900s; source_health:paddy_power:stale=50441s>900s; model_validation:NO-GO; model_validation:logloss_edge_not_significant:delta=-0.18621 ci95=[-0.22507,-0.14620]; model_validation:loses_to_best_devig:shin=1.68568; model_validation:clv_not_positive:mean=-0.13417 ci95_lower=-0.13888; model_validation:drift_gate_failed:going_speed=4.916, horse_career_runs=0.301; min_edge:unavailable; min_expected_value:unavailable",complete_card; runner_history; reference_market; field_size; overround,True,NO-GO,FORWARD GATE NOT MET (9 OF 9 CRITERIA FAILED),False
16908df891aeef580c65,2026-07-27T21:41:12.379971+00:00,2026-07-27T21:41:12.379971+00:00,2026-07-27T15:45:00+00:00,,2026-07-27T16:45:00+01:00,Ayr,summerstormsdream,d13c0215b34e3e98,Summerstorms Dream,livescorebet,WIN,win,6.998,,,,0.1271,8.3909,0.14285714285714285,,,50.0,,,,poor,MODEL NO-GO / FORWARD GATE FORWARD GATE NOT MET (9 OF 9 CRITERIA FAILED),PASS,"runner_history:no_prior_form; calibrated_probability:market_adjusted_only; executable_price:age_unknown; source_health:livescorebet:stale=50465s>900s; source_health:paddy_power:stale=50441s>900s; model_validation:NO-GO; model_validation:logloss_edge_not_significant:delta=-0.18621 ci95=[-0.22507,-0.14620]; model_validation:loses_to_best_devig:shin=1.68568; model_validation:clv_not_positive:mean=-0.13417 ci95_lower=-0.13888; model_validation:drift_gate_failed:going_speed=4.916, horse_career_runs=0.301; min_edge:unavailable; min_expected_value:unavailable",complete_card; reference_market; field_size; overround,True,NO-GO,FORWARD GATE NOT MET (9 OF 9 CRITERIA FAILED),False
4dc4cb18d20da3901462,2026-07-27T21:41:12.379971+00:00,2026-07-27T21:41:12.379971+00:00,2026-07-27T15:45:00+00:00,,2026-07-27T16:45:00+01:00,Ayr,startling,59feb530dfedb084,Startling,livescorebet,WIN,win,5.0,,,,,5.9935,0.2,,,50.0,,,,poor,MODEL NO-GO / FORWARD GATE FORWARD GATE NOT MET (9 OF 9 CRITERIA FAILED),PASS,"calibrated_probability:missing; executable_price:age_unknown; source_health:livescorebet:stale=50465s>900s; source_health:paddy_power:stale=50441s>900s; model_validation:NO-GO; model_validation:logloss_edge_not_significant:delta=-0.18621 ci95=[-0.22507,-0.14620]; model_validation:loses_to_best_devig:shin=1.68568; model_validation:clv_not_positive:mean=-0.13417 ci95_lower=-0.13888; model_validation:drift_gate_failed:going_speed=4.916, horse_career_runs=0.301; min_edge:unavailable; min_expected_value:unavailable",complete_card; runner_history; reference_market; field_size; overround,True,NO-GO,FORWARD GATE NOT MET (9 OF 9 CRITERIA FAILED),False
ea1eaff91daa09f7efe5,2026-07-27T21:41:12.379971+00:00,2026-07-27T21:41:12.379971+00:00,2026-07-27T15:45:00+00:00,,2026-07-27T16:45:00+01:00,Ayr,skiangel,eb805b099152c169,Ski Angel,paddy_power,WIN,win,9.001,,,,0.087,10.788300000000001,0.1111111111111111,,,50.0,,,,poor,MODEL NO-GO / FORWARD GATE FORWARD GATE NOT MET (9 OF 9 CRITERIA FAILED),PASS,"calibrated_probability:market_adjusted_only; executable_price:age_unknown; source_health:livescorebet:stale=50465s>900s; source_health:paddy_power:stale=50441s>900s; model_validation:NO-GO; model_validation:logloss_edge_not_significant:delta=-0.18621 ci95=[-0.22507,-0.14620]; model_validation:loses_to_best_devig:shin=1.68568; model_validation:clv_not_positive:mean=-0.13417 ci95_lower=-0.13888; model_validation:drift_gate_failed:going_speed=4.916, horse_career_runs=0.301; min_edge:unavailable; min_expected_value:unavailable",complete_card; runner_history; reference_market; field_size; overround,True,NO-GO,FORWARD GATE NOT MET (9 OF 9 CRITERIA FAILED),False
054c772d89b31c9e1dc7,2026-07-27T21:41:12.379971+00:00,2026-07-27T21:41:12.379971+00:00,2026-07-27T15:45:00+00:00,,2026-07-27T16:45:00+01:00,Ayr,royalduke,9be654cca5da44a1,Royal Duke,livescorebet,WIN,win,11.001,,,,0.0825,13.1857,0.09090909090909091,,,50.0,,,,poor,MODEL NO-GO / FORWARD GATE FORWARD GATE NOT MET (9 OF 9 CRITERIA FAILED),PASS,"runner_history:no_prior_form; calibrated_probability:market_adjusted_only; executable_price:age_unknown; source_health:livescorebet:stale=50465s>900s; source_health:paddy_power:stale=50441s>900s; model_validation:NO-GO; model_validation:logloss_edge_not_significant:delta=-0.18621 ci95=[-0.22507,-0.14620]; model_validation:loses_to_best_devig:shin=1.68568; model_validation:clv_not_positive:mean=-0.13417 ci95_lower=-0.13888; model_validation:drift_gate_failed:going_speed=4.916, horse_career_runs=0.301; min_edge:unavailable; min_expected_value:unavailable",complete_card; reference_market; field_size; overround,True,NO-GO,FORWARD GATE NOT MET (9 OF 9 CRITERIA FAILED),False
c89ce08deec2f9563464,2026-07-27T21:41:12.379971+00:00,2026-07-27T21:41:12.379971+00:00,2026-07-27T15:45:00+00:00,,2026-07-27T16:45:00+01:00,Ayr,heneryhawk,4bc0855d2a348252,Henery Hawk,livescorebet,WIN,win,13.004,,,,0.0745,15.583099999999998,0.07692307692307693,,,50.0,,,,poor,MODEL NO-GO / FORWARD GATE FORWARD GATE NOT MET (9 OF 9 CRITERIA FAILED),PASS,"calibrated_probability:market_adjusted_only; executable_price:age_unknown; source_health:livescorebet:stale=50465s>900s; source_health:paddy_power:stale=50441s>900s; model_validation:NO-GO; model_validation:logloss_edge_not_significant:delta=-0.18621 ci95=[-0.22507,-0.14620]; model_validation:loses_to_best_devig:shin=1.68568; model_validation:clv_not_positive:mean=-0.13417 ci95_lower=-0.13888; model_validation:drift_gate_failed:going_speed=4.916, horse_career_runs=0.301; min_edge:unavailable; min_expected_value:unavailable",complete_card; runner_history; reference_market; field_size; overround,True,NO-GO,FORWARD GATE NOT MET (9 OF 9 CRITERIA FAILED),False
9bae9f0637d23623f35d,2026-07-27T21:41:12.379971+00:00,2026-07-27T21:41:12.379971+00:00,2026-07-27T15:45:00+00:00,,2026-07-27T16:45:00+01:00,Ayr,sixcor,53e7a6449bde7005,Sixcor,livescorebet,WIN,win,13.004,,,,0.072,15.583099999999998,0.07692307692307693,,,50.0,,,,poor,MODEL NO-GO / FORWARD GATE FORWARD GATE NOT MET (9 OF 9 CRITERIA FAILED),PASS,"runner_history:no_prior_form; calibrated_probability:market_adjusted_only; executable_price:age_unknown; source_health:livescorebet:stale=50465s>900s; source_health:paddy_power:stale=50441s>900s; model_validation:NO-GO; model_validation:logloss_edge_not_significant:delta=-0.18621 ci95=[-0.22507,-0.14620]; model_validation:loses_to_best_devig:shin=1.68568; model_validation:clv_not_positive:mean=-0.13417 ci95_lower=-0.13888; model_validation:drift_gate_failed:going_speed=4.916, horse_career_runs=0.301; min_edge:unavailable; min_expected_value:unavailable",complete_card; reference_market; field_size; overround,True,NO-GO,FORWARD GATE NOT MET (9 OF 9 CRITERIA FAILED),False
7b3dfca4fc44eb48af54,2026-07-27T21:41:12.379971+00:00,2026-07-27T21:41:12.379971+00:00,2026-07-27T16:00:00+00:00,,2026-07-27T17:00:00+01:00,Southwell,stormfree,50babde08a181739,Storm Free,livescorebet,WIN,win,3.5,,,,0.3111,4.6928,0.2857142857142857,,,50.0,,,,poor,MODEL NO-GO / FORWARD GATE FORWARD GATE NOT MET (9 OF 9 CRITERIA FAILED),PASS,"calibrated_probability:market_adjusted_only; executable_price:age_unknown; source_health:livescorebet:stale=50465s>900s; source_health:paddy_power:stale=50441s>900s; model_validation:NO-GO; model_validation:logloss_edge_not_significant:delta=-0.18621 ci95=[-0.22507,-0.14620]; model_validation:loses_to_best_devig:shin=1.68568; model_validation:clv_not_positive:mean=-0.13417 ci95_lower=-0.13888; model_validation:drift_gate_failed:going_speed=4.916, horse_career_runs=0.301; overround:1.3408>1.2500; min_edge:unavailable; min_expected_value:unavailable",complete_card; runner_history; reference_market; field_size,True,NO-GO,FORWARD GATE NOT MET (9 OF 9 CRITERIA FAILED),False
279ce2c3d3ec5eaa6802,2026-07-27T21:41:12.379971+00:00,2026-07-27T21:41:12.379971+00:00,2026-07-27T16:00:00+00:00,,2026-07-27T17:00:00+01:00,Southwell,spaceman,14097468df9e5d62,Spaceman,livescorebet,WIN,win,3.25,,,,0.3072,4.3576,0.3076923076923077,,,50.0,,,,poor,MODEL NO-GO / FORWARD GATE FORWARD GATE NOT MET (9 OF 9 CRITERIA FAILED),PASS,"calibrated_probability:market_adjusted_only; executable_price:age_unknown; source_health:livescorebet:stale=50465s>900s; source_health:paddy_power:stale=50441s>900s; model_validation:NO-GO; model_validation:logloss_edge_not_significant:delta=-0.18621 ci95=[-0.22507,-0.14620]; model_validation:loses_to_best_devig:shin=1.68568; model_validation:clv_not_positive:mean=-0.13417 ci95_lower=-0.13888; model_validation:drift_gate_failed:going_speed=4.916, horse_career_runs=0.301; overround:1.3408>1.2500; min_edge:unavailable; min_expected_value:unavailable",complete_card; runner_history; reference_market; field_size,True,NO-GO,FORWARD GATE NOT MET (9 OF 9 CRITERIA FAILED),False
2ee6eaed41d3f7e1024f,2026-07-27T21:41:12.379971+00:00,2026-07-27T21:41:12.379971+00:00,2026-07-27T16:00:00+00:00,,2026-07-27T17:00:00+01:00,Southwell,breakdancer,962a34ca9a0bf608,Breakdancer,paddy_power,WIN,win,4.5,,,,0.2019,6.033600000000001,0.2222222222222222,,,50.0,,,,poor,MODEL NO-GO / FORWARD GATE FORWARD GATE NOT MET (9 OF 9 CRITERIA FAILED),PASS,"calibrated_probability:market_adjusted_only; executable_price:age_unknown; source_health:livescorebet:stale=50465s>900s; source_health:paddy_power:stale=50441s>900s; model_validation:NO-GO; model_validation:logloss_edge_not_significant:delta=-0.18621 ci95=[-0.22507,-0.14620]; model_validation:loses_to_best_devig:shin=1.68568; model_validation:clv_not_positive:mean=-0.13417 ci95_lower=-0.13888; model_validation:drift_gate_failed:going_speed=4.916, horse_career_runs=0.301; overround:1.3408>1.2500; min_edge:unavailable; min_expected_value:unavailable",complete_card; runner_history; reference_market; field_size,True,NO-GO,FORWARD GATE NOT MET (9 OF 9 CRITERIA FAILED),False
1cbc993c413a37335ad5,2026-07-27T21:41:12.379971+00:00,2026-07-27T21:41:12.379971+00:00,2026-07-27T16:00:00+00:00,,2026-07-27T17:00:00+01:00,Southwell,chalkmountain,a24991c849b42345,Chalk Mountain,paddy_power,WIN,win,10.0,,,,0.0825,13.407999999999998,0.1,,,50.0,,,,poor,MODEL NO-GO / FORWARD GATE FORWARD GATE NOT MET (9 OF 9 CRITERIA FAILED),PASS,"calibrated_probability:market_adjusted_only; executable_price:age_unknown; source_health:livescorebet:stale=50465s>900s; source_health:paddy_power:stale=50441s>900s; model_validation:NO-GO; model_validation:logloss_edge_not_significant:delta=-0.18621 ci95=[-0.22507,-0.14620]; model_validation:loses_to_best_devig:shin=1.68568; model_validation:clv_not_positive:mean=-0.13417 ci95_lower=-0.13888; model_validation:drift_gate_failed:going_speed=4.916, horse_career_runs=0.301; overround:1.3408>1.2500; min_edge:unavailable; min_expected_value:unavailable",complete_card; runner_history; reference_market; field_size,True,NO-GO,FORWARD GATE NOT MET (9 OF 9 CRITERIA FAILED),False
1520c7b8f547cb393f39,2026-07-27T21:41:12.379971+00:00,2026-07-27T21:41:12.379971+00:00,2026-07-27T16:00:00+00:00,,2026-07-27T17:00:00+01:00,Southwell,asteverdi,948eada2079376df,Asteverdi,livescorebet,WIN,win,11.001,,,,0.0825,14.7488,0.09090909090909091,,,50.0,,,,poor,MODEL NO-GO / FORWARD GATE FORWARD GATE NOT MET (9 OF 9 CRITERIA FAILED),PASS,"calibrated_probability:market_adjusted_only; executable_price:age_unknown; source_health:livescorebet:stale=50465s>900s; source_health:paddy_power:stale=50441s>900s; model_validation:NO-GO; model_validation:logloss_edge_not_significant:delta=-0.18621 ci95=[-0.22507,-0.14620]; model_validation:loses_to_best_devig:shin=1.68568; model_validation:clv_not_positive:mean=-0.13417 ci95_lower=-0.13888; model_validation:drift_gate_failed:going_speed=4.916, horse_career_runs=0.301; overround:1.3408>1.2500; min_edge:unavailable; min_expected_value:unavailable",complete_card; runner_history; reference_market; field_size,True,NO-GO,FORWARD GATE NOT MET (9 OF 9 CRITERIA FAILED),False
c984038d9434e54278b5,2026-07-27T21:41:12.379971+00:00,2026-07-27T21:41:12.379971+00:00,2026-07-27T16:00:00+00:00,,2026-07-27T17:00:00+01:00,Southwell,ashwednesday,eebb207bc00dc9f4,Ash Wednesday,livescorebet,WIN,win,13.004,,,,0.0775,17.4304,0.07692307692307693,,,50.0,,,,poor,MODEL NO-GO / FORWARD GATE FORWARD GATE NOT MET (9 OF 9 CRITERIA FAILED),PASS,"calibrated_probability:market_adjusted_only; executable_price:age_unknown; source_health:livescorebet:stale=50465s>900s; source_health:paddy_power:stale=50441s>900s; model_validation:NO-GO; model_validation:logloss_edge_not_significant:delta=-0.18621 ci95=[-0.22507,-0.14620]; model_validation:loses_to_best_devig:shin=1.68568; model_validation:clv_not_positive:mean=-0.13417 ci95_lower=-0.13888; model_validation:drift_gate_failed:going_speed=4.916, horse_career_runs=0.301; overround:1.3408>1.2500; min_edge:unavailable; min_expected_value:unavailable",complete_card; runner_history; reference_market; field_size,True,NO-GO,FORWARD GATE NOT MET (9 OF 9 CRITERIA FAILED),False
9a57002d6b71df23cd97,2026-07-27T21:41:12.379971+00:00,2026-07-27T21:41:12.379971+00:00,2026-07-27T16:00:00+00:00,,2026-07-27T17:00:00+01:00,Southwell,luckyluna,4db95dcfb9be4c50,Lucky Luna,livescorebet,WIN,win,11.001,,,,0.0825,14.7488,0.09090909090909091,,,50.0,,,,poor,MODEL NO-GO / FORWARD GATE FORWARD GATE NOT MET (9 OF 9 CRITERIA FAILED),PASS,"calibrated_probability:market_adjusted_only; executable_price:age_unknown; source_health:livescorebet:stale=50465s>900s; source_health:paddy_power:stale=50441s>900s; model_validation:NO-GO; model_validation:logloss_edge_not_significant:delta=-0.18621 ci95=[-0.22507,-0.14620]; model_validation:loses_to_best_devig:shin=1.68568; model_validation:clv_not_positive:mean=-0.13417 ci95_lower=-0.13888; model_validation:drift_gate_failed:going_speed=4.916, horse_career_runs=0.301; overround:1.3408>1.2500; min_edge:unavailable; min_expected_value:unavailable",complete_card; runner_history; reference_market; field_size,True,NO-GO,FORWARD GATE NOT MET (9 OF 9 CRITERIA FAILED),False
26feda03006e7552537f,2026-07-27T21:41:12.379971+00:00,2026-07-27T21:41:12.379971+00:00,2026-07-27T16:00:00+00:00,,2026-07-27T17:00:00+01:00,Southwell,exoticbaby,3d84321af11dc926,Exotic Baby,paddy_power,WIN,win,17.007,,,,0.0506,22.7936,0.058823529411764705,,,50.0,,,,poor,MODEL NO-GO / FORWARD GATE FORWARD GATE NOT MET (9 OF 9 CRITERIA FAILED),PASS,"calibrated_probability:market_adjusted_only; executable_price:age_unknown; source_health:livescorebet:stale=50465s>900s; source_health:paddy_power:stale=50441s>900s; model_validation:NO-GO; model_validation:logloss_edge_not_significant:delta=-0.18621 ci95=[-0.22507,-0.14620]; model_validation:loses_to_best_devig:shin=1.68568; model_validation:clv_not_positive:mean=-0.13417 ci95_lower=-0.13888; model_validation:drift_gate_failed:going_speed=4.916, horse_career_runs=0.301; overround:1.3408>1.2500; min_edge:unavailable; min_expected_value:unavailable",complete_card; runner_history; reference_market; field_size,True,NO-GO,FORWARD GATE NOT MET (9 OF 9 CRITERIA FAILED),False
1a4880df770ac1cbc6a4,2026-07-27T21:41:12.379971+00:00,2026-07-27T21:41:12.379971+00:00,2026-07-27T16:00:00+00:00,,2026-07-27T17:00:00+01:00,Southwell,peterthewolf,ec6220e29ccac071,Peter The Wolf,paddy_power,WIN,win,40.984,,,,0.0215,54.97279999999999,0.024390243902439025,,,50.0,,,,poor,MODEL NO-GO / FORWARD GATE FORWARD GATE NOT MET (9 OF 9 CRITERIA FAILED),PASS,"calibrated_probability:market_adjusted_only; executable_price:age_unknown; source_health:livescorebet:stale=50465s>900s; source_health:paddy_power:stale=50441s>900s; model_validation:NO-GO; model_validation:logloss_edge_not_significant:delta=-0.18621 ci95=[-0.22507,-0.14620]; model_validation:loses_to_best_devig:shin=1.68568; model_validation:clv_not_positive:mean=-0.13417 ci95_lower=-0.13888; model_validation:drift_gate_failed:going_speed=4.916, horse_career_runs=0.301; overround:1.3408>1.2500; min_edge:unavailable; min_expected_value:unavailable",complete_card; runner_history; reference_market; field_size,True,NO-GO,FORWARD GATE NOT MET (9 OF 9 CRITERIA FAILED),False
a4b0783caefbb82df578,2026-07-27T21:41:12.379971+00:00,2026-07-27T21:41:12.379971+00:00,2026-07-27T16:00:00+00:00,,2026-07-27T17:00:00+01:00,Southwell,tropezpower,5f632988579042d1,Tropez Power,paddy_power,WIN,win,28.986,,,,0.0276,38.8832,0.034482758620689655,,,50.0,,,,poor,MODEL NO-GO / FORWARD GATE FORWARD GATE NOT MET (9 OF 9 CRITERIA FAILED),PASS,"calibrated_probability:market_adjusted_only; executable_price:age_unknown; source_health:livescorebet:stale=50465s>900s; source_health:paddy_power:stale=50441s>900s; model_validation:NO-GO; model_validation:logloss_edge_not_significant:delta=-0.18621 ci95=[-0.22507,-0.14620]; model_validation:loses_to_best_devig:shin=1.68568; model_validation:clv_not_positive:mean=-0.13417 ci95_lower=-0.13888; model_validation:drift_gate_failed:going_speed=4.916, horse_career_runs=0.301; overround:1.3408>1.2500; min_edge:unavailable; min_expected_value:unavailable",complete_card; runner_history; reference_market; field_size,True,NO-GO,FORWARD GATE NOT MET (9 OF 9 CRITERIA FAILED),False
05477e8fc5b22d2d9ba4,2026-07-27T21:41:12.379971+00:00,2026-07-27T21:41:12.379971+00:00,2026-07-27T16:00:00+00:00,,2026-07-27T17:00:00+01:00,Southwell,cityofkings,317d59fcb2f11451,City Of Kings,paddy_power,WIN,win,40.984,,,,0.0189,54.97279999999999,0.024390243902439025,,,50.0,,,,poor,MODEL NO-GO / FORWARD GATE FORWARD GATE NOT MET (9 OF 9 CRITERIA FAILED),PASS,"calibrated_probability:market_adjusted_only; executable_price:age_unknown; source_health:livescorebet:stale=50465s>900s; source_health:paddy_power:stale=50441s>900s; model_validation:NO-GO; model_validation:logloss_edge_not_significant:delta=-0.18621 ci95=[-0.22507,-0.14620]; model_validation:loses_to_best_devig:shin=1.68568; model_validation:clv_not_positive:mean=-0.13417 ci95_lower=-0.13888; model_validation:drift_gate_failed:going_speed=4.916, horse_career_runs=0.301; overround:1.3408>1.2500; min_edge:unavailable; min_expected_value:unavailable",complete_card; runner_history; reference_market; field_size,True,NO-GO,FORWARD GATE NOT MET (9 OF 9 CRITERIA FAILED),False
5a8bbfb69184e41c3de5,2026-07-27T21:41:12.379971+00:00,2026-07-27T21:41:12.379971+00:00,2026-07-27T16:00:00+00:00,,2026-07-27T17:00:00+01:00,Southwell,bloodsweatandtyres,bcbab26afe2b9e3f,Bloodsweatandtyres,paddy_power,WIN,win,40.984,,,,0.0189,54.97279999999999,0.024390243902439025,,,50.0,,,,poor,MODEL NO-GO / FORWARD GATE FORWARD GATE NOT MET (9 OF 9 CRITERIA FAILED),PASS,"calibrated_probability:market_adjusted_only; executable_price:age_unknown; source_health:livescorebet:stale=50465s>900s; source_health:paddy_power:stale=50441s>900s; model_validation:NO-GO; model_validation:logloss_edge_not_significant:delta=-0.18621 ci95=[-0.22507,-0.14620]; model_validation:loses_to_best_devig:shin=1.68568; model_validation:clv_not_positive:mean=-0.13417 ci95_lower=-0.13888; model_validation:drift_gate_failed:going_speed=4.916, horse_career_runs=0.301; overround:1.3408>1.2500; min_edge:unavailable; min_expected_value:unavailable",complete_card; runner_history; reference_market; field_size,True,NO-GO,FORWARD GATE NOT MET (9 OF 9 CRITERIA FAILED),False
fa19076a43b4c2e7fa53,2026-07-27T21:41:12.379971+00:00,2026-07-27T21:41:12.379971+00:00,2026-07-27T16:10:00+00:00,,2026-07-27T17:10:00+01:00,Galway,witchesfamiliar,241e8735d9f13793,Witches Familiar,livescorebet,WIN,win,2.25,,,,0.7251,2.9002499999999998,0.4444444444444444,,,50.0,,,,poor,MODEL NO-GO / FORWARD GATE FORWARD GATE NOT MET (9 OF 9 CRITERIA FAILED),PASS,"calibrated_probability:market_adjusted_only; executable_price:age_unknown; source_health:livescorebet:stale=50465s>900s; source_health:paddy_power:stale=50441s>900s; model_validation:NO-GO; model_validation:logloss_edge_not_significant:delta=-0.18621 ci95=[-0.22507,-0.14620]; model_validation:loses_to_best_devig:shin=1.68568; model_validation:clv_not_positive:mean=-0.13417 ci95_lower=-0.13888; model_validation:drift_gate_failed:going_speed=4.916, horse_career_runs=0.301; overround:1.2890>1.2500; min_edge:unavailable; min_expected_value:unavailable",complete_card; runner_history; reference_market; field_size,True,NO-GO,FORWARD GATE NOT MET (9 OF 9 CRITERIA FAILED),False
94ee1482e06b0cf16fc3,2026-07-27T21:41:12.379971+00:00,2026-07-27T21:41:12.379971+00:00,2026-07-27T16:10:00+00:00,,2026-07-27T17:10:00+01:00,Galway,carmelsphoenix,bea041d89b06178d,Carmel's Phoenix,livescorebet,WIN,win,3.5,,,,0.2249,4.5115,0.2857142857142857,,,50.0,,,,poor,MODEL NO-GO / FORWARD GATE FORWARD GATE NOT MET (9 OF 9 CRITERIA FAILED),PASS,"calibrated_probability:market_adjusted_only; executable_price:age_unknown; source_health:livescorebet:stale=50465s>900s; source_health:paddy_power:stale=50441s>900s; model_validation:NO-GO; model_validation:logloss_edge_not_significant:delta=-0.18621 ci95=[-0.22507,-0.14620]; model_validation:loses_to_best_devig:shin=1.68568; model_validation:clv_not_positive:mean=-0.13417 ci95_lower=-0.13888; model_validation:drift_gate_failed:going_speed=4.916, horse_career_runs=0.301; overround:1.2890>1.2500; min_edge:unavailable; min_expected_value:unavailable",complete_card; runner_history; reference_market; field_size,True,NO-GO,FORWARD GATE NOT MET (9 OF 9 CRITERIA FAILED),False
98a949ca298c0b30f5b2,2026-07-27T21:41:12.379971+00:00,2026-07-27T21:41:12.379971+00:00,2026-07-27T16:10:00+00:00,,2026-07-27T17:10:00+01:00,Galway,arouet,48024f6420b93130,Arouet,paddy_power,WIN,win,5.0,,,,0.1861,6.444999999999999,0.2,,,50.0,,,,poor,MODEL NO-GO / FORWARD GATE FORWARD GATE NOT MET (9 OF 9 CRITERIA FAILED),PASS,"calibrated_probability:market_adjusted_only; executable_price:age_unknown; source_health:livescorebet:stale=50465s>900s; source_health:paddy_power:stale=50441s>900s; model_validation:NO-GO; model_validation:logloss_edge_not_significant:delta=-0.18621 ci95=[-0.22507,-0.14620]; model_validation:loses_to_best_devig:shin=1.68568; model_validation:clv_not_positive:mean=-0.13417 ci95_lower=-0.13888; model_validation:drift_gate_failed:going_speed=4.916, horse_career_runs=0.301; overround:1.2890>1.2500; min_edge:unavailable; min_expected_value:unavailable",complete_card; runner_history; reference_market; field_size,True,NO-GO,FORWARD GATE NOT MET (9 OF 9 CRITERIA FAILED),False
3fdb5b629c086c50983b,2026-07-27T21:41:12.379971+00:00,2026-07-27T21:41:12.379971+00:00,2026-07-27T16:10:00+00:00,,2026-07-27T17:10:00+01:00,Galway,minodesmottes,ad0e645cec40e61d,Mino Des Mottes,paddy_power,WIN,win,9.497,,,,0.0977,12.2455,0.10526315789473684,,,50.0,,,,poor,MODEL NO-GO / FORWARD GATE FORWARD GATE NOT MET (9 OF 9 CRITERIA FAILED),PASS,"calibrated_probability:market_adjusted_only; executable_price:age_unknown; source_health:livescorebet:stale=50465s>900s; source_health:paddy_power:stale=50441s>900s; model_validation:NO-GO; model_validation:logloss_edge_not_significant:delta=-0.18621 ci95=[-0.22507,-0.14620]; model_validation:loses_to_best_devig:shin=1.68568; model_validation:clv_not_positive:mean=-0.13417 ci95_lower=-0.13888; model_validation:drift_gate_failed:going_speed=4.916, horse_career_runs=0.301; overround:1.2890>1.2500; min_edge:unavailable; min_expected_value:unavailable",complete_card; runner_history; reference_market; field_size,True,NO-GO,FORWARD GATE NOT MET (9 OF 9 CRITERIA FAILED),False
087605dc23b3b2f59ccf,2026-07-27T21:41:12.379971+00:00,2026-07-27T21:41:12.379971+00:00,2026-07-27T16:10:00+00:00,,2026-07-27T17:10:00+01:00,Galway,munsif,de1c48688ce1661c,Munsif,livescorebet,WIN,win,8.503,,,,0.1064,10.956499999999998,0.11764705882352941,,,50.0,,,,poor,MODEL NO-GO / FORWARD GATE FORWARD GATE NOT MET (9 OF 9 CRITERIA FAILED),PASS,"calibrated_probability:market_adjusted_only; executable_price:age_unknown; source_health:livescorebet:stale=50465s>900s; source_health:paddy_power:stale=50441s>900s; model_validation:NO-GO; model_validation:logloss_edge_not_significant:delta=-0.18621 ci95=[-0.22507,-0.14620]; model_validation:loses_to_best_devig:shin=1.68568; model_validation:clv_not_positive:mean=-0.13417 ci95_lower=-0.13888; model_validation:drift_gate_failed:going_speed=4.916, horse_career_runs=0.301; overround:1.2890>1.2500; min_edge:unavailable; min_expected_value:unavailable",complete_card; runner_history; reference_market; field_size,True,NO-GO,FORWARD GATE NOT MET (9 OF 9 CRITERIA FAILED),False
90df2df60ea08fd08cc1,2026-07-27T21:41:12.379971+00:00,2026-07-27T21:41:12.379971+00:00,2026-07-27T16:10:00+00:00,,2026-07-27T17:10:00+01:00,Galway,dawncoming,62a7a2e986b044d9,Dawn Coming,paddy_power,WIN,win,19.011,,,,0.0459,24.491,0.05263157894736842,,,50.0,,,,poor,MODEL NO-GO / FORWARD GATE FORWARD GATE NOT MET (9 OF 9 CRITERIA FAILED),PASS,"calibrated_probability:market_adjusted_only; executable_price:age_unknown; source_health:livescorebet:stale=50465s>900s; source_health:paddy_power:stale=50441s>900s; model_validation:NO-GO; model_validation:logloss_edge_not_significant:delta=-0.18621 ci95=[-0.22507,-0.14620]; model_validation:loses_to_best_devig:shin=1.68568; model_validation:clv_not_positive:mean=-0.13417 ci95_lower=-0.13888; model_validation:drift_gate_failed:going_speed=4.916, horse_career_runs=0.301; overround:1.2890>1.2500; min_edge:unavailable; min_expected_value:unavailable",complete_card; runner_history; reference_market; field_size,True,NO-GO,FORWARD GATE NOT MET (9 OF 9 CRITERIA FAILED),False
a426d40b17b2e4c7ad19,2026-07-27T21:41:12.379971+00:00,2026-07-27T21:41:12.379971+00:00,2026-07-27T16:10:00+00:00,,2026-07-27T17:10:00+01:00,Galway,mento,aad400082dea30ba,Mento,paddy_power,WIN,win,34.014,,,,0.026,43.82599999999999,0.029411764705882353,,,50.0,,,,poor,MODEL NO-GO / FORWARD GATE FORWARD GATE NOT MET (9 OF 9 CRITERIA FAILED),PASS,"calibrated_probability:market_adjusted_only; executable_price:age_unknown; source_health:livescorebet:stale=50465s>900s; source_health:paddy_power:stale=50441s>900s; model_validation:NO-GO; model_validation:logloss_edge_not_significant:delta=-0.18621 ci95=[-0.22507,-0.14620]; model_validation:loses_to_best_devig:shin=1.68568; model_validation:clv_not_positive:mean=-0.13417 ci95_lower=-0.13888; model_validation:drift_gate_failed:going_speed=4.916, horse_career_runs=0.301; overround:1.2890>1.2500; min_edge:unavailable; min_expected_value:unavailable",complete_card; runner_history; reference_market; field_size,True,NO-GO,FORWARD GATE NOT MET (9 OF 9 CRITERIA FAILED),False
0bbf08f1da0a627bc519,2026-07-27T21:41:12.379971+00:00,2026-07-27T21:41:12.379971+00:00,2026-07-27T16:10:00+00:00,,2026-07-27T17:10:00+01:00,Galway,texamare,e88b141753492a0e,Tex Amare,paddy_power,WIN,win,40.984,,,,,52.84899999999999,0.024390243902439025,,,50.0,,,,poor,MODEL NO-GO / FORWARD GATE FORWARD GATE NOT MET (9 OF 9 CRITERIA FAILED),PASS,"calibrated_probability:missing; executable_price:age_unknown; source_health:livescorebet:stale=50465s>900s; source_health:paddy_power:stale=50441s>900s; model_validation:NO-GO; model_validation:logloss_edge_not_significant:delta=-0.18621 ci95=[-0.22507,-0.14620]; model_validation:loses_to_best_devig:shin=1.68568; model_validation:clv_not_positive:mean=-0.13417 ci95_lower=-0.13888; model_validation:drift_gate_failed:going_speed=4.916, horse_career_runs=0.301; overround:1.2890>1.2500; min_edge:unavailable; min_expected_value:unavailable",complete_card; runner_history; reference_market; field_size,True,NO-GO,FORWARD GATE NOT MET (9 OF 9 CRITERIA FAILED),False
363f5c9ca07aeddeda4a,2026-07-27T21:41:12.379971+00:00,2026-07-27T21:41:12.379971+00:00,2026-07-27T16:10:00+00:00,,2026-07-27T17:10:00+01:00,Galway,likeanocean,5edb4735e273da11,Like An Ocean,paddy_power,WIN,win,67.114,,,,0.0141,86.363,0.014925373134328358,,,50.0,,,,poor,MODEL NO-GO / FORWARD GATE FORWARD GATE NOT MET (9 OF 9 CRITERIA FAILED),PASS,"runner_history:no_prior_form; calibrated_probability:market_adjusted_only; executable_price:age_unknown; source_health:livescorebet:stale=50465s>900s; source_health:paddy_power:stale=50441s>900s; model_validation:NO-GO; model_validation:logloss_edge_not_significant:delta=-0.18621 ci95=[-0.22507,-0.14620]; model_validation:loses_to_best_devig:shin=1.68568; model_validation:clv_not_positive:mean=-0.13417 ci95_lower=-0.13888; model_validation:drift_gate_failed:going_speed=4.916, horse_career_runs=0.301; overround:1.2890>1.2500; min_edge:unavailable; min_expected_value:unavailable",complete_card; reference_market; field_size,True,NO-GO,FORWARD GATE NOT MET (9 OF 9 CRITERIA FAILED),False
7e897be4fab59348dcec,2026-07-27T21:41:12.379971+00:00,2026-07-27T21:41:12.379971+00:00,2026-07-27T16:10:00+00:00,,2026-07-27T17:10:00+01:00,Galway,williamfbrowne,dc2aa1ac34a0ce67,William F Browne,paddy_power,WIN,win,126.582,,,,0.0079,162.414,0.007936507936507936,,,50.0,,,,poor,MODEL NO-GO / FORWARD GATE FORWARD GATE NOT MET (9 OF 9 CRITERIA FAILED),PASS,"calibrated_probability:market_adjusted_only; executable_price:age_unknown; source_health:livescorebet:stale=50465s>900s; source_health:paddy_power:stale=50441s>900s; model_validation:NO-GO; model_validation:logloss_edge_not_significant:delta=-0.18621 ci95=[-0.22507,-0.14620]; model_validation:loses_to_best_devig:shin=1.68568; model_validation:clv_not_positive:mean=-0.13417 ci95_lower=-0.13888; model_validation:drift_gate_failed:going_speed=4.916, horse_career_runs=0.301; overround:1.2890>1.2500; min_edge:unavailable; min_expected_value:unavailable",complete_card; runner_history; reference_market; field_size,True,NO-GO,FORWARD GATE NOT MET (9 OF 9 CRITERIA FAILED),False
ca3e9ee793ffbbd30e3d,2026-07-27T21:41:12.379971+00:00,2026-07-27T21:41:12.379971+00:00,2026-07-27T16:10:00+00:00,,2026-07-27T17:10:00+01:00,Galway,thechanciegrey,a1c61bc0f833bbf6,The Chancie Grey,paddy_power,WIN,win,151.515,,,,,194.63899999999998,0.006622516556291391,,,50.0,,,,poor,MODEL NO-GO / FORWARD GATE FORWARD GATE NOT MET (9 OF 9 CRITERIA FAILED),PASS,"calibrated_probability:missing; executable_price:age_unknown; source_health:livescorebet:stale=50465s>900s; source_health:paddy_power:stale=50441s>900s; model_validation:NO-GO; model_validation:logloss_edge_not_significant:delta=-0.18621 ci95=[-0.22507,-0.14620]; model_validation:loses_to_best_devig:shin=1.68568; model_validation:clv_not_positive:mean=-0.13417 ci95_lower=-0.13888; model_validation:drift_gate_failed:going_speed=4.916, horse_career_runs=0.301; overround:1.2890>1.2500; min_edge:unavailable; min_expected_value:unavailable",complete_card; runner_history; reference_market; field_size,True,NO-GO,FORWARD GATE NOT MET (9 OF 9 CRITERIA FAILED),False
59500c62ffd43be08263,2026-07-27T21:41:12.379971+00:00,2026-07-27T21:41:12.379971+00:00,2026-07-27T16:15:00+00:00,,2026-07-27T17:15:00+01:00,Windsor,londonisblue,9120aa9d65f9dbd6,London Is Blue,livescorebet,WIN,win,3.75,,,,0.2054,4.940250000000001,0.26666666666666666,,,50.0,,,,poor,MODEL NO-GO / FORWARD GATE FORWARD GATE NOT MET (9 OF 9 CRITERIA FAILED),PASS,"calibrated_probability:market_adjusted_only; executable_price:age_unknown; source_health:livescorebet:stale=50465s>900s; source_health:paddy_power:stale=50441s>900s; model_validation:NO-GO; model_validation:logloss_edge_not_significant:delta=-0.18621 ci95=[-0.22507,-0.14620]; model_validation:loses_to_best_devig:shin=1.68568; model_validation:clv_not_positive:mean=-0.13417 ci95_lower=-0.13888; model_validation:drift_gate_failed:going_speed=4.916, horse_career_runs=0.301; overround:1.3174>1.2500; min_edge:unavailable; min_expected_value:unavailable",complete_card; runner_history; reference_market; field_size,True,NO-GO,FORWARD GATE NOT MET (9 OF 9 CRITERIA FAILED),False
cf07f5b0e81208a21d77,2026-07-27T21:41:12.379971+00:00,2026-07-27T21:41:12.379971+00:00,2026-07-27T16:15:00+00:00,,2026-07-27T17:15:00+01:00,Windsor,kissandrun,7171c437bcf32cc0,Kiss And Run,livescorebet,WIN,win,5.0,,,,0.2019,6.587000000000001,0.2,,,50.0,,,,poor,MODEL NO-GO / FORWARD GATE FORWARD GATE NOT MET (9 OF 9 CRITERIA FAILED),PASS,"calibrated_probability:market_adjusted_only; executable_price:age_unknown; source_health:livescorebet:stale=50465s>900s; source_health:paddy_power:stale=50441s>900s; model_validation:NO-GO; model_validation:logloss_edge_not_significant:delta=-0.18621 ci95=[-0.22507,-0.14620]; model_validation:loses_to_best_devig:shin=1.68568; model_validation:clv_not_positive:mean=-0.13417 ci95_lower=-0.13888; model_validation:drift_gate_failed:going_speed=4.916, horse_career_runs=0.301; overround:1.3174>1.2500; min_edge:unavailable; min_expected_value:unavailable",complete_card; runner_history; reference_market; field_size,True,NO-GO,FORWARD GATE NOT MET (9 OF 9 CRITERIA FAILED),False
19c9c4b11aef9db25815,2026-07-27T21:41:12.379971+00:00,2026-07-27T21:41:12.379971+00:00,2026-07-27T16:15:00+00:00,,2026-07-27T17:15:00+01:00,Windsor,hintofhumour,ab37eeca3ad45f0a,Hint Of Humour,livescorebet,WIN,win,5.501,,,,0.1765,7.2457,0.18181818181818182,,,50.0,,,,poor,MODEL NO-GO / FORWARD GATE FORWARD GATE NOT MET (9 OF 9 CRITERIA FAILED),PASS,"calibrated_probability:market_adjusted_only; executable_price:age_unknown; source_health:livescorebet:stale=50465s>900s; source_health:paddy_power:stale=50441s>900s; model_validation:NO-GO; model_validation:logloss_edge_not_significant:delta=-0.18621 ci95=[-0.22507,-0.14620]; model_validation:loses_to_best_devig:shin=1.68568; model_validation:clv_not_positive:mean=-0.13417 ci95_lower=-0.13888; model_validation:drift_gate_failed:going_speed=4.916, horse_career_runs=0.301; overround:1.3174>1.2500; min_edge:unavailable; min_expected_value:unavailable",complete_card; runner_history; reference_market; field_size,True,NO-GO,FORWARD GATE NOT MET (9 OF 9 CRITERIA FAILED),False
7ded6d9026b8692831ef,2026-07-27T21:41:12.379971+00:00,2026-07-27T21:41:12.379971+00:00,2026-07-27T16:15:00+00:00,,2026-07-27T17:15:00+01:00,Windsor,merrimack,c88982851dca25ad,Merrimack,livescorebet,WIN,win,5.501,,,,0.1614,7.2457,0.18181818181818182,,,50.0,,,,poor,MODEL NO-GO / FORWARD GATE FORWARD GATE NOT MET (9 OF 9 CRITERIA FAILED),PASS,"calibrated_probability:market_adjusted_only; executable_price:age_unknown; source_health:livescorebet:stale=50465s>900s; source_health:paddy_power:stale=50441s>900s; model_validation:NO-GO; model_validation:logloss_edge_not_significant:delta=-0.18621 ci95=[-0.22507,-0.14620]; model_validation:loses_to_best_devig:shin=1.68568; model_validation:clv_not_positive:mean=-0.13417 ci95_lower=-0.13888; model_validation:drift_gate_failed:going_speed=4.916, horse_career_runs=0.301; overround:1.3174>1.2500; min_edge:unavailable; min_expected_value:unavailable",complete_card; runner_history; reference_market; field_size,True,NO-GO,FORWARD GATE NOT MET (9 OF 9 CRITERIA FAILED),False
db4ec263bfd991848270,2026-07-27T21:41:12.379971+00:00,2026-07-27T21:41:12.379971+00:00,2026-07-27T16:15:00+00:00,,2026-07-27T17:15:00+01:00,Windsor,moeslegacy,b359b37a7e7bb321,Moe's Legacy,paddy_power,WIN,win,7.502,,,,0.1129,9.880500000000001,0.13333333333333333,,,50.0,,,,poor,MODEL NO-GO / FORWARD GATE FORWARD GATE NOT MET (9 OF 9 CRITERIA FAILED),PASS,"calibrated_probability:market_adjusted_only; executable_price:age_unknown; source_health:livescorebet:stale=50465s>900s; source_health:paddy_power:stale=50441s>900s; model_validation:NO-GO; model_validation:logloss_edge_not_significant:delta=-0.18621 ci95=[-0.22507,-0.14620]; model_validation:loses_to_best_devig:shin=1.68568; model_validation:clv_not_positive:mean=-0.13417 ci95_lower=-0.13888; model_validation:drift_gate_failed:going_speed=4.916, horse_career_runs=0.301; overround:1.3174>1.2500; min_edge:unavailable; min_expected_value:unavailable",complete_card; runner_history; reference_market; field_size,True,NO-GO,FORWARD GATE NOT MET (9 OF 9 CRITERIA FAILED),False
817fc38615a87872cb9d,2026-07-27T21:41:12.379971+00:00,2026-07-27T21:41:12.379971+00:00,2026-07-27T16:15:00+00:00,,2026-07-27T17:15:00+01:00,Windsor,beaumadier,8e6930d3b32ace24,Beaumadier,livescorebet,WIN,win,12.005,,,,0.077,15.808800000000003,0.08333333333333333,,,50.0,,,,poor,MODEL NO-GO / FORWARD GATE FORWARD GATE NOT MET (9 OF 9 CRITERIA FAILED),PASS,"calibrated_probability:market_adjusted_only; executable_price:age_unknown; source_health:livescorebet:stale=50465s>900s; source_health:paddy_power:stale=50441s>900s; model_validation:NO-GO; model_validation:logloss_edge_not_significant:delta=-0.18621 ci95=[-0.22507,-0.14620]; model_validation:loses_to_best_devig:shin=1.68568; model_validation:clv_not_positive:mean=-0.13417 ci95_lower=-0.13888; model_validation:drift_gate_failed:going_speed=4.916, horse_career_runs=0.301; overround:1.3174>1.2500; min_edge:unavailable; min_expected_value:unavailable",complete_card; runner_history; reference_market; field_size,True,NO-GO,FORWARD GATE NOT MET (9 OF 9 CRITERIA FAILED),False
f8b3b2bd504994576cff,2026-07-27T21:41:12.379971+00:00,2026-07-27T21:41:12.379971+00:00,2026-07-27T16:15:00+00:00,,2026-07-27T17:15:00+01:00,Windsor,alkuwarrior,53143233e3508028,Alkuwarrior,livescorebet,WIN,win,14.993,,,,0.0479,19.761000000000003,0.06666666666666667,,,50.0,,,,poor,MODEL NO-GO / FORWARD GATE FORWARD GATE NOT MET (9 OF 9 CRITERIA FAILED),PASS,"calibrated_probability:market_adjusted_only; executable_price:age_unknown; source_health:livescorebet:stale=50465s>900s; source_health:paddy_power:stale=50441s>900s; model_validation:NO-GO; model_validation:logloss_edge_not_significant:delta=-0.18621 ci95=[-0.22507,-0.14620]; model_validation:loses_to_best_devig:shin=1.68568; model_validation:clv_not_positive:mean=-0.13417 ci95_lower=-0.13888; model_validation:drift_gate_failed:going_speed=4.916, horse_career_runs=0.301; overround:1.3174>1.2500; min_edge:unavailable; min_expected_value:unavailable",complete_card; runner_history; reference_market; field_size,True,NO-GO,FORWARD GATE NOT MET (9 OF 9 CRITERIA FAILED),False
6dbba624bf00c10aebad,2026-07-27T21:41:12.379971+00:00,2026-07-27T21:41:12.379971+00:00,2026-07-27T16:15:00+00:00,,2026-07-27T17:15:00+01:00,Windsor,toodarngood,c064bd97b879ce04,Too Darn Good,livescorebet,WIN,win,17.007,,,,0.0376,22.3958,0.058823529411764705,,,50.0,,,,poor,MODEL NO-GO / FORWARD GATE FORWARD GATE NOT MET (9 OF 9 CRITERIA FAILED),PASS,"calibrated_probability:market_adjusted_only; executable_price:age_unknown; source_health:livescorebet:stale=50465s>900s; source_health:paddy_power:stale=50441s>900s; model_validation:NO-GO; model_validation:logloss_edge_not_significant:delta=-0.18621 ci95=[-0.22507,-0.14620]; model_validation:loses_to_best_devig:shin=1.68568; model_validation:clv_not_positive:mean=-0.13417 ci95_lower=-0.13888; model_validation:drift_gate_failed:going_speed=4.916, horse_career_runs=0.301; overround:1.3174>1.2500; min_edge:unavailable; min_expected_value:unavailable",complete_card; runner_history; reference_market; field_size,True,NO-GO,FORWARD GATE NOT MET (9 OF 9 CRITERIA FAILED),False
97671774d25e19df0741,2026-07-27T21:41:12.379971+00:00,2026-07-27T21:41:12.379971+00:00,2026-07-27T16:15:00+00:00,,2026-07-27T17:15:00+01:00,Windsor,magna,c6c309480d405a94,Magna,livescorebet,WIN,win,21.008,,,,0.0486,27.6654,0.047619047619047616,,,50.0,,,,poor,MODEL NO-GO / FORWARD GATE FORWARD GATE NOT MET (9 OF 9 CRITERIA FAILED),PASS,"calibrated_probability:market_adjusted_only; executable_price:age_unknown; source_health:livescorebet:stale=50465s>900s; source_health:paddy_power:stale=50441s>900s; model_validation:NO-GO; model_validation:logloss_edge_not_significant:delta=-0.18621 ci95=[-0.22507,-0.14620]; model_validation:loses_to_best_devig:shin=1.68568; model_validation:clv_not_positive:mean=-0.13417 ci95_lower=-0.13888; model_validation:drift_gate_failed:going_speed=4.916, horse_career_runs=0.301; overround:1.3174>1.2500; min_edge:unavailable; min_expected_value:unavailable",complete_card; runner_history; reference_market; field_size,True,NO-GO,FORWARD GATE NOT MET (9 OF 9 CRITERIA FAILED),False
3d57ce304470caeeb469,2026-07-27T21:41:12.379971+00:00,2026-07-27T21:41:12.379971+00:00,2026-07-27T16:15:00+00:00,,2026-07-27T17:15:00+01:00,Windsor,angelsummer,7a1f561140b42874,Angel Summer,paddy_power,WIN,win,22.989,,,,0.036,30.300200000000004,0.043478260869565216,,,50.0,,,,poor,MODEL NO-GO / FORWARD GATE FORWARD GATE NOT MET (9 OF 9 CRITERIA FAILED),PASS,"calibrated_probability:market_adjusted_only; executable_price:age_unknown; source_health:livescorebet:stale=50465s>900s; source_health:paddy_power:stale=50441s>900s; model_validation:NO-GO; model_validation:logloss_edge_not_significant:delta=-0.18621 ci95=[-0.22507,-0.14620]; model_validation:loses_to_best_devig:shin=1.68568; model_validation:clv_not_positive:mean=-0.13417 ci95_lower=-0.13888; model_validation:drift_gate_failed:going_speed=4.916, horse_career_runs=0.301; overround:1.3174>1.2500; min_edge:unavailable; min_expected_value:unavailable",complete_card; runner_history; reference_market; field_size,True,NO-GO,FORWARD GATE NOT MET (9 OF 9 CRITERIA FAILED),False
4d9cf30f6ef5b34ccc2c,2026-07-27T21:41:12.379971+00:00,2026-07-27T21:41:12.379971+00:00,2026-07-27T16:15:00+00:00,,2026-07-27T17:15:00+01:00,Windsor,darkalley,8a55c6b89e3569d9,Dark Alley,paddy_power,WIN,win,34.014,,,,0.033,44.7916,0.029411764705882353,,,50.0,,,,poor,MODEL NO-GO / FORWARD GATE FORWARD GATE NOT MET (9 OF 9 CRITERIA FAILED),PASS,"calibrated_probability:market_adjusted_only; executable_price:age_unknown; source_health:livescorebet:stale=50465s>900s; source_health:paddy_power:stale=50441s>900s; model_validation:NO-GO; model_validation:logloss_edge_not_significant:delta=-0.18621 ci95=[-0.22507,-0.14620]; model_validation:loses_to_best_devig:shin=1.68568; model_validation:clv_not_positive:mean=-0.13417 ci95_lower=-0.13888; model_validation:drift_gate_failed:going_speed=4.916, horse_career_runs=0.301; overround:1.3174>1.2500; min_edge:unavailable; min_expected_value:unavailable",complete_card; runner_history; reference_market; field_size,True,NO-GO,FORWARD GATE NOT MET (9 OF 9 CRITERIA FAILED),False
eeaac9fabef3e1c8d158,2026-07-27T21:41:12.379971+00:00,2026-07-27T21:41:12.379971+00:00,2026-07-27T16:15:00+00:00,,2026-07-27T17:15:00+01:00,Windsor,inthecity,8d73a1acdfeec882,In The City,paddy_power,WIN,win,40.984,,,,0.0214,54.013400000000004,0.024390243902439025,,,50.0,,,,poor,MODEL NO-GO / FORWARD GATE FORWARD GATE NOT MET (9 OF 9 CRITERIA FAILED),PASS,"calibrated_probability:market_adjusted_only; executable_price:age_unknown; source_health:livescorebet:stale=50465s>900s; source_health:paddy_power:stale=50441s>900s; model_validation:NO-GO; model_validation:logloss_edge_not_significant:delta=-0.18621 ci95=[-0.22507,-0.14620]; model_validation:loses_to_best_devig:shin=1.68568; model_validation:clv_not_positive:mean=-0.13417 ci95_lower=-0.13888; model_validation:drift_gate_failed:going_speed=4.916, horse_career_runs=0.301; overround:1.3174>1.2500; min_edge:unavailable; min_expected_value:unavailable",complete_card; runner_history; reference_market; field_size,True,NO-GO,FORWARD GATE NOT MET (9 OF 9 CRITERIA FAILED),False
6e35588d17ec662dabbb,2026-07-27T21:41:12.379971+00:00,2026-07-27T21:41:12.379971+00:00,2026-07-27T16:20:00+00:00,,2026-07-27T17:20:00+01:00,Ayr,recobella,772d21315ccb8105,Recobella,paddy_power,WIN,win,4.35,,,,0.2234,5.947754999999999,0.2298850574712644,,,50.0,,,,poor,MODEL NO-GO / FORWARD GATE FORWARD GATE NOT MET (9 OF 9 CRITERIA FAILED),PASS,"calibrated_probability:market_adjusted_only; executable_price:age_unknown; source_health:livescorebet:stale=50465s>900s; source_health:paddy_power:stale=50441s>900s; model_validation:NO-GO; model_validation:logloss_edge_not_significant:delta=-0.18621 ci95=[-0.22507,-0.14620]; model_validation:loses_to_best_devig:shin=1.68568; model_validation:clv_not_positive:mean=-0.13417 ci95_lower=-0.13888; model_validation:drift_gate_failed:going_speed=4.916, horse_career_runs=0.301; overround:1.3673>1.2500; min_edge:unavailable; min_expected_value:unavailable",complete_card; runner_history; reference_market; field_size,True,NO-GO,FORWARD GATE NOT MET (9 OF 9 CRITERIA FAILED),False
c89c8be08eaeeb15d388,2026-07-27T21:41:12.379971+00:00,2026-07-27T21:41:12.379971+00:00,2026-07-27T16:20:00+00:00,,2026-07-27T17:20:00+01:00,Ayr,royalblaze,a3c39751c620ae33,Royal Blaze,paddy_power,WIN,win,4.35,,,,0.2191,5.947754999999999,0.2298850574712644,,,50.0,,,,poor,MODEL NO-GO / FORWARD GATE FORWARD GATE NOT MET (9 OF 9 CRITERIA FAILED),PASS,"calibrated_probability:market_adjusted_only; executable_price:age_unknown; source_health:livescorebet:stale=50465s>900s; source_health:paddy_power:stale=50441s>900s; model_validation:NO-GO; model_validation:logloss_edge_not_significant:delta=-0.18621 ci95=[-0.22507,-0.14620]; model_validation:loses_to_best_devig:shin=1.68568; model_validation:clv_not_positive:mean=-0.13417 ci95_lower=-0.13888; model_validation:drift_gate_failed:going_speed=4.916, horse_career_runs=0.301; overround:1.3673>1.2500; min_edge:unavailable; min_expected_value:unavailable",complete_card; runner_history; reference_market; field_size,True,NO-GO,FORWARD GATE NOT MET (9 OF 9 CRITERIA FAILED),False
5b61ae221df023ad1b2c,2026-07-27T21:41:12.379971+00:00,2026-07-27T21:41:12.379971+00:00,2026-07-27T16:20:00+00:00,,2026-07-27T17:20:00+01:00,Ayr,falconnine,052ca6b7ea5c2d1d,Falcon Nine,livescorebet,WIN,win,4.35,,,,0.201,5.947754999999999,0.2298850574712644,,,50.0,,,,poor,MODEL NO-GO / FORWARD GATE FORWARD GATE NOT MET (9 OF 9 CRITERIA FAILED),PASS,"calibrated_probability:market_adjusted_only; executable_price:age_unknown; source_health:livescorebet:stale=50465s>900s; source_health:paddy_power:stale=50441s>900s; model_validation:NO-GO; model_validation:logloss_edge_not_significant:delta=-0.18621 ci95=[-0.22507,-0.14620]; model_validation:loses_to_best_devig:shin=1.68568; model_validation:clv_not_positive:mean=-0.13417 ci95_lower=-0.13888; model_validation:drift_gate_failed:going_speed=4.916, horse_career_runs=0.301; overround:1.3673>1.2500; min_edge:unavailable; min_expected_value:unavailable",complete_card; runner_history; reference_market; field_size,True,NO-GO,FORWARD GATE NOT MET (9 OF 9 CRITERIA FAILED),False
46c12dcf7c8579a51194,2026-07-27T21:41:12.379971+00:00,2026-07-27T21:41:12.379971+00:00,2026-07-27T16:20:00+00:00,,2026-07-27T17:20:00+01:00,Ayr,penelopessister,285e62ee585b741e,Penelope's Sister,livescorebet,WIN,win,5.999,,,,0.1267,8.203800000000001,0.16666666666666666,,,50.0,,,,poor,MODEL NO-GO / FORWARD GATE FORWARD GATE NOT MET (9 OF 9 CRITERIA FAILED),PASS,"calibrated_probability:market_adjusted_only; executable_price:age_unknown; source_health:livescorebet:stale=50465s>900s; source_health:paddy_power:stale=50441s>900s; model_validation:NO-GO; model_validation:logloss_edge_not_significant:delta=-0.18621 ci95=[-0.22507,-0.14620]; model_validation:loses_to_best_devig:shin=1.68568; model_validation:clv_not_positive:mean=-0.13417 ci95_lower=-0.13888; model_validation:drift_gate_failed:going_speed=4.916, horse_career_runs=0.301; overround:1.3673>1.2500; min_edge:unavailable; min_expected_value:unavailable",complete_card; runner_history; reference_market; field_size,True,NO-GO,FORWARD GATE NOT MET (9 OF 9 CRITERIA FAILED),False
07f3013b543fcdd4061c,2026-07-27T21:41:12.379971+00:00,2026-07-27T21:41:12.379971+00:00,2026-07-27T16:20:00+00:00,,2026-07-27T17:20:00+01:00,Ayr,daringleader,6602a61286df3172,Daring Leader,paddy_power,WIN,win,6.502,,,,0.1271,8.88745,0.15384615384615385,,,50.0,,,,poor,MODEL NO-GO / FORWARD GATE FORWARD GATE NOT MET (9 OF 9 CRITERIA FAILED),PASS,"calibrated_probability:market_adjusted_only; executable_price:age_unknown; source_health:livescorebet:stale=50465s>900s; source_health:paddy_power:stale=50441s>900s; model_validation:NO-GO; model_validation:logloss_edge_not_significant:delta=-0.18621 ci95=[-0.22507,-0.14620]; model_validation:loses_to_best_devig:shin=1.68568; model_validation:clv_not_positive:mean=-0.13417 ci95_lower=-0.13888; model_validation:drift_gate_failed:going_speed=4.916, horse_career_runs=0.301; overround:1.3673>1.2500; min_edge:unavailable; min_expected_value:unavailable",complete_card; runner_history; reference_market; field_size,True,NO-GO,FORWARD GATE NOT MET (9 OF 9 CRITERIA FAILED),False
b1477265838ef656551c,2026-07-27T21:41:12.379971+00:00,2026-07-27T21:41:12.379971+00:00,2026-07-27T16:20:00+00:00,,2026-07-27T17:20:00+01:00,Ayr,ravenscraigcastle,873f78a26ed8d9b9,Ravenscraig Castle,paddy_power,WIN,win,9.001,,,,0.087,12.305700000000002,0.1111111111111111,,,50.0,,,,poor,MODEL NO-GO / FORWARD GATE FORWARD GATE NOT MET (9 OF 9 CRITERIA FAILED),PASS,"calibrated_probability:market_adjusted_only; executable_price:age_unknown; source_health:livescorebet:stale=50465s>900s; source_health:paddy_power:stale=50441s>900s; model_validation:NO-GO; model_validation:logloss_edge_not_significant:delta=-0.18621 ci95=[-0.22507,-0.14620]; model_validation:loses_to_best_devig:shin=1.68568; model_validation:clv_not_positive:mean=-0.13417 ci95_lower=-0.13888; model_validation:drift_gate_failed:going_speed=4.916, horse_career_runs=0.301; overround:1.3673>1.2500; min_edge:unavailable; min_expected_value:unavailable",complete_card; runner_history; reference_market; field_size,True,NO-GO,FORWARD GATE NOT MET (9 OF 9 CRITERIA FAILED),False
bc4393f1b4791510c857,2026-07-27T21:41:12.379971+00:00,2026-07-27T21:41:12.379971+00:00,2026-07-27T16:20:00+00:00,,2026-07-27T17:20:00+01:00,Ayr,justdottie,23785324a424b9e7,Just Dottie,paddy_power,WIN,win,10.0,,,,0.0825,13.672999999999998,0.1,,,50.0,,,,poor,MODEL NO-GO / FORWARD GATE FORWARD GATE NOT MET (9 OF 9 CRITERIA FAILED),PASS,"runner_history:no_prior_form; calibrated_probability:market_adjusted_only; executable_price:age_unknown; source_health:livescorebet:stale=50465s>900s; source_health:paddy_power:stale=50441s>900s; model_validation:NO-GO; model_validation:logloss_edge_not_significant:delta=-0.18621 ci95=[-0.22507,-0.14620]; model_validation:loses_to_best_devig:shin=1.68568; model_validation:clv_not_positive:mean=-0.13417 ci95_lower=-0.13888; model_validation:drift_gate_failed:going_speed=4.916, horse_career_runs=0.301; overround:1.3673>1.2500; min_edge:unavailable; min_expected_value:unavailable",complete_card; reference_market; field_size,True,NO-GO,FORWARD GATE NOT MET (9 OF 9 CRITERIA FAILED),False
e6bbfb20b1e05b21eaee,2026-07-27T21:41:12.379971+00:00,2026-07-27T21:41:12.379971+00:00,2026-07-27T16:20:00+00:00,,2026-07-27T17:20:00+01:00,Ayr,zebrastar,edf45be2bc18969b,Zebra Star,paddy_power,WIN,win,19.011,,,,0.0455,25.978700000000003,0.05263157894736842,,,50.0,,,,poor,MODEL NO-GO / FORWARD GATE FORWARD GATE NOT MET (9 OF 9 CRITERIA FAILED),PASS,"runner_history:no_prior_form; calibrated_probability:market_adjusted_only; executable_price:age_unknown; source_health:livescorebet:stale=50465s>900s; source_health:paddy_power:stale=50441s>900s; model_validation:NO-GO; model_validation:logloss_edge_not_significant:delta=-0.18621 ci95=[-0.22507,-0.14620]; model_validation:loses_to_best_devig:shin=1.68568; model_validation:clv_not_positive:mean=-0.13417 ci95_lower=-0.13888; model_validation:drift_gate_failed:going_speed=4.916, horse_career_runs=0.301; overround:1.3673>1.2500; min_edge:unavailable; min_expected_value:unavailable",complete_card; reference_market; field_size,True,NO-GO,FORWARD GATE NOT MET (9 OF 9 CRITERIA FAILED),False
886a9b31fd1a0c4dcc4f,2026-07-27T21:41:12.379971+00:00,2026-07-27T21:41:12.379971+00:00,2026-07-27T16:20:00+00:00,,2026-07-27T17:20:00+01:00,Ayr,goldenvalour,6f5bfbe88b22e566,Golden Valour,livescorebet,WIN,win,28.986,,,,0.0178,39.6517,0.034482758620689655,,,50.0,,,,poor,MODEL NO-GO / FORWARD GATE FORWARD GATE NOT MET (9 OF 9 CRITERIA FAILED),PASS,"calibrated_probability:market_adjusted_only; executable_price:age_unknown; source_health:livescorebet:stale=50465s>900s; source_health:paddy_power:stale=50441s>900s; model_validation:NO-GO; model_validation:logloss_edge_not_significant:delta=-0.18621 ci95=[-0.22507,-0.14620]; model_validation:loses_to_best_devig:shin=1.68568; model_validation:clv_not_positive:mean=-0.13417 ci95_lower=-0.13888; model_validation:drift_gate_failed:going_speed=4.916, horse_career_runs=0.301; overround:1.3673>1.2500; min_edge:unavailable; min_expected_value:unavailable",complete_card; runner_history; reference_market; field_size,True,NO-GO,FORWARD GATE NOT MET (9 OF 9 CRITERIA FAILED),False
0e4a5c509db7c97354de,2026-07-27T21:41:12.379971+00:00,2026-07-27T21:41:12.379971+00:00,2026-07-27T16:20:00+00:00,,2026-07-27T17:20:00+01:00,Ayr,bettybassett,cfce23b56590fa50,Betty Bassett,paddy_power,WIN,win,40.984,,,,0.0189,56.05929999999999,0.024390243902439025,,,50.0,,,,poor,MODEL NO-GO / FORWARD GATE FORWARD GATE NOT MET (9 OF 9 CRITERIA FAILED),PASS,"calibrated_probability:market_adjusted_only; executable_price:age_unknown; source_health:livescorebet:stale=50465s>900s; source_health:paddy_power:stale=50441s>900s; model_validation:NO-GO; model_validation:logloss_edge_not_significant:delta=-0.18621 ci95=[-0.22507,-0.14620]; model_validation:loses_to_best_devig:shin=1.68568; model_validation:clv_not_positive:mean=-0.13417 ci95_lower=-0.13888; model_validation:drift_gate_failed:going_speed=4.916, horse_career_runs=0.301; overround:1.3673>1.2500; min_edge:unavailable; min_expected_value:unavailable",complete_card; runner_history; reference_market; field_size,True,NO-GO,FORWARD GATE NOT MET (9 OF 9 CRITERIA FAILED),False
7d7d38756b2774b45898,2026-07-27T21:41:12.379971+00:00,2026-07-27T21:41:12.379971+00:00,2026-07-27T16:20:00+00:00,,2026-07-27T17:20:00+01:00,Ayr,onemorebottle,a73c45fdc61fbf4d,One More Bottle,paddy_power,WIN,win,28.986,,,,,39.6517,0.034482758620689655,,,50.0,,,,poor,MODEL NO-GO / FORWARD GATE FORWARD GATE NOT MET (9 OF 9 CRITERIA FAILED),PASS,"calibrated_probability:missing; executable_price:age_unknown; source_health:livescorebet:stale=50465s>900s; source_health:paddy_power:stale=50441s>900s; model_validation:NO-GO; model_validation:logloss_edge_not_significant:delta=-0.18621 ci95=[-0.22507,-0.14620]; model_validation:loses_to_best_devig:shin=1.68568; model_validation:clv_not_positive:mean=-0.13417 ci95_lower=-0.13888; model_validation:drift_gate_failed:going_speed=4.916, horse_career_runs=0.301; overround:1.3673>1.2500; min_edge:unavailable; min_expected_value:unavailable",complete_card; runner_history; reference_market; field_size,True,NO-GO,FORWARD GATE NOT MET (9 OF 9 CRITERIA FAILED),False
301362a767369738cd49,2026-07-27T21:41:12.379971+00:00,2026-07-27T21:41:12.379971+00:00,2026-07-27T16:30:00+00:00,,2026-07-27T17:30:00+01:00,Southwell,cogitate,98eb69c7c3f346ce,Cogitate,livescorebet,WIN,win,4.5,,,,0.2349,5.89905,0.2222222222222222,,,50.0,,,,poor,MODEL NO-GO / FORWARD GATE FORWARD GATE NOT MET (9 OF 9 CRITERIA FAILED),PASS,"calibrated_probability:market_adjusted_only; executable_price:age_unknown; source_health:livescorebet:stale=50465s>900s; source_health:paddy_power:stale=50441s>900s; model_validation:NO-GO; model_validation:logloss_edge_not_significant:delta=-0.18621 ci95=[-0.22507,-0.14620]; model_validation:loses_to_best_devig:shin=1.68568; model_validation:clv_not_positive:mean=-0.13417 ci95_lower=-0.13888; model_validation:drift_gate_failed:going_speed=4.916, horse_career_runs=0.301; overround:1.3109>1.2500; min_edge:unavailable; min_expected_value:unavailable",complete_card; runner_history; reference_market; field_size,True,NO-GO,FORWARD GATE NOT MET (9 OF 9 CRITERIA FAILED),False
982e545964699ad00f7e,2026-07-27T21:41:12.379971+00:00,2026-07-27T21:41:12.379971+00:00,2026-07-27T16:30:00+00:00,,2026-07-27T17:30:00+01:00,Southwell,starofmali,ee377eb77224b0e2,Star Of Mali,paddy_power,WIN,win,5.0,,,,0.1926,6.5545,0.2,,,50.0,,,,poor,MODEL NO-GO / FORWARD GATE FORWARD GATE NOT MET (9 OF 9 CRITERIA FAILED),PASS,"calibrated_probability:market_adjusted_only; executable_price:age_unknown; source_health:livescorebet:stale=50465s>900s; source_health:paddy_power:stale=50441s>900s; model_validation:NO-GO; model_validation:logloss_edge_not_significant:delta=-0.18621 ci95=[-0.22507,-0.14620]; model_validation:loses_to_best_devig:shin=1.68568; model_validation:clv_not_positive:mean=-0.13417 ci95_lower=-0.13888; model_validation:drift_gate_failed:going_speed=4.916, horse_career_runs=0.301; overround:1.3109>1.2500; min_edge:unavailable; min_expected_value:unavailable",complete_card; runner_history; reference_market; field_size,True,NO-GO,FORWARD GATE NOT MET (9 OF 9 CRITERIA FAILED),False
aeda59309ea458c0ba99,2026-07-27T21:41:12.379971+00:00,2026-07-27T21:41:12.379971+00:00,2026-07-27T16:30:00+00:00,,2026-07-27T17:30:00+01:00,Southwell,padua,ebc3440c3cdf9c38,Padua,paddy_power,WIN,win,5.0,,,,0.1267,6.5545,0.2,,,50.0,,,,poor,MODEL NO-GO / FORWARD GATE FORWARD GATE NOT MET (9 OF 9 CRITERIA FAILED),PASS,"calibrated_probability:market_adjusted_only; executable_price:age_unknown; source_health:livescorebet:stale=50465s>900s; source_health:paddy_power:stale=50441s>900s; model_validation:NO-GO; model_validation:logloss_edge_not_significant:delta=-0.18621 ci95=[-0.22507,-0.14620]; model_validation:loses_to_best_devig:shin=1.68568; model_validation:clv_not_positive:mean=-0.13417 ci95_lower=-0.13888; model_validation:drift_gate_failed:going_speed=4.916, horse_career_runs=0.301; overround:1.3109>1.2500; min_edge:unavailable; min_expected_value:unavailable",complete_card; runner_history; reference_market; field_size,True,NO-GO,FORWARD GATE NOT MET (9 OF 9 CRITERIA FAILED),False
9d243b3c9499d5b19229,2026-07-27T21:41:12.379971+00:00,2026-07-27T21:41:12.379971+00:00,2026-07-27T16:30:00+00:00,,2026-07-27T17:30:00+01:00,Southwell,shamanchampion,f053b4c130240460,Shaman Champion,paddy_power,WIN,win,8.0,,,,0.1131,10.4872,0.125,,,50.0,,,,poor,MODEL NO-GO / FORWARD GATE FORWARD GATE NOT MET (9 OF 9 CRITERIA FAILED),PASS,"calibrated_probability:market_adjusted_only; executable_price:age_unknown; source_health:livescorebet:stale=50465s>900s; source_health:paddy_power:stale=50441s>900s; model_validation:NO-GO; model_validation:logloss_edge_not_significant:delta=-0.18621 ci95=[-0.22507,-0.14620]; model_validation:loses_to_best_devig:shin=1.68568; model_validation:clv_not_positive:mean=-0.13417 ci95_lower=-0.13888; model_validation:drift_gate_failed:going_speed=4.916, horse_career_runs=0.301; overround:1.3109>1.2500; min_edge:unavailable; min_expected_value:unavailable",complete_card; runner_history; reference_market; field_size,True,NO-GO,FORWARD GATE NOT MET (9 OF 9 CRITERIA FAILED),False
bc587ba77d3da1f877c7,2026-07-27T21:41:12.379971+00:00,2026-07-27T21:41:12.379971+00:00,2026-07-27T16:30:00+00:00,,2026-07-27T17:30:00+01:00,Southwell,eminency,6041d1e5d17cd8e0,Eminency,livescorebet,WIN,win,9.497,,,,0.1013,12.45355,0.10526315789473684,,,50.0,,,,poor,MODEL NO-GO / FORWARD GATE FORWARD GATE NOT MET (9 OF 9 CRITERIA FAILED),PASS,"calibrated_probability:market_adjusted_only; executable_price:age_unknown; source_health:livescorebet:stale=50465s>900s; source_health:paddy_power:stale=50441s>900s; model_validation:NO-GO; model_validation:logloss_edge_not_significant:delta=-0.18621 ci95=[-0.22507,-0.14620]; model_validation:loses_to_best_devig:shin=1.68568; model_validation:clv_not_positive:mean=-0.13417 ci95_lower=-0.13888; model_validation:drift_gate_failed:going_speed=4.916, horse_career_runs=0.301; overround:1.3109>1.2500; min_edge:unavailable; min_expected_value:unavailable",complete_card; runner_history; reference_market; field_size,True,NO-GO,FORWARD GATE NOT MET (9 OF 9 CRITERIA FAILED),False
a6be70b13daa7557f131,2026-07-27T21:41:12.379971+00:00,2026-07-27T21:41:12.379971+00:00,2026-07-27T16:30:00+00:00,,2026-07-27T17:30:00+01:00,Southwell,korbut,702be607d01b06a3,Korbut,livescorebet,WIN,win,8.503,,,,0.1157,11.14265,0.11764705882352941,,,50.0,,,,poor,MODEL NO-GO / FORWARD GATE FORWARD GATE NOT MET (9 OF 9 CRITERIA FAILED),PASS,"calibrated_probability:market_adjusted_only; executable_price:age_unknown; source_health:livescorebet:stale=50465s>900s; source_health:paddy_power:stale=50441s>900s; model_validation:NO-GO; model_validation:logloss_edge_not_significant:delta=-0.18621 ci95=[-0.22507,-0.14620]; model_validation:loses_to_best_devig:shin=1.68568; model_validation:clv_not_positive:mean=-0.13417 ci95_lower=-0.13888; model_validation:drift_gate_failed:going_speed=4.916, horse_career_runs=0.301; overround:1.3109>1.2500; min_edge:unavailable; min_expected_value:unavailable",complete_card; runner_history; reference_market; field_size,True,NO-GO,FORWARD GATE NOT MET (9 OF 9 CRITERIA FAILED),False
0f59e1f09bfada746c0f,2026-07-27T21:41:12.379971+00:00,2026-07-27T21:41:12.379971+00:00,2026-07-27T16:30:00+00:00,,2026-07-27T17:30:00+01:00,Southwell,feeltheneed,7c88df6ef339723b,Feel The Need,livescorebet,WIN,win,8.503,,,,0.1064,11.14265,0.11764705882352941,,,50.0,,,,poor,MODEL NO-GO / FORWARD GATE FORWARD GATE NOT MET (9 OF 9 CRITERIA FAILED),PASS,"calibrated_probability:market_adjusted_only; executable_price:age_unknown; source_health:livescorebet:stale=50465s>900s; source_health:paddy_power:stale=50441s>900s; model_validation:NO-GO; model_validation:logloss_edge_not_significant:delta=-0.18621 ci95=[-0.22507,-0.14620]; model_validation:loses_to_best_devig:shin=1.68568; model_validation:clv_not_positive:mean=-0.13417 ci95_lower=-0.13888; model_validation:drift_gate_failed:going_speed=4.916, horse_career_runs=0.301; overround:1.3109>1.2500; min_edge:unavailable; min_expected_value:unavailable",complete_card; runner_history; reference_market; field_size,True,NO-GO,FORWARD GATE NOT MET (9 OF 9 CRITERIA FAILED),False
b8d43dd6618a8db5e29f,2026-07-27T21:41:12.379971+00:00,2026-07-27T21:41:12.379971+00:00,2026-07-27T16:30:00+00:00,,2026-07-27T17:30:00+01:00,Southwell,kingoffury,2ce2a45c9dabf047,King Of Fury,paddy_power,WIN,win,9.497,,,,0.0891,12.45355,0.10526315789473684,,,50.0,,,,poor,MODEL NO-GO / FORWARD GATE FORWARD GATE NOT MET (9 OF 9 CRITERIA FAILED),PASS,"calibrated_probability:market_adjusted_only; executable_price:age_unknown; source_health:livescorebet:stale=50465s>900s; source_health:paddy_power:stale=50441s>900s; model_validation:NO-GO; model_validation:logloss_edge_not_significant:delta=-0.18621 ci95=[-0.22507,-0.14620]; model_validation:loses_to_best_devig:shin=1.68568; model_validation:clv_not_positive:mean=-0.13417 ci95_lower=-0.13888; model_validation:drift_gate_failed:going_speed=4.916, horse_career_runs=0.301; overround:1.3109>1.2500; min_edge:unavailable; min_expected_value:unavailable",complete_card; runner_history; reference_market; field_size,True,NO-GO,FORWARD GATE NOT MET (9 OF 9 CRITERIA FAILED),False
5c94c2ea8a16b4068dc1,2026-07-27T21:41:12.379971+00:00,2026-07-27T21:41:12.379971+00:00,2026-07-27T16:30:00+00:00,,2026-07-27T17:30:00+01:00,Southwell,chalechalo,15fbd3e39209146c,Chale Chalo,livescorebet,WIN,win,12.005,,,,0.0902,15.7308,0.08333333333333333,,,50.0,,,,poor,MODEL NO-GO / FORWARD GATE FORWARD GATE NOT MET (9 OF 9 CRITERIA FAILED),PASS,"calibrated_probability:market_adjusted_only; executable_price:age_unknown; source_health:livescorebet:stale=50465s>900s; source_health:paddy_power:stale=50441s>900s; model_validation:NO-GO; model_validation:logloss_edge_not_significant:delta=-0.18621 ci95=[-0.22507,-0.14620]; model_validation:loses_to_best_devig:shin=1.68568; model_validation:clv_not_positive:mean=-0.13417 ci95_lower=-0.13888; model_validation:drift_gate_failed:going_speed=4.916, horse_career_runs=0.301; overround:1.3109>1.2500; min_edge:unavailable; min_expected_value:unavailable",complete_card; runner_history; reference_market; field_size,True,NO-GO,FORWARD GATE NOT MET (9 OF 9 CRITERIA FAILED),False
dd4de0a904ce2dcdca42,2026-07-27T21:41:12.379971+00:00,2026-07-27T21:41:12.379971+00:00,2026-07-27T16:30:00+00:00,,2026-07-27T17:30:00+01:00,Southwell,whitecrownstar,8183e7dfa73201cf,White Crown Star,paddy_power,WIN,win,28.986,,,,0.0276,38.0161,0.034482758620689655,,,50.0,,,,poor,MODEL NO-GO / FORWARD GATE FORWARD GATE NOT MET (9 OF 9 CRITERIA FAILED),PASS,"runner_history:no_prior_form; calibrated_probability:market_adjusted_only; executable_price:age_unknown; source_health:livescorebet:stale=50465s>900s; source_health:paddy_power:stale=50441s>900s; model_validation:NO-GO; model_validation:logloss_edge_not_significant:delta=-0.18621 ci95=[-0.22507,-0.14620]; model_validation:loses_to_best_devig:shin=1.68568; model_validation:clv_not_positive:mean=-0.13417 ci95_lower=-0.13888; model_validation:drift_gate_failed:going_speed=4.916, horse_career_runs=0.301; overround:1.3109>1.2500; min_edge:unavailable; min_expected_value:unavailable",complete_card; reference_market; field_size,True,NO-GO,FORWARD GATE NOT MET (9 OF 9 CRITERIA FAILED),False
5df754a985e2597dd215,2026-07-27T21:41:12.379971+00:00,2026-07-27T21:41:12.379971+00:00,2026-07-27T16:40:00+00:00,,2026-07-27T17:40:00+01:00,Galway,hopefulhero,af72fc4584bd4282,Hopeful Hero,paddy_power,WIN,win,5.0,,,,0.1512,8.3995,0.2,,,50.0,,,,poor,MODEL NO-GO / FORWARD GATE FORWARD GATE NOT MET (9 OF 9 CRITERIA FAILED),PASS,"calibrated_probability:market_adjusted_only; executable_price:age_unknown; source_health:livescorebet:stale=50465s>900s; source_health:paddy_power:stale=50441s>900s; model_validation:NO-GO; model_validation:logloss_edge_not_significant:delta=-0.18621 ci95=[-0.22507,-0.14620]; model_validation:loses_to_best_devig:shin=1.68568; model_validation:clv_not_positive:mean=-0.13417 ci95_lower=-0.13888; model_validation:drift_gate_failed:going_speed=4.916, horse_career_runs=0.301; overround:1.6799>1.2500; min_edge:unavailable; min_expected_value:unavailable",complete_card; runner_history; reference_market; field_size,True,NO-GO,FORWARD GATE NOT MET (9 OF 9 CRITERIA FAILED),False
34bee1fcf47e3541f30c,2026-07-27T21:41:12.379971+00:00,2026-07-27T21:41:12.379971+00:00,2026-07-27T16:40:00+00:00,,2026-07-27T17:40:00+01:00,Galway,westoftignes,8ede325e516451a8,Westoftignes,livescorebet,WIN,win,5.999,,,,0.1467,10.0794,0.16666666666666666,,,50.0,,,,poor,MODEL NO-GO / FORWARD GATE FORWARD GATE NOT MET (9 OF 9 CRITERIA FAILED),PASS,"calibrated_probability:market_adjusted_only; executable_price:age_unknown; source_health:livescorebet:stale=50465s>900s; source_health:paddy_power:stale=50441s>900s; model_validation:NO-GO; model_validation:logloss_edge_not_significant:delta=-0.18621 ci95=[-0.22507,-0.14620]; model_validation:loses_to_best_devig:shin=1.68568; model_validation:clv_not_positive:mean=-0.13417 ci95_lower=-0.13888; model_validation:drift_gate_failed:going_speed=4.916, horse_career_runs=0.301; overround:1.6799>1.2500; min_edge:unavailable; min_expected_value:unavailable",complete_card; runner_history; reference_market; field_size,True,NO-GO,FORWARD GATE NOT MET (9 OF 9 CRITERIA FAILED),False
238b49fd1260374df514,2026-07-27T21:41:12.379971+00:00,2026-07-27T21:41:12.379971+00:00,2026-07-27T16:40:00+00:00,,2026-07-27T17:40:00+01:00,Galway,drombane,3d12636b60b20503,Drombane,livescorebet,WIN,win,8.0,,,,0.12,13.4392,0.125,,,50.0,,,,poor,MODEL NO-GO / FORWARD GATE FORWARD GATE NOT MET (9 OF 9 CRITERIA FAILED),PASS,"calibrated_probability:market_adjusted_only; executable_price:age_unknown; source_health:livescorebet:stale=50465s>900s; source_health:paddy_power:stale=50441s>900s; model_validation:NO-GO; model_validation:logloss_edge_not_significant:delta=-0.18621 ci95=[-0.22507,-0.14620]; model_validation:loses_to_best_devig:shin=1.68568; model_validation:clv_not_positive:mean=-0.13417 ci95_lower=-0.13888; model_validation:drift_gate_failed:going_speed=4.916, horse_career_runs=0.301; overround:1.6799>1.2500; min_edge:unavailable; min_expected_value:unavailable",complete_card; runner_history; reference_market; field_size,True,NO-GO,FORWARD GATE NOT MET (9 OF 9 CRITERIA FAILED),False
2a24184573b281c15d88,2026-07-27T21:41:12.379971+00:00,2026-07-27T21:41:12.379971+00:00,2026-07-27T16:40:00+00:00,,2026-07-27T17:40:00+01:00,Galway,martlane,59f075c2bd082369,Mart Lane,livescorebet,WIN,win,8.0,,,,0.1129,13.4392,0.125,,,50.0,,,,poor,MODEL NO-GO / FORWARD GATE FORWARD GATE NOT MET (9 OF 9 CRITERIA FAILED),PASS,"calibrated_probability:market_adjusted_only; executable_price:age_unknown; source_health:livescorebet:stale=50465s>900s; source_health:paddy_power:stale=50441s>900s; model_validation:NO-GO; model_validation:logloss_edge_not_significant:delta=-0.18621 ci95=[-0.22507,-0.14620]; model_validation:loses_to_best_devig:shin=1.68568; model_validation:clv_not_positive:mean=-0.13417 ci95_lower=-0.13888; model_validation:drift_gate_failed:going_speed=4.916, horse_career_runs=0.301; overround:1.6799>1.2500; min_edge:unavailable; min_expected_value:unavailable",complete_card; runner_history; reference_market; field_size,True,NO-GO,FORWARD GATE NOT MET (9 OF 9 CRITERIA FAILED),False
e8db0fd78ea97e98e7ce,2026-07-27T21:41:12.379971+00:00,2026-07-27T21:41:12.379971+00:00,2026-07-27T16:40:00+00:00,,2026-07-27T17:40:00+01:00,Galway,canhappen,96b9490b619aff12,Can Happen,paddy_power,WIN,win,10.0,,,,0.0793,16.799,0.1,,,50.0,,,,poor,MODEL NO-GO / FORWARD GATE FORWARD GATE NOT MET (9 OF 9 CRITERIA FAILED),PASS,"calibrated_probability:market_adjusted_only; executable_price:age_unknown; source_health:livescorebet:stale=50465s>900s; source_health:paddy_power:stale=50441s>900s; model_validation:NO-GO; model_validation:logloss_edge_not_significant:delta=-0.18621 ci95=[-0.22507,-0.14620]; model_validation:loses_to_best_devig:shin=1.68568; model_validation:clv_not_positive:mean=-0.13417 ci95_lower=-0.13888; model_validation:drift_gate_failed:going_speed=4.916, horse_career_runs=0.301; overround:1.6799>1.2500; min_edge:unavailable; min_expected_value:unavailable",complete_card; runner_history; reference_market; field_size,True,NO-GO,FORWARD GATE NOT MET (9 OF 9 CRITERIA FAILED),False
504a21f3f190503f4194,2026-07-27T21:41:12.379971+00:00,2026-07-27T21:41:12.379971+00:00,2026-07-27T16:40:00+00:00,,2026-07-27T17:40:00+01:00,Galway,dairyforce,d195facfa2fd40f5,Dairy Force,paddy_power,WIN,win,11.001,,,,0.0629,18.4789,0.09090909090909091,,,50.0,,,,poor,MODEL NO-GO / FORWARD GATE FORWARD GATE NOT MET (9 OF 9 CRITERIA FAILED),PASS,"calibrated_probability:market_adjusted_only; executable_price:age_unknown; source_health:livescorebet:stale=50465s>900s; source_health:paddy_power:stale=50441s>900s; model_validation:NO-GO; model_validation:logloss_edge_not_significant:delta=-0.18621 ci95=[-0.22507,-0.14620]; model_validation:loses_to_best_devig:shin=1.68568; model_validation:clv_not_positive:mean=-0.13417 ci95_lower=-0.13888; model_validation:drift_gate_failed:going_speed=4.916, horse_career_runs=0.301; overround:1.6799>1.2500; min_edge:unavailable; min_expected_value:unavailable",complete_card; runner_history; reference_market; field_size,True,NO-GO,FORWARD GATE NOT MET (9 OF 9 CRITERIA FAILED),False
d85eba00384cdd5a8477,2026-07-27T21:41:12.379971+00:00,2026-07-27T21:41:12.379971+00:00,2026-07-27T16:40:00+00:00,,2026-07-27T17:40:00+01:00,Galway,whatsnew,4e5ae74de17714cf,Whats New,livescorebet,WIN,win,14.993,,,,0.063,25.198500000000003,0.06666666666666667,,,50.0,,,,poor,MODEL NO-GO / FORWARD GATE FORWARD GATE NOT MET (9 OF 9 CRITERIA FAILED),PASS,"calibrated_probability:market_adjusted_only; executable_price:age_unknown; source_health:livescorebet:stale=50465s>900s; source_health:paddy_power:stale=50441s>900s; model_validation:NO-GO; model_validation:logloss_edge_not_significant:delta=-0.18621 ci95=[-0.22507,-0.14620]; model_validation:loses_to_best_devig:shin=1.68568; model_validation:clv_not_positive:mean=-0.13417 ci95_lower=-0.13888; model_validation:drift_gate_failed:going_speed=4.916, horse_career_runs=0.301; overround:1.6799>1.2500; min_edge:unavailable; min_expected_value:unavailable",complete_card; runner_history; reference_market; field_size,True,NO-GO,FORWARD GATE NOT MET (9 OF 9 CRITERIA FAILED),False
e31393f6428eaf2a1c38,2026-07-27T21:41:12.379971+00:00,2026-07-27T21:41:12.379971+00:00,2026-07-27T16:40:00+00:00,,2026-07-27T17:40:00+01:00,Galway,alloalkhawaneej,4c361268f7ec9295,Allo Al Khawaneej,livescorebet,WIN,win,12.005,,,,0.0705,20.1588,0.08333333333333333,,,50.0,,,,poor,MODEL NO-GO / FORWARD GATE FORWARD GATE NOT MET (9 OF 9 CRITERIA FAILED),PASS,"calibrated_probability:market_adjusted_only; executable_price:age_unknown; source_health:livescorebet:stale=50465s>900s; source_health:paddy_power:stale=50441s>900s; model_validation:NO-GO; model_validation:logloss_edge_not_significant:delta=-0.18621 ci95=[-0.22507,-0.14620]; model_validation:loses_to_best_devig:shin=1.68568; model_validation:clv_not_positive:mean=-0.13417 ci95_lower=-0.13888; model_validation:drift_gate_failed:going_speed=4.916, horse_career_runs=0.301; overround:1.6799>1.2500; min_edge:unavailable; min_expected_value:unavailable",complete_card; runner_history; reference_market; field_size,True,NO-GO,FORWARD GATE NOT MET (9 OF 9 CRITERIA FAILED),False
ca97daf9339efd103d56,2026-07-27T21:41:12.379971+00:00,2026-07-27T21:41:12.379971+00:00,2026-07-27T16:40:00+00:00,,2026-07-27T17:40:00+01:00,Galway,letsgolafichad,1ac390039eb40d8e,Let's Go La Fichad,livescorebet,WIN,win,13.004,,,,0.072,21.8387,0.07692307692307693,,,50.0,,,,poor,MODEL NO-GO / FORWARD GATE FORWARD GATE NOT MET (9 OF 9 CRITERIA FAILED),PASS,"calibrated_probability:market_adjusted_only; executable_price:age_unknown; source_health:livescorebet:stale=50465s>900s; source_health:paddy_power:stale=50441s>900s; model_validation:NO-GO; model_validation:logloss_edge_not_significant:delta=-0.18621 ci95=[-0.22507,-0.14620]; model_validation:loses_to_best_devig:shin=1.68568; model_validation:clv_not_positive:mean=-0.13417 ci95_lower=-0.13888; model_validation:drift_gate_failed:going_speed=4.916, horse_career_runs=0.301; overround:1.6799>1.2500; min_edge:unavailable; min_expected_value:unavailable",complete_card; runner_history; reference_market; field_size,True,NO-GO,FORWARD GATE NOT MET (9 OF 9 CRITERIA FAILED),False
6b3557c01fd7b3913e45,2026-07-27T21:41:12.379971+00:00,2026-07-27T21:41:12.379971+00:00,2026-07-27T16:40:00+00:00,,2026-07-27T17:40:00+01:00,Galway,timurshah,e27efb3e6d720544,Timurshah,paddy_power,WIN,win,13.004,,,,0.0479,21.8387,0.07692307692307693,,,50.0,,,,poor,MODEL NO-GO / FORWARD GATE FORWARD GATE NOT MET (9 OF 9 CRITERIA FAILED),PASS,"calibrated_probability:market_adjusted_only; executable_price:age_unknown; source_health:livescorebet:stale=50465s>900s; source_health:paddy_power:stale=50441s>900s; model_validation:NO-GO; model_validation:logloss_edge_not_significant:delta=-0.18621 ci95=[-0.22507,-0.14620]; model_validation:loses_to_best_devig:shin=1.68568; model_validation:clv_not_positive:mean=-0.13417 ci95_lower=-0.13888; model_validation:drift_gate_failed:going_speed=4.916, horse_career_runs=0.301; overround:1.6799>1.2500; min_edge:unavailable; min_expected_value:unavailable",complete_card; runner_history; reference_market; field_size,True,NO-GO,FORWARD GATE NOT MET (9 OF 9 CRITERIA FAILED),False
ce6d30dcf4b18afb41a7,2026-07-27T21:41:12.379971+00:00,2026-07-27T21:41:12.379971+00:00,2026-07-27T16:40:00+00:00,,2026-07-27T17:40:00+01:00,Galway,soldante,0a85f2b54d53f73a,Soldante,livescorebet,WIN,win,12.005,,,,0.0705,20.1588,0.08333333333333333,,,50.0,,,,poor,MODEL NO-GO / FORWARD GATE FORWARD GATE NOT MET (9 OF 9 CRITERIA FAILED),PASS,"calibrated_probability:market_adjusted_only; executable_price:age_unknown; source_health:livescorebet:stale=50465s>900s; source_health:paddy_power:stale=50441s>900s; model_validation:NO-GO; model_validation:logloss_edge_not_significant:delta=-0.18621 ci95=[-0.22507,-0.14620]; model_validation:loses_to_best_devig:shin=1.68568; model_validation:clv_not_positive:mean=-0.13417 ci95_lower=-0.13888; model_validation:drift_gate_failed:going_speed=4.916, horse_career_runs=0.301; overround:1.6799>1.2500; min_edge:unavailable; min_expected_value:unavailable",complete_card; runner_history; reference_market; field_size,True,NO-GO,FORWARD GATE NOT MET (9 OF 9 CRITERIA FAILED),False
c30a11cdcdafdffe11cc,2026-07-27T21:41:12.379971+00:00,2026-07-27T21:41:12.379971+00:00,2026-07-27T16:40:00+00:00,,2026-07-27T17:40:00+01:00,Galway,metamorpheus,f91a7eac4b8ef4e0,Metamorpheus,livescorebet,WIN,win,17.007,,,,0.0557,28.558299999999996,0.058823529411764705,,,50.0,,,,poor,MODEL NO-GO / FORWARD GATE FORWARD GATE NOT MET (9 OF 9 CRITERIA FAILED),PASS,"calibrated_probability:market_adjusted_only; executable_price:age_unknown; source_health:livescorebet:stale=50465s>900s; source_health:paddy_power:stale=50441s>900s; model_validation:NO-GO; model_validation:logloss_edge_not_significant:delta=-0.18621 ci95=[-0.22507,-0.14620]; model_validation:loses_to_best_devig:shin=1.68568; model_validation:clv_not_positive:mean=-0.13417 ci95_lower=-0.13888; model_validation:drift_gate_failed:going_speed=4.916, horse_career_runs=0.301; overround:1.6799>1.2500; min_edge:unavailable; min_expected_value:unavailable",complete_card; runner_history; reference_market; field_size,True,NO-GO,FORWARD GATE NOT MET (9 OF 9 CRITERIA FAILED),False
b01b416abcfac18ec96e,2026-07-27T21:41:12.379971+00:00,2026-07-27T21:41:12.379971+00:00,2026-07-27T16:40:00+00:00,,2026-07-27T17:40:00+01:00,Galway,searcog,f908a92c61497fa2,Searcog,livescorebet,WIN,win,25.974,,,,0.036,43.6774,0.038461538461538464,,,50.0,,,,poor,MODEL NO-GO / FORWARD GATE FORWARD GATE NOT MET (9 OF 9 CRITERIA FAILED),PASS,"calibrated_probability:market_adjusted_only; executable_price:age_unknown; source_health:livescorebet:stale=50465s>900s; source_health:paddy_power:stale=50441s>900s; model_validation:NO-GO; model_validation:logloss_edge_not_significant:delta=-0.18621 ci95=[-0.22507,-0.14620]; model_validation:loses_to_best_devig:shin=1.68568; model_validation:clv_not_positive:mean=-0.13417 ci95_lower=-0.13888; model_validation:drift_gate_failed:going_speed=4.916, horse_career_runs=0.301; overround:1.6799>1.2500; min_edge:unavailable; min_expected_value:unavailable",complete_card; runner_history; reference_market; field_size,True,NO-GO,FORWARD GATE NOT MET (9 OF 9 CRITERIA FAILED),False
4092ef2b3c2a4df10333,2026-07-27T21:41:12.379971+00:00,2026-07-27T21:41:12.379971+00:00,2026-07-27T16:40:00+00:00,,2026-07-27T17:40:00+01:00,Galway,sestini,b36c8a75731b72c0,Sestini,paddy_power,WIN,win,21.008,,,,0.0417,35.2779,0.047619047619047616,,,50.0,,,,poor,MODEL NO-GO / FORWARD GATE FORWARD GATE NOT MET (9 OF 9 CRITERIA FAILED),PASS,"calibrated_probability:market_adjusted_only; executable_price:age_unknown; source_health:livescorebet:stale=50465s>900s; source_health:paddy_power:stale=50441s>900s; model_validation:NO-GO; model_validation:logloss_edge_not_significant:delta=-0.18621 ci95=[-0.22507,-0.14620]; model_validation:loses_to_best_devig:shin=1.68568; model_validation:clv_not_positive:mean=-0.13417 ci95_lower=-0.13888; model_validation:drift_gate_failed:going_speed=4.916, horse_career_runs=0.301; overround:1.6799>1.2500; min_edge:unavailable; min_expected_value:unavailable",complete_card; runner_history; reference_market; field_size,True,NO-GO,FORWARD GATE NOT MET (9 OF 9 CRITERIA FAILED),False
a59c397ba2319b2b9f6b,2026-07-27T21:41:12.379971+00:00,2026-07-27T21:41:12.379971+00:00,2026-07-27T16:40:00+00:00,,2026-07-27T17:40:00+01:00,Galway,quintmajor,253f54e8f9f2f6ad,Quint Major,paddy_power,WIN,win,22.989,,,,0.0352,38.637699999999995,0.043478260869565216,,,50.0,,,,poor,MODEL NO-GO / FORWARD GATE FORWARD GATE NOT MET (9 OF 9 CRITERIA FAILED),PASS,"calibrated_probability:market_adjusted_only; executable_price:age_unknown; source_health:livescorebet:stale=50465s>900s; source_health:paddy_power:stale=50441s>900s; model_validation:NO-GO; model_validation:logloss_edge_not_significant:delta=-0.18621 ci95=[-0.22507,-0.14620]; model_validation:loses_to_best_devig:shin=1.68568; model_validation:clv_not_positive:mean=-0.13417 ci95_lower=-0.13888; model_validation:drift_gate_failed:going_speed=4.916, horse_career_runs=0.301; overround:1.6799>1.2500; min_edge:unavailable; min_expected_value:unavailable",complete_card; runner_history; reference_market; field_size,True,NO-GO,FORWARD GATE NOT MET (9 OF 9 CRITERIA FAILED),False
c55ac9808288135dd2f9,2026-07-27T21:41:12.379971+00:00,2026-07-27T21:41:12.379971+00:00,2026-07-27T16:40:00+00:00,,2026-07-27T17:40:00+01:00,Galway,bruant,0e46138bc52f506c,Bruant,paddy_power,WIN,win,19.011,,,,0.03,31.9181,0.05263157894736842,,,50.0,,,,poor,MODEL NO-GO / FORWARD GATE FORWARD GATE NOT MET (9 OF 9 CRITERIA FAILED),PASS,"calibrated_probability:market_adjusted_only; executable_price:age_unknown; source_health:livescorebet:stale=50465s>900s; source_health:paddy_power:stale=50441s>900s; model_validation:NO-GO; model_validation:logloss_edge_not_significant:delta=-0.18621 ci95=[-0.22507,-0.14620]; model_validation:loses_to_best_devig:shin=1.68568; model_validation:clv_not_positive:mean=-0.13417 ci95_lower=-0.13888; model_validation:drift_gate_failed:going_speed=4.916, horse_career_runs=0.301; overround:1.6799>1.2500; min_edge:unavailable; min_expected_value:unavailable",complete_card; runner_history; reference_market; field_size,True,NO-GO,FORWARD GATE NOT MET (9 OF 9 CRITERIA FAILED),False
4af033dfbea0fadf7ebe,2026-07-27T21:41:12.379971+00:00,2026-07-27T21:41:12.379971+00:00,2026-07-27T16:40:00+00:00,,2026-07-27T17:40:00+01:00,Galway,inchiquinstar,81ddcb02e7e9f889,Inchiquin Star,paddy_power,WIN,win,21.008,,,,0.0359,35.2779,0.047619047619047616,,,50.0,,,,poor,MODEL NO-GO / FORWARD GATE FORWARD GATE NOT MET (9 OF 9 CRITERIA FAILED),PASS,"calibrated_probability:market_adjusted_only; executable_price:age_unknown; source_health:livescorebet:stale=50465s>900s; source_health:paddy_power:stale=50441s>900s; model_validation:NO-GO; model_validation:logloss_edge_not_significant:delta=-0.18621 ci95=[-0.22507,-0.14620]; model_validation:loses_to_best_devig:shin=1.68568; model_validation:clv_not_positive:mean=-0.13417 ci95_lower=-0.13888; model_validation:drift_gate_failed:going_speed=4.916, horse_career_runs=0.301; overround:1.6799>1.2500; min_edge:unavailable; min_expected_value:unavailable",complete_card; runner_history; reference_market; field_size,True,NO-GO,FORWARD GATE NOT MET (9 OF 9 CRITERIA FAILED),False
c5b661f2da620f9ceb70,2026-07-27T21:41:12.379971+00:00,2026-07-27T21:41:12.379971+00:00,2026-07-27T16:40:00+00:00,,2026-07-27T17:40:00+01:00,Galway,figero,26024c6dc44f2567,Figero,livescorebet,WIN,win,17.007,,,,,28.558299999999996,0.058823529411764705,,,50.0,,,,poor,MODEL NO-GO / FORWARD GATE FORWARD GATE NOT MET (9 OF 9 CRITERIA FAILED),PASS,"calibrated_probability:missing; executable_price:age_unknown; source_health:livescorebet:stale=50465s>900s; source_health:paddy_power:stale=50441s>900s; model_validation:NO-GO; model_validation:logloss_edge_not_significant:delta=-0.18621 ci95=[-0.22507,-0.14620]; model_validation:loses_to_best_devig:shin=1.68568; model_validation:clv_not_positive:mean=-0.13417 ci95_lower=-0.13888; model_validation:drift_gate_failed:going_speed=4.916, horse_career_runs=0.301; overround:1.6799>1.2500; min_edge:unavailable; min_expected_value:unavailable",complete_card; runner_history; reference_market; field_size,True,NO-GO,FORWARD GATE NOT MET (9 OF 9 CRITERIA FAILED),False
b0bcde8477f6d8f64ac6,2026-07-27T21:41:12.379971+00:00,2026-07-27T21:41:12.379971+00:00,2026-07-27T16:40:00+00:00,,2026-07-27T17:40:00+01:00,Galway,intheminus,1785961d7652a56d,In The Minus,livescorebet,WIN,win,34.014,,,,0.0276,57.11659999999999,0.029411764705882353,,,50.0,,,,poor,MODEL NO-GO / FORWARD GATE FORWARD GATE NOT MET (9 OF 9 CRITERIA FAILED),PASS,"calibrated_probability:market_adjusted_only; executable_price:age_unknown; source_health:livescorebet:stale=50465s>900s; source_health:paddy_power:stale=50441s>900s; model_validation:NO-GO; model_validation:logloss_edge_not_significant:delta=-0.18621 ci95=[-0.22507,-0.14620]; model_validation:loses_to_best_devig:shin=1.68568; model_validation:clv_not_positive:mean=-0.13417 ci95_lower=-0.13888; model_validation:drift_gate_failed:going_speed=4.916, horse_career_runs=0.301; overround:1.6799>1.2500; min_edge:unavailable; min_expected_value:unavailable",complete_card; runner_history; reference_market; field_size,True,NO-GO,FORWARD GATE NOT MET (9 OF 9 CRITERIA FAILED),False
f773a36f150781f833f5,2026-07-27T21:41:12.379971+00:00,2026-07-27T21:41:12.379971+00:00,2026-07-27T16:40:00+00:00,,2026-07-27T17:40:00+01:00,Galway,brosnatown,1b10e978ee85ed08,Brosna Town,livescorebet,WIN,win,34.014,,,,0.0212,57.11659999999999,0.029411764705882353,,,50.0,,,,poor,MODEL NO-GO / FORWARD GATE FORWARD GATE NOT MET (9 OF 9 CRITERIA FAILED),PASS,"calibrated_probability:market_adjusted_only; executable_price:age_unknown; source_health:livescorebet:stale=50465s>900s; source_health:paddy_power:stale=50441s>900s; model_validation:NO-GO; model_validation:logloss_edge_not_significant:delta=-0.18621 ci95=[-0.22507,-0.14620]; model_validation:loses_to_best_devig:shin=1.68568; model_validation:clv_not_positive:mean=-0.13417 ci95_lower=-0.13888; model_validation:drift_gate_failed:going_speed=4.916, horse_career_runs=0.301; overround:1.6799>1.2500; min_edge:unavailable; min_expected_value:unavailable",complete_card; runner_history; reference_market; field_size,True,NO-GO,FORWARD GATE NOT MET (9 OF 9 CRITERIA FAILED),False
96248dafc4c37547dfdb,2026-07-27T21:41:12.379971+00:00,2026-07-27T21:41:12.379971+00:00,2026-07-27T16:40:00+00:00,,2026-07-27T17:40:00+01:00,Galway,claude,3e9017c5ccba1528,Claude,paddy_power,WIN,win,28.986,,,,0.0212,48.7171,0.034482758620689655,,,50.0,,,,poor,MODEL NO-GO / FORWARD GATE FORWARD GATE NOT MET (9 OF 9 CRITERIA FAILED),PASS,"calibrated_probability:market_adjusted_only; executable_price:age_unknown; source_health:livescorebet:stale=50465s>900s; source_health:paddy_power:stale=50441s>900s; model_validation:NO-GO; model_validation:logloss_edge_not_significant:delta=-0.18621 ci95=[-0.22507,-0.14620]; model_validation:loses_to_best_devig:shin=1.68568; model_validation:clv_not_positive:mean=-0.13417 ci95_lower=-0.13888; model_validation:drift_gate_failed:going_speed=4.916, horse_career_runs=0.301; overround:1.6799>1.2500; min_edge:unavailable; min_expected_value:unavailable",complete_card; runner_history; reference_market; field_size,True,NO-GO,FORWARD GATE NOT MET (9 OF 9 CRITERIA FAILED),False
8d32f177202396cc4564,2026-07-27T21:41:12.379971+00:00,2026-07-27T21:41:12.379971+00:00,2026-07-27T16:40:00+00:00,,2026-07-27T17:40:00+01:00,Galway,woodstreamlad,ddecfc2efdb4000d,Woodstream Lad,paddy_power,WIN,win,34.014,,,,0.0031,57.11659999999999,0.029411764705882353,,,50.0,,,,poor,MODEL NO-GO / FORWARD GATE FORWARD GATE NOT MET (9 OF 9 CRITERIA FAILED),PASS,"calibrated_probability:market_adjusted_only; executable_price:age_unknown; source_health:livescorebet:stale=50465s>900s; source_health:paddy_power:stale=50441s>900s; model_validation:NO-GO; model_validation:logloss_edge_not_significant:delta=-0.18621 ci95=[-0.22507,-0.14620]; model_validation:loses_to_best_devig:shin=1.68568; model_validation:clv_not_positive:mean=-0.13417 ci95_lower=-0.13888; model_validation:drift_gate_failed:going_speed=4.916, horse_career_runs=0.301; overround:1.6799>1.2500; min_edge:unavailable; min_expected_value:unavailable",complete_card; runner_history; reference_market; field_size,True,NO-GO,FORWARD GATE NOT MET (9 OF 9 CRITERIA FAILED),False
255d6d641ccee56a47dc,2026-07-27T21:41:12.379971+00:00,2026-07-27T21:41:12.379971+00:00,2026-07-27T16:40:00+00:00,,2026-07-27T17:40:00+01:00,Galway,desertfriend,8713cc7f60531bf5,Desert Friend,livescorebet,WIN,win,67.114,,,,,112.55330000000001,0.014925373134328358,,,50.0,,,,poor,MODEL NO-GO / FORWARD GATE FORWARD GATE NOT MET (9 OF 9 CRITERIA FAILED),PASS,"calibrated_probability:missing; executable_price:age_unknown; source_health:livescorebet:stale=50465s>900s; source_health:paddy_power:stale=50441s>900s; model_validation:NO-GO; model_validation:logloss_edge_not_significant:delta=-0.18621 ci95=[-0.22507,-0.14620]; model_validation:loses_to_best_devig:shin=1.68568; model_validation:clv_not_positive:mean=-0.13417 ci95_lower=-0.13888; model_validation:drift_gate_failed:going_speed=4.916, horse_career_runs=0.301; overround:1.6799>1.2500; min_edge:unavailable; min_expected_value:unavailable",complete_card; runner_history; reference_market; field_size,True,NO-GO,FORWARD GATE NOT MET (9 OF 9 CRITERIA FAILED),False
fdc2153b3a8d605e9eaf,2026-07-27T21:41:12.379971+00:00,2026-07-27T21:41:12.379971+00:00,2026-07-27T16:50:00+00:00,,2026-07-27T17:50:00+01:00,Windsor,lucythewire,45ed6ad417ea50cc,Lucy The Wire,paddy_power,WIN,win,2.88,,,,0.3503,3.453984,0.3472222222222222,,,50.0,,,,poor,MODEL NO-GO / FORWARD GATE FORWARD GATE NOT MET (9 OF 9 CRITERIA FAILED),PASS,"calibrated_probability:market_adjusted_only; executable_price:age_unknown; source_health:livescorebet:stale=50465s>900s; source_health:paddy_power:stale=50441s>900s; model_validation:NO-GO; model_validation:logloss_edge_not_significant:delta=-0.18621 ci95=[-0.22507,-0.14620]; model_validation:loses_to_best_devig:shin=1.68568; model_validation:clv_not_positive:mean=-0.13417 ci95_lower=-0.13888; model_validation:drift_gate_failed:going_speed=4.916, horse_career_runs=0.301; min_edge:unavailable; min_expected_value:unavailable",complete_card; runner_history; reference_market; field_size; overround,True,NO-GO,FORWARD GATE NOT MET (9 OF 9 CRITERIA FAILED),False
bbe07efdd3178d7414f1,2026-07-27T21:41:12.379971+00:00,2026-07-27T21:41:12.379971+00:00,2026-07-27T16:50:00+00:00,,2026-07-27T17:50:00+01:00,Windsor,sweethorizon,84899a0d6b1dd148,Sweet Horizon,paddy_power,WIN,win,1.91,,,,0.4826,2.2906630000000003,0.5235602094240838,,,50.0,,,,poor,MODEL NO-GO / FORWARD GATE FORWARD GATE NOT MET (9 OF 9 CRITERIA FAILED),PASS,"runner_history:no_prior_form; calibrated_probability:market_adjusted_only; executable_price:age_unknown; source_health:livescorebet:stale=50465s>900s; source_health:paddy_power:stale=50441s>900s; model_validation:NO-GO; model_validation:logloss_edge_not_significant:delta=-0.18621 ci95=[-0.22507,-0.14620]; model_validation:loses_to_best_devig:shin=1.68568; model_validation:clv_not_positive:mean=-0.13417 ci95_lower=-0.13888; model_validation:drift_gate_failed:going_speed=4.916, horse_career_runs=0.301; min_edge:unavailable; min_expected_value:unavailable",complete_card; reference_market; field_size; overround,True,NO-GO,FORWARD GATE NOT MET (9 OF 9 CRITERIA FAILED),False
13766b3051800c1be801,2026-07-27T21:41:12.379971+00:00,2026-07-27T21:41:12.379971+00:00,2026-07-27T16:50:00+00:00,,2026-07-27T17:50:00+01:00,Windsor,ziata,dd130fc84500fdb7,Ziata,livescorebet,WIN,win,4.5,,,,0.2479,5.396850000000001,0.2222222222222222,,,50.0,,,,poor,MODEL NO-GO / FORWARD GATE FORWARD GATE NOT MET (9 OF 9 CRITERIA FAILED),PASS,"calibrated_probability:market_adjusted_only; executable_price:age_unknown; source_health:livescorebet:stale=50465s>900s; source_health:paddy_power:stale=50441s>900s; model_validation:NO-GO; model_validation:logloss_edge_not_significant:delta=-0.18621 ci95=[-0.22507,-0.14620]; model_validation:loses_to_best_devig:shin=1.68568; model_validation:clv_not_positive:mean=-0.13417 ci95_lower=-0.13888; model_validation:drift_gate_failed:going_speed=4.916, horse_career_runs=0.301; min_edge:unavailable; min_expected_value:unavailable",complete_card; runner_history; reference_market; field_size; overround,True,NO-GO,FORWARD GATE NOT MET (9 OF 9 CRITERIA FAILED),False
959715325e126a784591,2026-07-27T21:41:12.379971+00:00,2026-07-27T21:41:12.379971+00:00,2026-07-27T16:50:00+00:00,,2026-07-27T17:50:00+01:00,Windsor,hotelcalifornia,741a74f4b1de47a9,Hotel California,livescorebet,WIN,win,13.004,,,,0.0745,15.590899999999998,0.07692307692307693,,,50.0,,,,poor,MODEL NO-GO / FORWARD GATE FORWARD GATE NOT MET (9 OF 9 CRITERIA FAILED),PASS,"calibrated_probability:market_adjusted_only; executable_price:age_unknown; source_health:livescorebet:stale=50465s>900s; source_health:paddy_power:stale=50441s>900s; model_validation:NO-GO; model_validation:logloss_edge_not_significant:delta=-0.18621 ci95=[-0.22507,-0.14620]; model_validation:loses_to_best_devig:shin=1.68568; model_validation:clv_not_positive:mean=-0.13417 ci95_lower=-0.13888; model_validation:drift_gate_failed:going_speed=4.916, horse_career_runs=0.301; min_edge:unavailable; min_expected_value:unavailable",complete_card; runner_history; reference_market; field_size; overround,True,NO-GO,FORWARD GATE NOT MET (9 OF 9 CRITERIA FAILED),False
abd4f2183c012a43c401,2026-07-27T21:41:12.379971+00:00,2026-07-27T21:41:12.379971+00:00,2026-07-27T16:50:00+00:00,,2026-07-27T17:50:00+01:00,Windsor,starsuepreme,28db647b3090e450,Star Suepreme,paddy_power,WIN,win,34.014,,,,0.0224,40.7762,0.029411764705882353,,,50.0,,,,poor,MODEL NO-GO / FORWARD GATE FORWARD GATE NOT MET (9 OF 9 CRITERIA FAILED),PASS,"calibrated_probability:market_adjusted_only; executable_price:age_unknown; source_health:livescorebet:stale=50465s>900s; source_health:paddy_power:stale=50441s>900s; model_validation:NO-GO; model_validation:logloss_edge_not_significant:delta=-0.18621 ci95=[-0.22507,-0.14620]; model_validation:loses_to_best_devig:shin=1.68568; model_validation:clv_not_positive:mean=-0.13417 ci95_lower=-0.13888; model_validation:drift_gate_failed:going_speed=4.916, horse_career_runs=0.301; min_edge:unavailable; min_expected_value:unavailable",complete_card; runner_history; reference_market; field_size; overround,True,NO-GO,FORWARD GATE NOT MET (9 OF 9 CRITERIA FAILED),False
733d0c889aef812b6226,2026-07-27T21:41:12.379971+00:00,2026-07-27T21:41:12.379971+00:00,2026-07-27T17:00:00+00:00,,2026-07-27T18:00:00+01:00,Ripon,harswellriver,b89e3faf32c2ba8a,Harswell River,livescorebet,WIN,win,3.5,,,,0.2974,4.089049999999999,0.2857142857142857,,,50.0,,,,poor,MODEL NO-GO / FORWARD GATE FORWARD GATE NOT MET (9 OF 9 CRITERIA FAILED),PASS,"calibrated_probability:market_adjusted_only; executable_price:age_unknown; source_health:livescorebet:stale=50465s>900s; source_health:paddy_power:stale=50441s>900s; model_validation:NO-GO; model_validation:logloss_edge_not_significant:delta=-0.18621 ci95=[-0.22507,-0.14620]; model_validation:loses_to_best_devig:shin=1.68568; model_validation:clv_not_positive:mean=-0.13417 ci95_lower=-0.13888; model_validation:drift_gate_failed:going_speed=4.916, horse_career_runs=0.301; min_edge:unavailable; min_expected_value:unavailable",complete_card; runner_history; reference_market; field_size; overround,True,NO-GO,FORWARD GATE NOT MET (9 OF 9 CRITERIA FAILED),False
3f5fb32f3168a1943297,2026-07-27T21:41:12.379971+00:00,2026-07-27T21:41:12.379971+00:00,2026-07-27T17:00:00+00:00,,2026-07-27T18:00:00+01:00,Ripon,sportsday,9a8b6cd5481e6e21,Sports Day,paddy_power,WIN,win,5.0,,,,0.1979,5.841499999999999,0.2,,,50.0,,,,poor,MODEL NO-GO / FORWARD GATE FORWARD GATE NOT MET (9 OF 9 CRITERIA FAILED),PASS,"calibrated_probability:market_adjusted_only; executable_price:age_unknown; source_health:livescorebet:stale=50465s>900s; source_health:paddy_power:stale=50441s>900s; model_validation:NO-GO; model_validation:logloss_edge_not_significant:delta=-0.18621 ci95=[-0.22507,-0.14620]; model_validation:loses_to_best_devig:shin=1.68568; model_validation:clv_not_positive:mean=-0.13417 ci95_lower=-0.13888; model_validation:drift_gate_failed:going_speed=4.916, horse_career_runs=0.301; min_edge:unavailable; min_expected_value:unavailable",complete_card; runner_history; reference_market; field_size; overround,True,NO-GO,FORWARD GATE NOT MET (9 OF 9 CRITERIA FAILED),False
65b531e05ac7a83c01c5,2026-07-27T21:41:12.379971+00:00,2026-07-27T21:41:12.379971+00:00,2026-07-27T17:00:00+00:00,,2026-07-27T18:00:00+01:00,Ripon,baldosa,8070ec47e3a0601b,Baldosa,livescorebet,WIN,win,3.75,,,,0.2607,4.381125,0.26666666666666666,,,50.0,,,,poor,MODEL NO-GO / FORWARD GATE FORWARD GATE NOT MET (9 OF 9 CRITERIA FAILED),PASS,"calibrated_probability:market_adjusted_only; executable_price:age_unknown; source_health:livescorebet:stale=50465s>900s; source_health:paddy_power:stale=50441s>900s; model_validation:NO-GO; model_validation:logloss_edge_not_significant:delta=-0.18621 ci95=[-0.22507,-0.14620]; model_validation:loses_to_best_devig:shin=1.68568; model_validation:clv_not_positive:mean=-0.13417 ci95_lower=-0.13888; model_validation:drift_gate_failed:going_speed=4.916, horse_career_runs=0.301; min_edge:unavailable; min_expected_value:unavailable",complete_card; runner_history; reference_market; field_size; overround,True,NO-GO,FORWARD GATE NOT MET (9 OF 9 CRITERIA FAILED),False
e9cbab50faaf2c4531e0,2026-07-27T21:41:12.379971+00:00,2026-07-27T21:41:12.379971+00:00,2026-07-27T17:00:00+00:00,,2026-07-27T18:00:00+01:00,Ripon,riddikulus,b17e3c7114fcdeba,Riddikulus,livescorebet,WIN,win,5.0,,,,0.1967,5.841499999999999,0.2,,,50.0,,,,poor,MODEL NO-GO / FORWARD GATE FORWARD GATE NOT MET (9 OF 9 CRITERIA FAILED),PASS,"calibrated_probability:market_adjusted_only; executable_price:age_unknown; source_health:livescorebet:stale=50465s>900s; source_health:paddy_power:stale=50441s>900s; model_validation:NO-GO; model_validation:logloss_edge_not_significant:delta=-0.18621 ci95=[-0.22507,-0.14620]; model_validation:loses_to_best_devig:shin=1.68568; model_validation:clv_not_positive:mean=-0.13417 ci95_lower=-0.13888; model_validation:drift_gate_failed:going_speed=4.916, horse_career_runs=0.301; min_edge:unavailable; min_expected_value:unavailable",complete_card; runner_history; reference_market; field_size; overround,True,NO-GO,FORWARD GATE NOT MET (9 OF 9 CRITERIA FAILED),False
3c6f4e8ce40a753267ab,2026-07-27T21:41:12.379971+00:00,2026-07-27T21:41:12.379971+00:00,2026-07-27T17:00:00+00:00,,2026-07-27T18:00:00+01:00,Ripon,diamondaura,fc70578544e842e1,Diamond Aura,livescorebet,WIN,win,8.503,,,,0.1064,9.93055,0.11764705882352941,,,50.0,,,,poor,MODEL NO-GO / FORWARD GATE FORWARD GATE NOT MET (9 OF 9 CRITERIA FAILED),PASS,"calibrated_probability:market_adjusted_only; executable_price:age_unknown; source_health:livescorebet:stale=50465s>900s; source_health:paddy_power:stale=50441s>900s; model_validation:NO-GO; model_validation:logloss_edge_not_significant:delta=-0.18621 ci95=[-0.22507,-0.14620]; model_validation:loses_to_best_devig:shin=1.68568; model_validation:clv_not_positive:mean=-0.13417 ci95_lower=-0.13888; model_validation:drift_gate_failed:going_speed=4.916, horse_career_runs=0.301; min_edge:unavailable; min_expected_value:unavailable",complete_card; runner_history; reference_market; field_size; overround,True,NO-GO,FORWARD GATE NOT MET (9 OF 9 CRITERIA FAILED),False
55cfb173b92f0c805493,2026-07-27T21:41:12.379971+00:00,2026-07-27T21:41:12.379971+00:00,2026-07-27T17:00:00+00:00,,2026-07-27T18:00:00+01:00,Ripon,balmoralboy,b89063e884302ef2,Balmoral Boy,livescorebet,WIN,win,12.005,,,,0.077,14.019599999999999,0.08333333333333333,,,50.0,,,,poor,MODEL NO-GO / FORWARD GATE FORWARD GATE NOT MET (9 OF 9 CRITERIA FAILED),PASS,"calibrated_probability:market_adjusted_only; executable_price:age_unknown; source_health:livescorebet:stale=50465s>900s; source_health:paddy_power:stale=50441s>900s; model_validation:NO-GO; model_validation:logloss_edge_not_significant:delta=-0.18621 ci95=[-0.22507,-0.14620]; model_validation:loses_to_best_devig:shin=1.68568; model_validation:clv_not_positive:mean=-0.13417 ci95_lower=-0.13888; model_validation:drift_gate_failed:going_speed=4.916, horse_career_runs=0.301; min_edge:unavailable; min_expected_value:unavailable",complete_card; runner_history; reference_market; field_size; overround,True,NO-GO,FORWARD GATE NOT MET (9 OF 9 CRITERIA FAILED),False
66aac9c8671cf6ba4148,2026-07-27T21:41:12.379971+00:00,2026-07-27T21:41:12.379971+00:00,2026-07-27T17:00:00+00:00,,2026-07-27T18:00:00+01:00,Ripon,lctiffen,32c15a2eabebe577,Lc Tiffen,paddy_power,WIN,win,67.114,,,,0.0139,78.2761,0.014925373134328358,,,50.0,,,,poor,MODEL NO-GO / FORWARD GATE FORWARD GATE NOT MET (9 OF 9 CRITERIA FAILED),PASS,"calibrated_probability:market_adjusted_only; executable_price:age_unknown; source_health:livescorebet:stale=50465s>900s; source_health:paddy_power:stale=50441s>900s; model_validation:NO-GO; model_validation:logloss_edge_not_significant:delta=-0.18621 ci95=[-0.22507,-0.14620]; model_validation:loses_to_best_devig:shin=1.68568; model_validation:clv_not_positive:mean=-0.13417 ci95_lower=-0.13888; model_validation:drift_gate_failed:going_speed=4.916, horse_career_runs=0.301; min_edge:unavailable; min_expected_value:unavailable",complete_card; runner_history; reference_market; field_size; overround,True,NO-GO,FORWARD GATE NOT MET (9 OF 9 CRITERIA FAILED),False
6719645bcde77131c671,2026-07-27T21:41:12.379971+00:00,2026-07-27T21:41:12.379971+00:00,2026-07-27T17:05:00+00:00,,2026-07-27T18:05:00+01:00,Southwell,moderntimes,22ee14f5b8d1fff7,Modern Times,livescorebet,WIN,win,3.75,,,,0.2644,5.023125000000001,0.26666666666666666,,,50.0,,,,poor,MODEL NO-GO / FORWARD GATE FORWARD GATE NOT MET (9 OF 9 CRITERIA FAILED),PASS,"calibrated_probability:market_adjusted_only; executable_price:age_unknown; source_health:livescorebet:stale=50465s>900s; source_health:paddy_power:stale=50441s>900s; model_validation:NO-GO; model_validation:logloss_edge_not_significant:delta=-0.18621 ci95=[-0.22507,-0.14620]; model_validation:loses_to_best_devig:shin=1.68568; model_validation:clv_not_positive:mean=-0.13417 ci95_lower=-0.13888; model_validation:drift_gate_failed:going_speed=4.916, horse_career_runs=0.301; overround:1.3395>1.2500; min_edge:unavailable; min_expected_value:unavailable",complete_card; runner_history; reference_market; field_size,True,NO-GO,FORWARD GATE NOT MET (9 OF 9 CRITERIA FAILED),False
1c9c8549e370620dae9a,2026-07-27T21:41:12.379971+00:00,2026-07-27T21:41:12.379971+00:00,2026-07-27T17:05:00+00:00,,2026-07-27T18:05:00+01:00,Southwell,irishnectar,ec0abb8999a86575,Irish Nectar,livescorebet,WIN,win,5.501,,,,0.1512,7.36725,0.18181818181818182,,,50.0,,,,poor,MODEL NO-GO / FORWARD GATE FORWARD GATE NOT MET (9 OF 9 CRITERIA FAILED),PASS,"calibrated_probability:market_adjusted_only; executable_price:age_unknown; source_health:livescorebet:stale=50465s>900s; source_health:paddy_power:stale=50441s>900s; model_validation:NO-GO; model_validation:logloss_edge_not_significant:delta=-0.18621 ci95=[-0.22507,-0.14620]; model_validation:loses_to_best_devig:shin=1.68568; model_validation:clv_not_positive:mean=-0.13417 ci95_lower=-0.13888; model_validation:drift_gate_failed:going_speed=4.916, horse_career_runs=0.301; overround:1.3395>1.2500; min_edge:unavailable; min_expected_value:unavailable",complete_card; runner_history; reference_market; field_size,True,NO-GO,FORWARD GATE NOT MET (9 OF 9 CRITERIA FAILED),False
6b1341d2c816c5c68905,2026-07-27T21:41:12.379971+00:00,2026-07-27T21:41:12.379971+00:00,2026-07-27T17:05:00+00:00,,2026-07-27T18:05:00+01:00,Southwell,fiftynifty,c3fd0f7dd161bf40,Fifty Nifty,paddy_power,WIN,win,6.998,,,,0.1082,9.376500000000002,0.14285714285714285,,,50.0,,,,poor,MODEL NO-GO / FORWARD GATE FORWARD GATE NOT MET (9 OF 9 CRITERIA FAILED),PASS,"calibrated_probability:market_adjusted_only; executable_price:age_unknown; source_health:livescorebet:stale=50465s>900s; source_health:paddy_power:stale=50441s>900s; model_validation:NO-GO; model_validation:logloss_edge_not_significant:delta=-0.18621 ci95=[-0.22507,-0.14620]; model_validation:loses_to_best_devig:shin=1.68568; model_validation:clv_not_positive:mean=-0.13417 ci95_lower=-0.13888; model_validation:drift_gate_failed:going_speed=4.916, horse_career_runs=0.301; overround:1.3395>1.2500; min_edge:unavailable; min_expected_value:unavailable",complete_card; runner_history; reference_market; field_size,True,NO-GO,FORWARD GATE NOT MET (9 OF 9 CRITERIA FAILED),False
23f202591ad9506d34c1,2026-07-27T21:41:12.379971+00:00,2026-07-27T21:41:12.379971+00:00,2026-07-27T17:05:00+00:00,,2026-07-27T18:05:00+01:00,Southwell,belsito,a3fc6e109435ed55,Belsito,livescorebet,WIN,win,9.497,,,,0.1003,12.725250000000003,0.10526315789473684,,,50.0,,,,poor,MODEL NO-GO / FORWARD GATE FORWARD GATE NOT MET (9 OF 9 CRITERIA FAILED),PASS,"calibrated_probability:market_adjusted_only; executable_price:age_unknown; source_health:livescorebet:stale=50465s>900s; source_health:paddy_power:stale=50441s>900s; model_validation:NO-GO; model_validation:logloss_edge_not_significant:delta=-0.18621 ci95=[-0.22507,-0.14620]; model_validation:loses_to_best_devig:shin=1.68568; model_validation:clv_not_positive:mean=-0.13417 ci95_lower=-0.13888; model_validation:drift_gate_failed:going_speed=4.916, horse_career_runs=0.301; overround:1.3395>1.2500; min_edge:unavailable; min_expected_value:unavailable",complete_card; runner_history; reference_market; field_size,True,NO-GO,FORWARD GATE NOT MET (9 OF 9 CRITERIA FAILED),False
6816d74da1c512149439,2026-07-27T21:41:12.379971+00:00,2026-07-27T21:41:12.379971+00:00,2026-07-27T17:05:00+00:00,,2026-07-27T18:05:00+01:00,Southwell,bright,6df345cf0390662f,Bright,livescorebet,WIN,win,10.0,,,,0.0891,13.395000000000001,0.1,,,50.0,,,,poor,MODEL NO-GO / FORWARD GATE FORWARD GATE NOT MET (9 OF 9 CRITERIA FAILED),PASS,"calibrated_probability:market_adjusted_only; executable_price:age_unknown; source_health:livescorebet:stale=50465s>900s; source_health:paddy_power:stale=50441s>900s; model_validation:NO-GO; model_validation:logloss_edge_not_significant:delta=-0.18621 ci95=[-0.22507,-0.14620]; model_validation:loses_to_best_devig:shin=1.68568; model_validation:clv_not_positive:mean=-0.13417 ci95_lower=-0.13888; model_validation:drift_gate_failed:going_speed=4.916, horse_career_runs=0.301; overround:1.3395>1.2500; min_edge:unavailable; min_expected_value:unavailable",complete_card; runner_history; reference_market; field_size,True,NO-GO,FORWARD GATE NOT MET (9 OF 9 CRITERIA FAILED),False
bb548e95350dcc97fcd6,2026-07-27T21:41:12.379971+00:00,2026-07-27T21:41:12.379971+00:00,2026-07-27T17:05:00+00:00,,2026-07-27T18:05:00+01:00,Southwell,monsieurkodi,27bfe638af8569c9,Monsieur Kodi,livescorebet,WIN,win,12.005,,,,0.0804,16.074,0.08333333333333333,,,50.0,,,,poor,MODEL NO-GO / FORWARD GATE FORWARD GATE NOT MET (9 OF 9 CRITERIA FAILED),PASS,"calibrated_probability:market_adjusted_only; executable_price:age_unknown; source_health:livescorebet:stale=50465s>900s; source_health:paddy_power:stale=50441s>900s; model_validation:NO-GO; model_validation:logloss_edge_not_significant:delta=-0.18621 ci95=[-0.22507,-0.14620]; model_validation:loses_to_best_devig:shin=1.68568; model_validation:clv_not_positive:mean=-0.13417 ci95_lower=-0.13888; model_validation:drift_gate_failed:going_speed=4.916, horse_career_runs=0.301; overround:1.3395>1.2500; min_edge:unavailable; min_expected_value:unavailable",complete_card; runner_history; reference_market; field_size,True,NO-GO,FORWARD GATE NOT MET (9 OF 9 CRITERIA FAILED),False
603ace99d2b3330e983d,2026-07-27T21:41:12.379971+00:00,2026-07-27T21:41:12.379971+00:00,2026-07-27T17:05:00+00:00,,2026-07-27T18:05:00+01:00,Southwell,secretguest,373196450d6269f9,Secret Guest,paddy_power,WIN,win,12.005,,,,0.072,16.074,0.08333333333333333,,,50.0,,,,poor,MODEL NO-GO / FORWARD GATE FORWARD GATE NOT MET (9 OF 9 CRITERIA FAILED),PASS,"calibrated_probability:market_adjusted_only; executable_price:age_unknown; source_health:livescorebet:stale=50465s>900s; source_health:paddy_power:stale=50441s>900s; model_validation:NO-GO; model_validation:logloss_edge_not_significant:delta=-0.18621 ci95=[-0.22507,-0.14620]; model_validation:loses_to_best_devig:shin=1.68568; model_validation:clv_not_positive:mean=-0.13417 ci95_lower=-0.13888; model_validation:drift_gate_failed:going_speed=4.916, horse_career_runs=0.301; overround:1.3395>1.2500; min_edge:unavailable; min_expected_value:unavailable",complete_card; runner_history; reference_market; field_size,True,NO-GO,FORWARD GATE NOT MET (9 OF 9 CRITERIA FAILED),False
6ad5a211ed2da51f912d,2026-07-27T21:41:12.379971+00:00,2026-07-27T21:41:12.379971+00:00,2026-07-27T17:05:00+00:00,,2026-07-27T18:05:00+01:00,Southwell,cairdeas,de1d6613cf625c28,Cairdeas,livescorebet,WIN,win,12.005,,,,0.077,16.074,0.08333333333333333,,,50.0,,,,poor,MODEL NO-GO / FORWARD GATE FORWARD GATE NOT MET (9 OF 9 CRITERIA FAILED),PASS,"calibrated_probability:market_adjusted_only; executable_price:age_unknown; source_health:livescorebet:stale=50465s>900s; source_health:paddy_power:stale=50441s>900s; model_validation:NO-GO; model_validation:logloss_edge_not_significant:delta=-0.18621 ci95=[-0.22507,-0.14620]; model_validation:loses_to_best_devig:shin=1.68568; model_validation:clv_not_positive:mean=-0.13417 ci95_lower=-0.13888; model_validation:drift_gate_failed:going_speed=4.916, horse_career_runs=0.301; overround:1.3395>1.2500; min_edge:unavailable; min_expected_value:unavailable",complete_card; runner_history; reference_market; field_size,True,NO-GO,FORWARD GATE NOT MET (9 OF 9 CRITERIA FAILED),False
9fba580735291bd2c1f0,2026-07-27T21:41:12.379971+00:00,2026-07-27T21:41:12.379971+00:00,2026-07-27T17:05:00+00:00,,2026-07-27T18:05:00+01:00,Southwell,hierarchy,ac4a102b304a1ad4,Hierarchy,livescorebet,WIN,win,14.993,,,,0.063,20.092500000000005,0.06666666666666667,,,50.0,,,,poor,MODEL NO-GO / FORWARD GATE FORWARD GATE NOT MET (9 OF 9 CRITERIA FAILED),PASS,"calibrated_probability:market_adjusted_only; executable_price:age_unknown; source_health:livescorebet:stale=50465s>900s; source_health:paddy_power:stale=50441s>900s; model_validation:NO-GO; model_validation:logloss_edge_not_significant:delta=-0.18621 ci95=[-0.22507,-0.14620]; model_validation:loses_to_best_devig:shin=1.68568; model_validation:clv_not_positive:mean=-0.13417 ci95_lower=-0.13888; model_validation:drift_gate_failed:going_speed=4.916, horse_career_runs=0.301; overround:1.3395>1.2500; min_edge:unavailable; min_expected_value:unavailable",complete_card; runner_history; reference_market; field_size,True,NO-GO,FORWARD GATE NOT MET (9 OF 9 CRITERIA FAILED),False
afece852f1aa14bb0602,2026-07-27T21:41:12.379971+00:00,2026-07-27T21:41:12.379971+00:00,2026-07-27T17:05:00+00:00,,2026-07-27T18:05:00+01:00,Southwell,dflawless,5e655f2c4f560203,D Flawless,paddy_power,WIN,win,12.005,,,,0.0745,16.074,0.08333333333333333,,,50.0,,,,poor,MODEL NO-GO / FORWARD GATE FORWARD GATE NOT MET (9 OF 9 CRITERIA FAILED),PASS,"calibrated_probability:market_adjusted_only; executable_price:age_unknown; source_health:livescorebet:stale=50465s>900s; source_health:paddy_power:stale=50441s>900s; model_validation:NO-GO; model_validation:logloss_edge_not_significant:delta=-0.18621 ci95=[-0.22507,-0.14620]; model_validation:loses_to_best_devig:shin=1.68568; model_validation:clv_not_positive:mean=-0.13417 ci95_lower=-0.13888; model_validation:drift_gate_failed:going_speed=4.916, horse_career_runs=0.301; overround:1.3395>1.2500; min_edge:unavailable; min_expected_value:unavailable",complete_card; runner_history; reference_market; field_size,True,NO-GO,FORWARD GATE NOT MET (9 OF 9 CRITERIA FAILED),False
da1c574094152576650a,2026-07-27T21:41:12.379971+00:00,2026-07-27T21:41:12.379971+00:00,2026-07-27T17:05:00+00:00,,2026-07-27T18:05:00+01:00,Southwell,pickersgill,47cd0beedd176fd3,Pickersgill,paddy_power,WIN,win,21.008,,,,0.0417,28.129500000000004,0.047619047619047616,,,50.0,,,,poor,MODEL NO-GO / FORWARD GATE FORWARD GATE NOT MET (9 OF 9 CRITERIA FAILED),PASS,"calibrated_probability:market_adjusted_only; executable_price:age_unknown; source_health:livescorebet:stale=50465s>900s; source_health:paddy_power:stale=50441s>900s; model_validation:NO-GO; model_validation:logloss_edge_not_significant:delta=-0.18621 ci95=[-0.22507,-0.14620]; model_validation:loses_to_best_devig:shin=1.68568; model_validation:clv_not_positive:mean=-0.13417 ci95_lower=-0.13888; model_validation:drift_gate_failed:going_speed=4.916, horse_career_runs=0.301; overround:1.3395>1.2500; min_edge:unavailable; min_expected_value:unavailable",complete_card; runner_history; reference_market; field_size,True,NO-GO,FORWARD GATE NOT MET (9 OF 9 CRITERIA FAILED),False
d5a62df90140ba9992b0,2026-07-27T21:41:12.379971+00:00,2026-07-27T21:41:12.379971+00:00,2026-07-27T17:05:00+00:00,,2026-07-27T18:05:00+01:00,Southwell,beyondborders,102fa0ba90e2c7d1,Beyond Borders,livescorebet,WIN,win,21.008,,,,0.0455,28.129500000000004,0.047619047619047616,,,50.0,,,,poor,MODEL NO-GO / FORWARD GATE FORWARD GATE NOT MET (9 OF 9 CRITERIA FAILED),PASS,"calibrated_probability:market_adjusted_only; executable_price:age_unknown; source_health:livescorebet:stale=50465s>900s; source_health:paddy_power:stale=50441s>900s; model_validation:NO-GO; model_validation:logloss_edge_not_significant:delta=-0.18621 ci95=[-0.22507,-0.14620]; model_validation:loses_to_best_devig:shin=1.68568; model_validation:clv_not_positive:mean=-0.13417 ci95_lower=-0.13888; model_validation:drift_gate_failed:going_speed=4.916, horse_career_runs=0.301; overround:1.3395>1.2500; min_edge:unavailable; min_expected_value:unavailable",complete_card; runner_history; reference_market; field_size,True,NO-GO,FORWARD GATE NOT MET (9 OF 9 CRITERIA FAILED),False
77812f837c26b9945be3,2026-07-27T21:41:12.379971+00:00,2026-07-27T21:41:12.379971+00:00,2026-07-27T17:05:00+00:00,,2026-07-27T18:05:00+01:00,Southwell,notme,76f96d301dd608b6,Not Me,livescorebet,WIN,win,21.008,,,,0.0455,28.129500000000004,0.047619047619047616,,,50.0,,,,poor,MODEL NO-GO / FORWARD GATE FORWARD GATE NOT MET (9 OF 9 CRITERIA FAILED),PASS,"calibrated_probability:market_adjusted_only; executable_price:age_unknown; source_health:livescorebet:stale=50465s>900s; source_health:paddy_power:stale=50441s>900s; model_validation:NO-GO; model_validation:logloss_edge_not_significant:delta=-0.18621 ci95=[-0.22507,-0.14620]; model_validation:loses_to_best_devig:shin=1.68568; model_validation:clv_not_positive:mean=-0.13417 ci95_lower=-0.13888; model_validation:drift_gate_failed:going_speed=4.916, horse_career_runs=0.301; overround:1.3395>1.2500; min_edge:unavailable; min_expected_value:unavailable",complete_card; runner_history; reference_market; field_size,True,NO-GO,FORWARD GATE NOT MET (9 OF 9 CRITERIA FAILED),False
445f35ae1f46d4c9cd98,2026-07-27T21:41:12.379971+00:00,2026-07-27T21:41:12.379971+00:00,2026-07-27T17:10:00+00:00,,2026-07-27T18:10:00+01:00,Galway,onenumber,74050af7730f87f0,One Number,livescorebet,WIN,win,2.38,,,,0.4168,2.9181179999999998,0.42016806722689076,,,50.0,,,,poor,MODEL NO-GO / FORWARD GATE FORWARD GATE NOT MET (9 OF 9 CRITERIA FAILED),PASS,"calibrated_probability:market_adjusted_only; executable_price:age_unknown; source_health:livescorebet:stale=50465s>900s; source_health:paddy_power:stale=50441s>900s; model_validation:NO-GO; model_validation:logloss_edge_not_significant:delta=-0.18621 ci95=[-0.22507,-0.14620]; model_validation:loses_to_best_devig:shin=1.68568; model_validation:clv_not_positive:mean=-0.13417 ci95_lower=-0.13888; model_validation:drift_gate_failed:going_speed=4.916, horse_career_runs=0.301; min_edge:unavailable; min_expected_value:unavailable",complete_card; runner_history; reference_market; field_size; overround,True,NO-GO,FORWARD GATE NOT MET (9 OF 9 CRITERIA FAILED),False
0075441193c5afac7c15,2026-07-27T21:41:12.379971+00:00,2026-07-27T21:41:12.379971+00:00,2026-07-27T17:10:00+00:00,,2026-07-27T18:10:00+01:00,Galway,cityofgold,3ee69a5478f8a44c,City Of Gold,livescorebet,WIN,win,4.5,,,,0.1953,5.51745,0.2222222222222222,,,50.0,,,,poor,MODEL NO-GO / FORWARD GATE FORWARD GATE NOT MET (9 OF 9 CRITERIA FAILED),PASS,"runner_history:no_prior_form; calibrated_probability:market_adjusted_only; executable_price:age_unknown; source_health:livescorebet:stale=50465s>900s; source_health:paddy_power:stale=50441s>900s; model_validation:NO-GO; model_validation:logloss_edge_not_significant:delta=-0.18621 ci95=[-0.22507,-0.14620]; model_validation:loses_to_best_devig:shin=1.68568; model_validation:clv_not_positive:mean=-0.13417 ci95_lower=-0.13888; model_validation:drift_gate_failed:going_speed=4.916, horse_career_runs=0.301; min_edge:unavailable; min_expected_value:unavailable",complete_card; reference_market; field_size; overround,True,NO-GO,FORWARD GATE NOT MET (9 OF 9 CRITERIA FAILED),False
8e4916c964ea9c12e73c,2026-07-27T21:41:12.379971+00:00,2026-07-27T21:41:12.379971+00:00,2026-07-27T17:10:00+00:00,,2026-07-27T18:10:00+01:00,Galway,ourboybailey,b967077128358e5b,Our Boy Bailey,livescorebet,WIN,win,5.501,,,,0.1825,6.743549999999999,0.18181818181818182,,,50.0,,,,poor,MODEL NO-GO / FORWARD GATE FORWARD GATE NOT MET (9 OF 9 CRITERIA FAILED),PASS,"calibrated_probability:market_adjusted_only; executable_price:age_unknown; source_health:livescorebet:stale=50465s>900s; source_health:paddy_power:stale=50441s>900s; model_validation:NO-GO; model_validation:logloss_edge_not_significant:delta=-0.18621 ci95=[-0.22507,-0.14620]; model_validation:loses_to_best_devig:shin=1.68568; model_validation:clv_not_positive:mean=-0.13417 ci95_lower=-0.13888; model_validation:drift_gate_failed:going_speed=4.916, horse_career_runs=0.301; min_edge:unavailable; min_expected_value:unavailable",complete_card; runner_history; reference_market; field_size; overround,True,NO-GO,FORWARD GATE NOT MET (9 OF 9 CRITERIA FAILED),False
1c018fd5f3dd573678a9,2026-07-27T21:41:12.379971+00:00,2026-07-27T21:41:12.379971+00:00,2026-07-27T17:10:00+00:00,,2026-07-27T18:10:00+01:00,Galway,trean,640118aafa196862,Trean,livescorebet,WIN,win,7.502,,,,0.1422,9.19575,0.13333333333333333,,,50.0,,,,poor,MODEL NO-GO / FORWARD GATE FORWARD GATE NOT MET (9 OF 9 CRITERIA FAILED),PASS,"calibrated_probability:market_adjusted_only; executable_price:age_unknown; source_health:livescorebet:stale=50465s>900s; source_health:paddy_power:stale=50441s>900s; model_validation:NO-GO; model_validation:logloss_edge_not_significant:delta=-0.18621 ci95=[-0.22507,-0.14620]; model_validation:loses_to_best_devig:shin=1.68568; model_validation:clv_not_positive:mean=-0.13417 ci95_lower=-0.13888; model_validation:drift_gate_failed:going_speed=4.916, horse_career_runs=0.301; min_edge:unavailable; min_expected_value:unavailable",complete_card; runner_history; reference_market; field_size; overround,True,NO-GO,FORWARD GATE NOT MET (9 OF 9 CRITERIA FAILED),False
28a8ee0f9cde26b54ae5,2026-07-27T21:41:12.379971+00:00,2026-07-27T21:41:12.379971+00:00,2026-07-27T17:10:00+00:00,,2026-07-27T18:10:00+01:00,Galway,yellowsky,0102fd3dd7244278,Yellow Sky,paddy_power,WIN,win,7.502,,,,0.1129,9.19575,0.13333333333333333,,,50.0,,,,poor,MODEL NO-GO / FORWARD GATE FORWARD GATE NOT MET (9 OF 9 CRITERIA FAILED),PASS,"runner_history:no_prior_form; calibrated_probability:market_adjusted_only; executable_price:age_unknown; source_health:livescorebet:stale=50465s>900s; source_health:paddy_power:stale=50441s>900s; model_validation:NO-GO; model_validation:logloss_edge_not_significant:delta=-0.18621 ci95=[-0.22507,-0.14620]; model_validation:loses_to_best_devig:shin=1.68568; model_validation:clv_not_positive:mean=-0.13417 ci95_lower=-0.13888; model_validation:drift_gate_failed:going_speed=4.916, horse_career_runs=0.301; min_edge:unavailable; min_expected_value:unavailable",complete_card; reference_market; field_size; overround,True,NO-GO,FORWARD GATE NOT MET (9 OF 9 CRITERIA FAILED),False
0638e83fff1c610df0e3,2026-07-27T21:41:12.379971+00:00,2026-07-27T21:41:12.379971+00:00,2026-07-27T17:10:00+00:00,,2026-07-27T18:10:00+01:00,Galway,hmasperth,b05fbe45e7d7a8b8,Hmas Perth,paddy_power,WIN,win,11.001,,,,0.077,13.487099999999998,0.09090909090909091,,,50.0,,,,poor,MODEL NO-GO / FORWARD GATE FORWARD GATE NOT MET (9 OF 9 CRITERIA FAILED),PASS,"runner_history:no_prior_form; calibrated_probability:market_adjusted_only; executable_price:age_unknown; source_health:livescorebet:stale=50465s>900s; source_health:paddy_power:stale=50441s>900s; model_validation:NO-GO; model_validation:logloss_edge_not_significant:delta=-0.18621 ci95=[-0.22507,-0.14620]; model_validation:loses_to_best_devig:shin=1.68568; model_validation:clv_not_positive:mean=-0.13417 ci95_lower=-0.13888; model_validation:drift_gate_failed:going_speed=4.916, horse_career_runs=0.301; min_edge:unavailable; min_expected_value:unavailable",complete_card; reference_market; field_size; overround,True,NO-GO,FORWARD GATE NOT MET (9 OF 9 CRITERIA FAILED),False
43f83390818a22c2701d,2026-07-27T21:41:12.379971+00:00,2026-07-27T21:41:12.379971+00:00,2026-07-27T17:10:00+00:00,,2026-07-27T18:10:00+01:00,Galway,moliere,cc97a0efeefe1609,Moliere,paddy_power,WIN,win,34.014,,,,0.025,41.6874,0.029411764705882353,,,50.0,,,,poor,MODEL NO-GO / FORWARD GATE FORWARD GATE NOT MET (9 OF 9 CRITERIA FAILED),PASS,"runner_history:no_prior_form; calibrated_probability:market_adjusted_only; executable_price:age_unknown; source_health:livescorebet:stale=50465s>900s; source_health:paddy_power:stale=50441s>900s; model_validation:NO-GO; model_validation:logloss_edge_not_significant:delta=-0.18621 ci95=[-0.22507,-0.14620]; model_validation:loses_to_best_devig:shin=1.68568; model_validation:clv_not_positive:mean=-0.13417 ci95_lower=-0.13888; model_validation:drift_gate_failed:going_speed=4.916, horse_career_runs=0.301; min_edge:unavailable; min_expected_value:unavailable",complete_card; reference_market; field_size; overround,True,NO-GO,FORWARD GATE NOT MET (9 OF 9 CRITERIA FAILED),False
85293eb5b0903fa63af5,2026-07-27T21:41:12.379971+00:00,2026-07-27T21:41:12.379971+00:00,2026-07-27T17:10:00+00:00,,2026-07-27T18:10:00+01:00,Galway,dakotajack,d20f91956bc69292,Dakota Jack,paddy_power,WIN,win,67.114,,,,0.0156,82.1487,0.014925373134328358,,,50.0,,,,poor,MODEL NO-GO / FORWARD GATE FORWARD GATE NOT MET (9 OF 9 CRITERIA FAILED),PASS,"runner_history:no_prior_form; calibrated_probability:market_adjusted_only; executable_price:age_unknown; source_health:livescorebet:stale=50465s>900s; source_health:paddy_power:stale=50441s>900s; model_validation:NO-GO; model_validation:logloss_edge_not_significant:delta=-0.18621 ci95=[-0.22507,-0.14620]; model_validation:loses_to_best_devig:shin=1.68568; model_validation:clv_not_positive:mean=-0.13417 ci95_lower=-0.13888; model_validation:drift_gate_failed:going_speed=4.916, horse_career_runs=0.301; min_edge:unavailable; min_expected_value:unavailable",complete_card; reference_market; field_size; overround,True,NO-GO,FORWARD GATE NOT MET (9 OF 9 CRITERIA FAILED),False
697964a57e9272f6fef4,2026-07-27T21:41:12.379971+00:00,2026-07-27T21:41:12.379971+00:00,2026-07-27T17:20:00+00:00,,2026-07-27T18:20:00+01:00,Windsor,harryknows,5eadf93e19710e68,Harry Knows,paddy_power,WIN,win,1.58,,,,0.6955,1.9337620000000002,0.6329113924050632,,,50.0,,,,poor,MODEL NO-GO / FORWARD GATE FORWARD GATE NOT MET (9 OF 9 CRITERIA FAILED),PASS,"calibrated_probability:market_adjusted_only; executable_price:age_unknown; source_health:livescorebet:stale=50465s>900s; source_health:paddy_power:stale=50441s>900s; model_validation:NO-GO; model_validation:logloss_edge_not_significant:delta=-0.18621 ci95=[-0.22507,-0.14620]; model_validation:loses_to_best_devig:shin=1.68568; model_validation:clv_not_positive:mean=-0.13417 ci95_lower=-0.13888; model_validation:drift_gate_failed:going_speed=4.916, horse_career_runs=0.301; min_edge:unavailable; min_expected_value:unavailable",complete_card; runner_history; reference_market; field_size; overround,True,NO-GO,FORWARD GATE NOT MET (9 OF 9 CRITERIA FAILED),False
be360b7e4cab1af03c02,2026-07-27T21:41:12.379971+00:00,2026-07-27T21:41:12.379971+00:00,2026-07-27T17:20:00+00:00,,2026-07-27T18:20:00+01:00,Windsor,downtoyoukid,79637400d1799603,Down To You Kid,paddy_power,WIN,win,3.5,,,,0.2672,4.28365,0.2857142857142857,,,50.0,,,,poor,MODEL NO-GO / FORWARD GATE FORWARD GATE NOT MET (9 OF 9 CRITERIA FAILED),PASS,"calibrated_probability:market_adjusted_only; executable_price:age_unknown; source_health:livescorebet:stale=50465s>900s; source_health:paddy_power:stale=50441s>900s; model_validation:NO-GO; model_validation:logloss_edge_not_significant:delta=-0.18621 ci95=[-0.22507,-0.14620]; model_validation:loses_to_best_devig:shin=1.68568; model_validation:clv_not_positive:mean=-0.13417 ci95_lower=-0.13888; model_validation:drift_gate_failed:going_speed=4.916, horse_career_runs=0.301; min_edge:unavailable; min_expected_value:unavailable",complete_card; runner_history; reference_market; field_size; overround,True,NO-GO,FORWARD GATE NOT MET (9 OF 9 CRITERIA FAILED),False
11a6af3755fe03f7339b,2026-07-27T21:41:12.379971+00:00,2026-07-27T21:41:12.379971+00:00,2026-07-27T17:20:00+00:00,,2026-07-27T18:20:00+01:00,Windsor,boysofwallstreet,45072f233fe82e89,Boysofwallstreet,livescorebet,WIN,win,8.0,,,,0.1342,9.7912,0.125,,,50.0,,,,poor,MODEL NO-GO / FORWARD GATE FORWARD GATE NOT MET (9 OF 9 CRITERIA FAILED),PASS,"calibrated_probability:market_adjusted_only; executable_price:age_unknown; source_health:livescorebet:stale=50465s>900s; source_health:paddy_power:stale=50441s>900s; model_validation:NO-GO; model_validation:logloss_edge_not_significant:delta=-0.18621 ci95=[-0.22507,-0.14620]; model_validation:loses_to_best_devig:shin=1.68568; model_validation:clv_not_positive:mean=-0.13417 ci95_lower=-0.13888; model_validation:drift_gate_failed:going_speed=4.916, horse_career_runs=0.301; min_edge:unavailable; min_expected_value:unavailable",complete_card; runner_history; reference_market; field_size; overround,True,NO-GO,FORWARD GATE NOT MET (9 OF 9 CRITERIA FAILED),False
176cfa152c801333439c,2026-07-27T21:41:12.379971+00:00,2026-07-27T21:41:12.379971+00:00,2026-07-27T17:20:00+00:00,,2026-07-27T18:20:00+01:00,Windsor,angelang,0b5c89b0419c463a,Angel Ang,livescorebet,WIN,win,11.001,,,,0.0825,13.4629,0.09090909090909091,,,50.0,,,,poor,MODEL NO-GO / FORWARD GATE FORWARD GATE NOT MET (9 OF 9 CRITERIA FAILED),PASS,"runner_history:no_prior_form; calibrated_probability:market_adjusted_only; executable_price:age_unknown; source_health:livescorebet:stale=50465s>900s; source_health:paddy_power:stale=50441s>900s; model_validation:NO-GO; model_validation:logloss_edge_not_significant:delta=-0.18621 ci95=[-0.22507,-0.14620]; model_validation:loses_to_best_devig:shin=1.68568; model_validation:clv_not_positive:mean=-0.13417 ci95_lower=-0.13888; model_validation:drift_gate_failed:going_speed=4.916, horse_career_runs=0.301; min_edge:unavailable; min_expected_value:unavailable",complete_card; reference_market; field_size; overround,True,NO-GO,FORWARD GATE NOT MET (9 OF 9 CRITERIA FAILED),False
0dc82a683895015e3525,2026-07-27T21:41:12.379971+00:00,2026-07-27T21:41:12.379971+00:00,2026-07-27T17:20:00+00:00,,2026-07-27T18:20:00+01:00,Windsor,rexregum,48c3b5499487120b,Rex Regum,livescorebet,WIN,win,21.008,,,,0.0459,25.701900000000002,0.047619047619047616,,,50.0,,,,poor,MODEL NO-GO / FORWARD GATE FORWARD GATE NOT MET (9 OF 9 CRITERIA FAILED),PASS,"calibrated_probability:market_adjusted_only; executable_price:age_unknown; source_health:livescorebet:stale=50465s>900s; source_health:paddy_power:stale=50441s>900s; model_validation:NO-GO; model_validation:logloss_edge_not_significant:delta=-0.18621 ci95=[-0.22507,-0.14620]; model_validation:loses_to_best_devig:shin=1.68568; model_validation:clv_not_positive:mean=-0.13417 ci95_lower=-0.13888; model_validation:drift_gate_failed:going_speed=4.916, horse_career_runs=0.301; min_edge:unavailable; min_expected_value:unavailable",complete_card; runner_history; reference_market; field_size; overround,True,NO-GO,FORWARD GATE NOT MET (9 OF 9 CRITERIA FAILED),False
be979d277c1b07677095,2026-07-27T21:41:12.379971+00:00,2026-07-27T21:41:12.379971+00:00,2026-07-27T17:20:00+00:00,,2026-07-27T18:20:00+01:00,Windsor,bollengoboy,35abe3f4514d43fe,Bollengo Boy,paddy_power,WIN,win,34.014,,,,0.025,41.6126,0.029411764705882353,,,50.0,,,,poor,MODEL NO-GO / FORWARD GATE FORWARD GATE NOT MET (9 OF 9 CRITERIA FAILED),PASS,"runner_history:no_prior_form; calibrated_probability:market_adjusted_only; executable_price:age_unknown; source_health:livescorebet:stale=50465s>900s; source_health:paddy_power:stale=50441s>900s; model_validation:NO-GO; model_validation:logloss_edge_not_significant:delta=-0.18621 ci95=[-0.22507,-0.14620]; model_validation:loses_to_best_devig:shin=1.68568; model_validation:clv_not_positive:mean=-0.13417 ci95_lower=-0.13888; model_validation:drift_gate_failed:going_speed=4.916, horse_career_runs=0.301; min_edge:unavailable; min_expected_value:unavailable",complete_card; reference_market; field_size; overround,True,NO-GO,FORWARD GATE NOT MET (9 OF 9 CRITERIA FAILED),False
eef462a0b4d05a6bb210,2026-07-27T21:41:12.379971+00:00,2026-07-27T21:41:12.379971+00:00,2026-07-27T17:20:00+00:00,,2026-07-27T18:20:00+01:00,Windsor,qtboy,67c75e9d93aeeabf,Q T Boy,paddy_power,WIN,win,81.301,,,,0.0129,99.13589999999999,0.012345679012345678,,,50.0,,,,poor,MODEL NO-GO / FORWARD GATE FORWARD GATE NOT MET (9 OF 9 CRITERIA FAILED),PASS,"runner_history:no_prior_form; calibrated_probability:market_adjusted_only; executable_price:age_unknown; source_health:livescorebet:stale=50465s>900s; source_health:paddy_power:stale=50441s>900s; model_validation:NO-GO; model_validation:logloss_edge_not_significant:delta=-0.18621 ci95=[-0.22507,-0.14620]; model_validation:loses_to_best_devig:shin=1.68568; model_validation:clv_not_positive:mean=-0.13417 ci95_lower=-0.13888; model_validation:drift_gate_failed:going_speed=4.916, horse_career_runs=0.301; min_edge:unavailable; min_expected_value:unavailable",complete_card; reference_market; field_size; overround,True,NO-GO,FORWARD GATE NOT MET (9 OF 9 CRITERIA FAILED),False
302717bf9da4805827e1,2026-07-27T21:41:12.379971+00:00,2026-07-27T21:41:12.379971+00:00,2026-07-27T17:30:00+00:00,,2026-07-27T18:30:00+01:00,Ripon,puremint,8a50e70f091957be,Pure Mint,paddy_power,WIN,win,1.8,,,,0.526,2.1742199999999996,0.5555555555555556,,,50.0,,,,poor,MODEL NO-GO / FORWARD GATE FORWARD GATE NOT MET (9 OF 9 CRITERIA FAILED),PASS,"runner_history:no_prior_form; calibrated_probability:market_adjusted_only; executable_price:age_unknown; source_health:livescorebet:stale=50465s>900s; source_health:paddy_power:stale=50441s>900s; model_validation:NO-GO; model_validation:logloss_edge_not_significant:delta=-0.18621 ci95=[-0.22507,-0.14620]; model_validation:loses_to_best_devig:shin=1.68568; model_validation:clv_not_positive:mean=-0.13417 ci95_lower=-0.13888; model_validation:drift_gate_failed:going_speed=4.916, horse_career_runs=0.301; min_edge:unavailable; min_expected_value:unavailable",complete_card; reference_market; field_size; overround,True,NO-GO,FORWARD GATE NOT MET (9 OF 9 CRITERIA FAILED),False
00b5c075bce584fade47,2026-07-27T21:41:12.379971+00:00,2026-07-27T21:41:12.379971+00:00,2026-07-27T17:30:00+00:00,,2026-07-27T18:30:00+01:00,Ripon,towelontheterrace,b47cb3e6ae5ae90b,Towelontheterrace,paddy_power,WIN,win,3.5,,,,0.2778,4.227650000000001,0.2857142857142857,,,50.0,,,,poor,MODEL NO-GO / FORWARD GATE FORWARD GATE NOT MET (9 OF 9 CRITERIA FAILED),PASS,"calibrated_probability:market_adjusted_only; executable_price:age_unknown; source_health:livescorebet:stale=50465s>900s; source_health:paddy_power:stale=50441s>900s; model_validation:NO-GO; model_validation:logloss_edge_not_significant:delta=-0.18621 ci95=[-0.22507,-0.14620]; model_validation:loses_to_best_devig:shin=1.68568; model_validation:clv_not_positive:mean=-0.13417 ci95_lower=-0.13888; model_validation:drift_gate_failed:going_speed=4.916, horse_career_runs=0.301; min_edge:unavailable; min_expected_value:unavailable",complete_card; runner_history; reference_market; field_size; overround,True,NO-GO,FORWARD GATE NOT MET (9 OF 9 CRITERIA FAILED),False
3f0004cb88aa06d0e5bd,2026-07-27T21:41:12.379971+00:00,2026-07-27T21:41:12.379971+00:00,2026-07-27T17:30:00+00:00,,2026-07-27T18:30:00+01:00,Ripon,reflectonglory,141b85b6ffdfc34c,Reflect On Glory,livescorebet,WIN,win,4.5,,,,0.1953,5.43555,0.2222222222222222,,,50.0,,,,poor,MODEL NO-GO / FORWARD GATE FORWARD GATE NOT MET (9 OF 9 CRITERIA FAILED),PASS,"runner_history:no_prior_form; calibrated_probability:market_adjusted_only; executable_price:age_unknown; source_health:livescorebet:stale=50465s>900s; source_health:paddy_power:stale=50441s>900s; model_validation:NO-GO; model_validation:logloss_edge_not_significant:delta=-0.18621 ci95=[-0.22507,-0.14620]; model_validation:loses_to_best_devig:shin=1.68568; model_validation:clv_not_positive:mean=-0.13417 ci95_lower=-0.13888; model_validation:drift_gate_failed:going_speed=4.916, horse_career_runs=0.301; min_edge:unavailable; min_expected_value:unavailable",complete_card; reference_market; field_size; overround,True,NO-GO,FORWARD GATE NOT MET (9 OF 9 CRITERIA FAILED),False
b86ca5431598bc509d75,2026-07-27T21:41:12.379971+00:00,2026-07-27T21:41:12.379971+00:00,2026-07-27T17:30:00+00:00,,2026-07-27T18:30:00+01:00,Ripon,akaraka,d2496cd2f6682a32,Akaraka,paddy_power,WIN,win,14.993,,,,0.0557,18.1185,0.06666666666666667,,,50.0,,,,poor,MODEL NO-GO / FORWARD GATE FORWARD GATE NOT MET (9 OF 9 CRITERIA FAILED),PASS,"runner_history:no_prior_form; calibrated_probability:market_adjusted_only; executable_price:age_unknown; source_health:livescorebet:stale=50465s>900s; source_health:paddy_power:stale=50441s>900s; model_validation:NO-GO; model_validation:logloss_edge_not_significant:delta=-0.18621 ci95=[-0.22507,-0.14620]; model_validation:loses_to_best_devig:shin=1.68568; model_validation:clv_not_positive:mean=-0.13417 ci95_lower=-0.13888; model_validation:drift_gate_failed:going_speed=4.916, horse_career_runs=0.301; min_edge:unavailable; min_expected_value:unavailable",complete_card; reference_market; field_size; overround,True,NO-GO,FORWARD GATE NOT MET (9 OF 9 CRITERIA FAILED),False
5eef47852003857a074c,2026-07-27T21:41:12.379971+00:00,2026-07-27T21:41:12.379971+00:00,2026-07-27T17:30:00+00:00,,2026-07-27T18:30:00+01:00,Ripon,greenbaydream,70789e08de70f276,Green Bay Dream,paddy_power,WIN,win,25.974,,,,0.0332,31.405399999999997,0.038461538461538464,,,50.0,,,,poor,MODEL NO-GO / FORWARD GATE FORWARD GATE NOT MET (9 OF 9 CRITERIA FAILED),PASS,"runner_history:no_prior_form; calibrated_probability:market_adjusted_only; executable_price:age_unknown; source_health:livescorebet:stale=50465s>900s; source_health:paddy_power:stale=50441s>900s; model_validation:NO-GO; model_validation:logloss_edge_not_significant:delta=-0.18621 ci95=[-0.22507,-0.14620]; model_validation:loses_to_best_devig:shin=1.68568; model_validation:clv_not_positive:mean=-0.13417 ci95_lower=-0.13888; model_validation:drift_gate_failed:going_speed=4.916, horse_career_runs=0.301; min_edge:unavailable; min_expected_value:unavailable",complete_card; reference_market; field_size; overround,True,NO-GO,FORWARD GATE NOT MET (9 OF 9 CRITERIA FAILED),False
d480413149036ff5e9f1,2026-07-27T21:41:12.379971+00:00,2026-07-27T21:41:12.379971+00:00,2026-07-27T17:30:00+00:00,,2026-07-27T18:30:00+01:00,Ripon,peacocksway,acab0c1f33fcc4b1,Peacock's Way,paddy_power,WIN,win,34.014,,,,0.025,41.068599999999996,0.029411764705882353,,,50.0,,,,poor,MODEL NO-GO / FORWARD GATE FORWARD GATE NOT MET (9 OF 9 CRITERIA FAILED),PASS,"runner_history:no_prior_form; calibrated_probability:market_adjusted_only; executable_price:age_unknown; source_health:livescorebet:stale=50465s>900s; source_health:paddy_power:stale=50441s>900s; model_validation:NO-GO; model_validation:logloss_edge_not_significant:delta=-0.18621 ci95=[-0.22507,-0.14620]; model_validation:loses_to_best_devig:shin=1.68568; model_validation:clv_not_positive:mean=-0.13417 ci95_lower=-0.13888; model_validation:drift_gate_failed:going_speed=4.916, horse_career_runs=0.301; min_edge:unavailable; min_expected_value:unavailable",complete_card; reference_market; field_size; overround,True,NO-GO,FORWARD GATE NOT MET (9 OF 9 CRITERIA FAILED),False
a27916afdbab5dc7af19,2026-07-27T21:41:12.379971+00:00,2026-07-27T21:41:12.379971+00:00,2026-07-27T17:30:00+00:00,,2026-07-27T18:30:00+01:00,Ripon,khazamh,8aabe4dbf2ef7563,Khazamh,paddy_power,WIN,win,101.01,,,,0.0101,121.9979,0.009900990099009901,,,50.0,,,,poor,MODEL NO-GO / FORWARD GATE FORWARD GATE NOT MET (9 OF 9 CRITERIA FAILED),PASS,"calibrated_probability:market_adjusted_only; executable_price:age_unknown; source_health:livescorebet:stale=50465s>900s; source_health:paddy_power:stale=50441s>900s; model_validation:NO-GO; model_validation:logloss_edge_not_significant:delta=-0.18621 ci95=[-0.22507,-0.14620]; model_validation:loses_to_best_devig:shin=1.68568; model_validation:clv_not_positive:mean=-0.13417 ci95_lower=-0.13888; model_validation:drift_gate_failed:going_speed=4.916, horse_career_runs=0.301; min_edge:unavailable; min_expected_value:unavailable",complete_card; runner_history; reference_market; field_size; overround,True,NO-GO,FORWARD GATE NOT MET (9 OF 9 CRITERIA FAILED),False
040d5d20b669f2a10da8,2026-07-27T21:41:12.379971+00:00,2026-07-27T21:41:12.379971+00:00,2026-07-27T17:40:00+00:00,,2026-07-27T18:40:00+01:00,Galway,daddylonglegs,d573b70da68a07aa,Daddy Long Legs,paddy_power,WIN,win,6.998,,,,0.135,12.5888,0.14285714285714285,,,50.0,,,,poor,MODEL NO-GO / FORWARD GATE FORWARD GATE NOT MET (9 OF 9 CRITERIA FAILED),PASS,"calibrated_probability:market_adjusted_only; executable_price:age_unknown; source_health:livescorebet:stale=50465s>900s; source_health:paddy_power:stale=50441s>900s; model_validation:NO-GO; model_validation:logloss_edge_not_significant:delta=-0.18621 ci95=[-0.22507,-0.14620]; model_validation:loses_to_best_devig:shin=1.68568; model_validation:clv_not_positive:mean=-0.13417 ci95_lower=-0.13888; model_validation:drift_gate_failed:going_speed=4.916, horse_career_runs=0.301; overround:1.7984>1.2500; min_edge:unavailable; min_expected_value:unavailable",complete_card; runner_history; reference_market; field_size,True,NO-GO,FORWARD GATE NOT MET (9 OF 9 CRITERIA FAILED),False
cd3cbcfa9b6259e86180,2026-07-27T21:41:12.379971+00:00,2026-07-27T21:41:12.379971+00:00,2026-07-27T17:40:00+00:00,,2026-07-27T18:40:00+01:00,Galway,tounsivator,84d050f0f672c4d5,Tounsivator,livescorebet,WIN,win,5.501,,,,0.1614,9.8912,0.18181818181818182,,,50.0,,,,poor,MODEL NO-GO / FORWARD GATE FORWARD GATE NOT MET (9 OF 9 CRITERIA FAILED),PASS,"calibrated_probability:market_adjusted_only; executable_price:age_unknown; source_health:livescorebet:stale=50465s>900s; source_health:paddy_power:stale=50441s>900s; model_validation:NO-GO; model_validation:logloss_edge_not_significant:delta=-0.18621 ci95=[-0.22507,-0.14620]; model_validation:loses_to_best_devig:shin=1.68568; model_validation:clv_not_positive:mean=-0.13417 ci95_lower=-0.13888; model_validation:drift_gate_failed:going_speed=4.916, horse_career_runs=0.301; overround:1.7984>1.2500; min_edge:unavailable; min_expected_value:unavailable",complete_card; runner_history; reference_market; field_size,True,NO-GO,FORWARD GATE NOT MET (9 OF 9 CRITERIA FAILED),False
28d33b2109392c3dcece,2026-07-27T21:41:12.379971+00:00,2026-07-27T21:41:12.379971+00:00,2026-07-27T17:40:00+00:00,,2026-07-27T18:40:00+01:00,Galway,toobossyforus,69727bc15e4741ea,Too Bossy For Us,livescorebet,WIN,win,7.502,,,,0.1275,13.488000000000001,0.13333333333333333,,,50.0,,,,poor,MODEL NO-GO / FORWARD GATE FORWARD GATE NOT MET (9 OF 9 CRITERIA FAILED),PASS,"calibrated_probability:market_adjusted_only; executable_price:age_unknown; source_health:livescorebet:stale=50465s>900s; source_health:paddy_power:stale=50441s>900s; model_validation:NO-GO; model_validation:logloss_edge_not_significant:delta=-0.18621 ci95=[-0.22507,-0.14620]; model_validation:loses_to_best_devig:shin=1.68568; model_validation:clv_not_positive:mean=-0.13417 ci95_lower=-0.13888; model_validation:drift_gate_failed:going_speed=4.916, horse_career_runs=0.301; overround:1.7984>1.2500; min_edge:unavailable; min_expected_value:unavailable",complete_card; runner_history; reference_market; field_size,True,NO-GO,FORWARD GATE NOT MET (9 OF 9 CRITERIA FAILED),False
89d506ba1148d8c6e1e2,2026-07-27T21:41:12.379971+00:00,2026-07-27T21:41:12.379971+00:00,2026-07-27T17:40:00+00:00,,2026-07-27T18:40:00+01:00,Galway,lightupthedark,e4adb1c098a58052,Light Up The Dark,livescorebet,WIN,win,5.999,,,,0.1467,10.7904,0.16666666666666666,,,50.0,,,,poor,MODEL NO-GO / FORWARD GATE FORWARD GATE NOT MET (9 OF 9 CRITERIA FAILED),PASS,"calibrated_probability:market_adjusted_only; executable_price:age_unknown; source_health:livescorebet:stale=50465s>900s; source_health:paddy_power:stale=50441s>900s; model_validation:NO-GO; model_validation:logloss_edge_not_significant:delta=-0.18621 ci95=[-0.22507,-0.14620]; model_validation:loses_to_best_devig:shin=1.68568; model_validation:clv_not_positive:mean=-0.13417 ci95_lower=-0.13888; model_validation:drift_gate_failed:going_speed=4.916, horse_career_runs=0.301; overround:1.7984>1.2500; min_edge:unavailable; min_expected_value:unavailable",complete_card; runner_history; reference_market; field_size,True,NO-GO,FORWARD GATE NOT MET (9 OF 9 CRITERIA FAILED),False
a8cd976eec36f89ff1ed,2026-07-27T21:41:12.379971+00:00,2026-07-27T21:41:12.379971+00:00,2026-07-27T17:40:00+00:00,,2026-07-27T18:40:00+01:00,Galway,eaglefang,bb0317a31c5cc0bc,Eagle Fang,livescorebet,WIN,win,7.502,,,,0.1198,13.488000000000001,0.13333333333333333,,,50.0,,,,poor,MODEL NO-GO / FORWARD GATE FORWARD GATE NOT MET (9 OF 9 CRITERIA FAILED),PASS,"calibrated_probability:market_adjusted_only; executable_price:age_unknown; source_health:livescorebet:stale=50465s>900s; source_health:paddy_power:stale=50441s>900s; model_validation:NO-GO; model_validation:logloss_edge_not_significant:delta=-0.18621 ci95=[-0.22507,-0.14620]; model_validation:loses_to_best_devig:shin=1.68568; model_validation:clv_not_positive:mean=-0.13417 ci95_lower=-0.13888; model_validation:drift_gate_failed:going_speed=4.916, horse_career_runs=0.301; overround:1.7984>1.2500; min_edge:unavailable; min_expected_value:unavailable",complete_card; runner_history; reference_market; field_size,True,NO-GO,FORWARD GATE NOT MET (9 OF 9 CRITERIA FAILED),False
ae20e9417921cfb6f867,2026-07-27T21:41:12.379971+00:00,2026-07-27T21:41:12.379971+00:00,2026-07-27T17:40:00+00:00,,2026-07-27T18:40:00+01:00,Galway,teedup,2e7ecc8bb0c22ea4,Teed Up,livescorebet,WIN,win,11.001,,,,0.0825,19.7824,0.09090909090909091,,,50.0,,,,poor,MODEL NO-GO / FORWARD GATE FORWARD GATE NOT MET (9 OF 9 CRITERIA FAILED),PASS,"calibrated_probability:market_adjusted_only; executable_price:age_unknown; source_health:livescorebet:stale=50465s>900s; source_health:paddy_power:stale=50441s>900s; model_validation:NO-GO; model_validation:logloss_edge_not_significant:delta=-0.18621 ci95=[-0.22507,-0.14620]; model_validation:loses_to_best_devig:shin=1.68568; model_validation:clv_not_positive:mean=-0.13417 ci95_lower=-0.13888; model_validation:drift_gate_failed:going_speed=4.916, horse_career_runs=0.301; overround:1.7984>1.2500; min_edge:unavailable; min_expected_value:unavailable",complete_card; runner_history; reference_market; field_size,True,NO-GO,FORWARD GATE NOT MET (9 OF 9 CRITERIA FAILED),False
230073394c1c1a6f3403,2026-07-27T21:41:12.379971+00:00,2026-07-27T21:41:12.379971+00:00,2026-07-27T17:40:00+00:00,,2026-07-27T18:40:00+01:00,Galway,granitebay,aefcf2b83ac72aff,Granite Bay,paddy_power,WIN,win,5.999,,,,0.135,10.7904,0.16666666666666666,,,50.0,,,,poor,MODEL NO-GO / FORWARD GATE FORWARD GATE NOT MET (9 OF 9 CRITERIA FAILED),PASS,"calibrated_probability:market_adjusted_only; executable_price:age_unknown; source_health:livescorebet:stale=50465s>900s; source_health:paddy_power:stale=50441s>900s; model_validation:NO-GO; model_validation:logloss_edge_not_significant:delta=-0.18621 ci95=[-0.22507,-0.14620]; model_validation:loses_to_best_devig:shin=1.68568; model_validation:clv_not_positive:mean=-0.13417 ci95_lower=-0.13888; model_validation:drift_gate_failed:going_speed=4.916, horse_career_runs=0.301; overround:1.7984>1.2500; min_edge:unavailable; min_expected_value:unavailable",complete_card; runner_history; reference_market; field_size,True,NO-GO,FORWARD GATE NOT MET (9 OF 9 CRITERIA FAILED),False
34a21708cfe683b2710a,2026-07-27T21:41:12.379971+00:00,2026-07-27T21:41:12.379971+00:00,2026-07-27T17:40:00+00:00,,2026-07-27T18:40:00+01:00,Galway,galileodame,5d0bebb6f3399f14,Galileo Dame,paddy_power,WIN,win,10.0,,,,0.0825,17.983999999999998,0.1,,,50.0,,,,poor,MODEL NO-GO / FORWARD GATE FORWARD GATE NOT MET (9 OF 9 CRITERIA FAILED),PASS,"calibrated_probability:market_adjusted_only; executable_price:age_unknown; source_health:livescorebet:stale=50465s>900s; source_health:paddy_power:stale=50441s>900s; model_validation:NO-GO; model_validation:logloss_edge_not_significant:delta=-0.18621 ci95=[-0.22507,-0.14620]; model_validation:loses_to_best_devig:shin=1.68568; model_validation:clv_not_positive:mean=-0.13417 ci95_lower=-0.13888; model_validation:drift_gate_failed:going_speed=4.916, horse_career_runs=0.301; overround:1.7984>1.2500; min_edge:unavailable; min_expected_value:unavailable",complete_card; runner_history; reference_market; field_size,True,NO-GO,FORWARD GATE NOT MET (9 OF 9 CRITERIA FAILED),False
881fe49b787ca2834387,2026-07-27T21:41:12.379971+00:00,2026-07-27T21:41:12.379971+00:00,2026-07-27T17:40:00+00:00,,2026-07-27T18:40:00+01:00,Galway,fileybay,7610a13941c4808b,Filey Bay,paddy_power,WIN,win,13.004,,,,0.063,23.379199999999997,0.07692307692307693,,,50.0,,,,poor,MODEL NO-GO / FORWARD GATE FORWARD GATE NOT MET (9 OF 9 CRITERIA FAILED),PASS,"calibrated_probability:market_adjusted_only; executable_price:age_unknown; source_health:livescorebet:stale=50465s>900s; source_health:paddy_power:stale=50441s>900s; model_validation:NO-GO; model_validation:logloss_edge_not_significant:delta=-0.18621 ci95=[-0.22507,-0.14620]; model_validation:loses_to_best_devig:shin=1.68568; model_validation:clv_not_positive:mean=-0.13417 ci95_lower=-0.13888; model_validation:drift_gate_failed:going_speed=4.916, horse_career_runs=0.301; overround:1.7984>1.2500; min_edge:unavailable; min_expected_value:unavailable",complete_card; runner_history; reference_market; field_size,True,NO-GO,FORWARD GATE NOT MET (9 OF 9 CRITERIA FAILED),False
99bcfeda5b9354ca1f42,2026-07-27T21:41:12.379971+00:00,2026-07-27T21:41:12.379971+00:00,2026-07-27T17:40:00+00:00,,2026-07-27T18:40:00+01:00,Galway,larkinthemornin,464a5faad8b3a271,Lark In The Mornin,paddy_power,WIN,win,13.004,,,,0.063,23.379199999999997,0.07692307692307693,,,50.0,,,,poor,MODEL NO-GO / FORWARD GATE FORWARD GATE NOT MET (9 OF 9 CRITERIA FAILED),PASS,"calibrated_probability:market_adjusted_only; executable_price:age_unknown; source_health:livescorebet:stale=50465s>900s; source_health:paddy_power:stale=50441s>900s; model_validation:NO-GO; model_validation:logloss_edge_not_significant:delta=-0.18621 ci95=[-0.22507,-0.14620]; model_validation:loses_to_best_devig:shin=1.68568; model_validation:clv_not_positive:mean=-0.13417 ci95_lower=-0.13888; model_validation:drift_gate_failed:going_speed=4.916, horse_career_runs=0.301; overround:1.7984>1.2500; min_edge:unavailable; min_expected_value:unavailable",complete_card; runner_history; reference_market; field_size,True,NO-GO,FORWARD GATE NOT MET (9 OF 9 CRITERIA FAILED),False
84bb4f1b25db813fc334,2026-07-27T21:41:12.379971+00:00,2026-07-27T21:41:12.379971+00:00,2026-07-27T17:40:00+00:00,,2026-07-27T18:40:00+01:00,Galway,highwind,fae08e204038084e,Highwind,paddy_power,WIN,win,17.007,,,,0.0506,30.572800000000004,0.058823529411764705,,,50.0,,,,poor,MODEL NO-GO / FORWARD GATE FORWARD GATE NOT MET (9 OF 9 CRITERIA FAILED),PASS,"calibrated_probability:market_adjusted_only; executable_price:age_unknown; source_health:livescorebet:stale=50465s>900s; source_health:paddy_power:stale=50441s>900s; model_validation:NO-GO; model_validation:logloss_edge_not_significant:delta=-0.18621 ci95=[-0.22507,-0.14620]; model_validation:loses_to_best_devig:shin=1.68568; model_validation:clv_not_positive:mean=-0.13417 ci95_lower=-0.13888; model_validation:drift_gate_failed:going_speed=4.916, horse_career_runs=0.301; overround:1.7984>1.2500; min_edge:unavailable; min_expected_value:unavailable",complete_card; runner_history; reference_market; field_size,True,NO-GO,FORWARD GATE NOT MET (9 OF 9 CRITERIA FAILED),False
34dd6c2e91cd07a71381,2026-07-27T21:41:12.379971+00:00,2026-07-27T21:41:12.379971+00:00,2026-07-27T17:40:00+00:00,,2026-07-27T18:40:00+01:00,Galway,immutable,6dbc176a6edcad22,Immutable,livescorebet,WIN,win,17.007,,,,0.0556,30.572800000000004,0.058823529411764705,,,50.0,,,,poor,MODEL NO-GO / FORWARD GATE FORWARD GATE NOT MET (9 OF 9 CRITERIA FAILED),PASS,"calibrated_probability:market_adjusted_only; executable_price:age_unknown; source_health:livescorebet:stale=50465s>900s; source_health:paddy_power:stale=50441s>900s; model_validation:NO-GO; model_validation:logloss_edge_not_significant:delta=-0.18621 ci95=[-0.22507,-0.14620]; model_validation:loses_to_best_devig:shin=1.68568; model_validation:clv_not_positive:mean=-0.13417 ci95_lower=-0.13888; model_validation:drift_gate_failed:going_speed=4.916, horse_career_runs=0.301; overround:1.7984>1.2500; min_edge:unavailable; min_expected_value:unavailable",complete_card; runner_history; reference_market; field_size,True,NO-GO,FORWARD GATE NOT MET (9 OF 9 CRITERIA FAILED),False
426b0bcb9cde3e9a4145,2026-07-27T21:41:12.379971+00:00,2026-07-27T21:41:12.379971+00:00,2026-07-27T17:40:00+00:00,,2026-07-27T18:40:00+01:00,Galway,comfortzone,ed00c553857d321a,Comfort Zone,livescorebet,WIN,win,11.001,,,,,19.7824,0.09090909090909091,,,50.0,,,,poor,MODEL NO-GO / FORWARD GATE FORWARD GATE NOT MET (9 OF 9 CRITERIA FAILED),PASS,"calibrated_probability:missing; executable_price:age_unknown; source_health:livescorebet:stale=50465s>900s; source_health:paddy_power:stale=50441s>900s; model_validation:NO-GO; model_validation:logloss_edge_not_significant:delta=-0.18621 ci95=[-0.22507,-0.14620]; model_validation:loses_to_best_devig:shin=1.68568; model_validation:clv_not_positive:mean=-0.13417 ci95_lower=-0.13888; model_validation:drift_gate_failed:going_speed=4.916, horse_career_runs=0.301; overround:1.7984>1.2500; min_edge:unavailable; min_expected_value:unavailable",complete_card; runner_history; reference_market; field_size,True,NO-GO,FORWARD GATE NOT MET (9 OF 9 CRITERIA FAILED),False
8d65c0e24d570acecfad,2026-07-27T21:41:12.379971+00:00,2026-07-27T21:41:12.379971+00:00,2026-07-27T17:40:00+00:00,,2026-07-27T18:40:00+01:00,Galway,glenroyal,17ad1430ef3ee04e,Glenroyal,livescorebet,WIN,win,17.007,,,,0.0556,30.572800000000004,0.058823529411764705,,,50.0,,,,poor,MODEL NO-GO / FORWARD GATE FORWARD GATE NOT MET (9 OF 9 CRITERIA FAILED),PASS,"calibrated_probability:market_adjusted_only; executable_price:age_unknown; source_health:livescorebet:stale=50465s>900s; source_health:paddy_power:stale=50441s>900s; model_validation:NO-GO; model_validation:logloss_edge_not_significant:delta=-0.18621 ci95=[-0.22507,-0.14620]; model_validation:loses_to_best_devig:shin=1.68568; model_validation:clv_not_positive:mean=-0.13417 ci95_lower=-0.13888; model_validation:drift_gate_failed:going_speed=4.916, horse_career_runs=0.301; overround:1.7984>1.2500; min_edge:unavailable; min_expected_value:unavailable",complete_card; runner_history; reference_market; field_size,True,NO-GO,FORWARD GATE NOT MET (9 OF 9 CRITERIA FAILED),False
4972e0bb4dea3c8df366,2026-07-27T21:41:12.379971+00:00,2026-07-27T21:41:12.379971+00:00,2026-07-27T17:40:00+00:00,,2026-07-27T18:40:00+01:00,Galway,sirius,7cfffb3da1fac5a7,Sirius,paddy_power,WIN,win,21.008,,,,0.036,37.766400000000004,0.047619047619047616,,,50.0,,,,poor,MODEL NO-GO / FORWARD GATE FORWARD GATE NOT MET (9 OF 9 CRITERIA FAILED),PASS,"calibrated_probability:market_adjusted_only; executable_price:age_unknown; source_health:livescorebet:stale=50465s>900s; source_health:paddy_power:stale=50441s>900s; model_validation:NO-GO; model_validation:logloss_edge_not_significant:delta=-0.18621 ci95=[-0.22507,-0.14620]; model_validation:loses_to_best_devig:shin=1.68568; model_validation:clv_not_positive:mean=-0.13417 ci95_lower=-0.13888; model_validation:drift_gate_failed:going_speed=4.916, horse_career_runs=0.301; overround:1.7984>1.2500; min_edge:unavailable; min_expected_value:unavailable",complete_card; runner_history; reference_market; field_size,True,NO-GO,FORWARD GATE NOT MET (9 OF 9 CRITERIA FAILED),False
e97cddfdaa900b1b997d,2026-07-27T21:41:12.379971+00:00,2026-07-27T21:41:12.379971+00:00,2026-07-27T17:40:00+00:00,,2026-07-27T18:40:00+01:00,Galway,clearquartz,0a812cc5d53ac662,Clear Quartz,paddy_power,WIN,win,34.014,,,,0.025,61.14560000000001,0.029411764705882353,,,50.0,,,,poor,MODEL NO-GO / FORWARD GATE FORWARD GATE NOT MET (9 OF 9 CRITERIA FAILED),PASS,"calibrated_probability:market_adjusted_only; executable_price:age_unknown; source_health:livescorebet:stale=50465s>900s; source_health:paddy_power:stale=50441s>900s; model_validation:NO-GO; model_validation:logloss_edge_not_significant:delta=-0.18621 ci95=[-0.22507,-0.14620]; model_validation:loses_to_best_devig:shin=1.68568; model_validation:clv_not_positive:mean=-0.13417 ci95_lower=-0.13888; model_validation:drift_gate_failed:going_speed=4.916, horse_career_runs=0.301; overround:1.7984>1.2500; min_edge:unavailable; min_expected_value:unavailable",complete_card; runner_history; reference_market; field_size,True,NO-GO,FORWARD GATE NOT MET (9 OF 9 CRITERIA FAILED),False
a3e6989b97425e7be0d4,2026-07-27T21:41:12.379971+00:00,2026-07-27T21:41:12.379971+00:00,2026-07-27T17:40:00+00:00,,2026-07-27T18:40:00+01:00,Galway,smoothtom,b8d0201963ee5ee5,Smooth Tom,paddy_power,WIN,win,25.974,,,,0.0217,46.758399999999995,0.038461538461538464,,,50.0,,,,poor,MODEL NO-GO / FORWARD GATE FORWARD GATE NOT MET (9 OF 9 CRITERIA FAILED),PASS,"calibrated_probability:market_adjusted_only; executable_price:age_unknown; source_health:livescorebet:stale=50465s>900s; source_health:paddy_power:stale=50441s>900s; model_validation:NO-GO; model_validation:logloss_edge_not_significant:delta=-0.18621 ci95=[-0.22507,-0.14620]; model_validation:loses_to_best_devig:shin=1.68568; model_validation:clv_not_positive:mean=-0.13417 ci95_lower=-0.13888; model_validation:drift_gate_failed:going_speed=4.916, horse_career_runs=0.301; overround:1.7984>1.2500; min_edge:unavailable; min_expected_value:unavailable",complete_card; runner_history; reference_market; field_size,True,NO-GO,FORWARD GATE NOT MET (9 OF 9 CRITERIA FAILED),False
36cee16df9592f6b0210,2026-07-27T21:41:12.379971+00:00,2026-07-27T21:41:12.379971+00:00,2026-07-27T17:40:00+00:00,,2026-07-27T18:40:00+01:00,Galway,westminstermoon,5185df6ee9b72f2a,Westminster Moon,livescorebet,WIN,win,19.011,,,,,34.1696,0.05263157894736842,,,50.0,,,,poor,MODEL NO-GO / FORWARD GATE FORWARD GATE NOT MET (9 OF 9 CRITERIA FAILED),PASS,"calibrated_probability:missing; executable_price:age_unknown; source_health:livescorebet:stale=50465s>900s; source_health:paddy_power:stale=50441s>900s; model_validation:NO-GO; model_validation:logloss_edge_not_significant:delta=-0.18621 ci95=[-0.22507,-0.14620]; model_validation:loses_to_best_devig:shin=1.68568; model_validation:clv_not_positive:mean=-0.13417 ci95_lower=-0.13888; model_validation:drift_gate_failed:going_speed=4.916, horse_career_runs=0.301; overround:1.7984>1.2500; min_edge:unavailable; min_expected_value:unavailable",complete_card; runner_history; reference_market; field_size,True,NO-GO,FORWARD GATE NOT MET (9 OF 9 CRITERIA FAILED),False
e27a03a4726f03987687,2026-07-27T21:41:12.379971+00:00,2026-07-27T21:41:12.379971+00:00,2026-07-27T17:40:00+00:00,,2026-07-27T18:40:00+01:00,Galway,holysee,04a5eea143e7b346,Holy See,livescorebet,WIN,win,40.984,,,,0.025,73.7344,0.024390243902439025,,,50.0,,,,poor,MODEL NO-GO / FORWARD GATE FORWARD GATE NOT MET (9 OF 9 CRITERIA FAILED),PASS,"calibrated_probability:market_adjusted_only; executable_price:age_unknown; source_health:livescorebet:stale=50465s>900s; source_health:paddy_power:stale=50441s>900s; model_validation:NO-GO; model_validation:logloss_edge_not_significant:delta=-0.18621 ci95=[-0.22507,-0.14620]; model_validation:loses_to_best_devig:shin=1.68568; model_validation:clv_not_positive:mean=-0.13417 ci95_lower=-0.13888; model_validation:drift_gate_failed:going_speed=4.916, horse_career_runs=0.301; overround:1.7984>1.2500; min_edge:unavailable; min_expected_value:unavailable",complete_card; runner_history; reference_market; field_size,True,NO-GO,FORWARD GATE NOT MET (9 OF 9 CRITERIA FAILED),False
37e010a7f545feaf5c61,2026-07-27T21:41:12.379971+00:00,2026-07-27T21:41:12.379971+00:00,2026-07-27T17:40:00+00:00,,2026-07-27T18:40:00+01:00,Galway,plontier,8f8a0e82d3c05873,Plontier,livescorebet,WIN,win,51.02,,,,0.0214,91.7184,0.0196078431372549,,,50.0,,,,poor,MODEL NO-GO / FORWARD GATE FORWARD GATE NOT MET (9 OF 9 CRITERIA FAILED),PASS,"calibrated_probability:market_adjusted_only; executable_price:age_unknown; source_health:livescorebet:stale=50465s>900s; source_health:paddy_power:stale=50441s>900s; model_validation:NO-GO; model_validation:logloss_edge_not_significant:delta=-0.18621 ci95=[-0.22507,-0.14620]; model_validation:loses_to_best_devig:shin=1.68568; model_validation:clv_not_positive:mean=-0.13417 ci95_lower=-0.13888; model_validation:drift_gate_failed:going_speed=4.916, horse_career_runs=0.301; overround:1.7984>1.2500; min_edge:unavailable; min_expected_value:unavailable",complete_card; runner_history; reference_market; field_size,True,NO-GO,FORWARD GATE NOT MET (9 OF 9 CRITERIA FAILED),False
ccab621e435dfba92fd4,2026-07-27T21:41:12.379971+00:00,2026-07-27T21:41:12.379971+00:00,2026-07-27T17:40:00+00:00,,2026-07-27T18:40:00+01:00,Galway,jabbar,e53eb5d6dd6fe0a9,Jabbar,paddy_power,WIN,win,51.02,,,,,91.7184,0.0196078431372549,,,50.0,,,,poor,MODEL NO-GO / FORWARD GATE FORWARD GATE NOT MET (9 OF 9 CRITERIA FAILED),PASS,"calibrated_probability:missing; executable_price:age_unknown; source_health:livescorebet:stale=50465s>900s; source_health:paddy_power:stale=50441s>900s; model_validation:NO-GO; model_validation:logloss_edge_not_significant:delta=-0.18621 ci95=[-0.22507,-0.14620]; model_validation:loses_to_best_devig:shin=1.68568; model_validation:clv_not_positive:mean=-0.13417 ci95_lower=-0.13888; model_validation:drift_gate_failed:going_speed=4.916, horse_career_runs=0.301; overround:1.7984>1.2500; min_edge:unavailable; min_expected_value:unavailable",complete_card; runner_history; reference_market; field_size,True,NO-GO,FORWARD GATE NOT MET (9 OF 9 CRITERIA FAILED),False
c9f440012586b860f1f6,2026-07-27T21:41:12.379971+00:00,2026-07-27T21:41:12.379971+00:00,2026-07-27T17:40:00+00:00,,2026-07-27T18:40:00+01:00,Galway,yashin,538f2ab8c07f7d8c,Yashin,livescorebet,WIN,win,67.114,,,,0.0009,120.49279999999999,0.014925373134328358,,,50.0,,,,poor,MODEL NO-GO / FORWARD GATE FORWARD GATE NOT MET (9 OF 9 CRITERIA FAILED),PASS,"calibrated_probability:market_adjusted_only; executable_price:age_unknown; source_health:livescorebet:stale=50465s>900s; source_health:paddy_power:stale=50441s>900s; model_validation:NO-GO; model_validation:logloss_edge_not_significant:delta=-0.18621 ci95=[-0.22507,-0.14620]; model_validation:loses_to_best_devig:shin=1.68568; model_validation:clv_not_positive:mean=-0.13417 ci95_lower=-0.13888; model_validation:drift_gate_failed:going_speed=4.916, horse_career_runs=0.301; overround:1.7984>1.2500; min_edge:unavailable; min_expected_value:unavailable",complete_card; runner_history; reference_market; field_size,True,NO-GO,FORWARD GATE NOT MET (9 OF 9 CRITERIA FAILED),False
941c9f70bc7460275651,2026-07-27T21:41:12.379971+00:00,2026-07-27T21:41:12.379971+00:00,2026-07-27T17:40:00+00:00,,2026-07-27T18:40:00+01:00,Galway,tysonfury,68349c9e7b5bc228,Tyson Fury,livescorebet,WIN,win,67.114,,,,0.0009,120.49279999999999,0.014925373134328358,,,50.0,,,,poor,MODEL NO-GO / FORWARD GATE FORWARD GATE NOT MET (9 OF 9 CRITERIA FAILED),PASS,"calibrated_probability:market_adjusted_only; executable_price:age_unknown; source_health:livescorebet:stale=50465s>900s; source_health:paddy_power:stale=50441s>900s; model_validation:NO-GO; model_validation:logloss_edge_not_significant:delta=-0.18621 ci95=[-0.22507,-0.14620]; model_validation:loses_to_best_devig:shin=1.68568; model_validation:clv_not_positive:mean=-0.13417 ci95_lower=-0.13888; model_validation:drift_gate_failed:going_speed=4.916, horse_career_runs=0.301; overround:1.7984>1.2500; min_edge:unavailable; min_expected_value:unavailable",complete_card; runner_history; reference_market; field_size,True,NO-GO,FORWARD GATE NOT MET (9 OF 9 CRITERIA FAILED),False
609e19c30837170410c7,2026-07-27T21:41:12.379971+00:00,2026-07-27T21:41:12.379971+00:00,2026-07-27T17:53:00+00:00,,2026-07-27T18:53:00+01:00,Windsor,foreverglamorous,3a1eb88267404934,Forever Glamorous,livescorebet,WIN,win,2.38,,,,0.4168,2.782458,0.42016806722689076,,,50.0,,,,poor,MODEL NO-GO / FORWARD GATE FORWARD GATE NOT MET (9 OF 9 CRITERIA FAILED),PASS,"calibrated_probability:market_adjusted_only; executable_price:age_unknown; source_health:livescorebet:stale=50465s>900s; source_health:paddy_power:stale=50441s>900s; model_validation:NO-GO; model_validation:logloss_edge_not_significant:delta=-0.18621 ci95=[-0.22507,-0.14620]; model_validation:loses_to_best_devig:shin=1.68568; model_validation:clv_not_positive:mean=-0.13417 ci95_lower=-0.13888; model_validation:drift_gate_failed:going_speed=4.916, horse_career_runs=0.301; min_edge:unavailable; min_expected_value:unavailable",complete_card; runner_history; reference_market; field_size; overround,True,NO-GO,FORWARD GATE NOT MET (9 OF 9 CRITERIA FAILED),False
6d369fac7faf089fdf3d,2026-07-27T21:41:12.379971+00:00,2026-07-27T21:41:12.379971+00:00,2026-07-27T17:53:00+00:00,,2026-07-27T18:53:00+01:00,Windsor,guernseyangel,ae20bf3d9b181362,Guernsey Angel,paddy_power,WIN,win,4.35,,,,0.1953,5.085585,0.2298850574712644,,,50.0,,,,poor,MODEL NO-GO / FORWARD GATE FORWARD GATE NOT MET (9 OF 9 CRITERIA FAILED),PASS,"calibrated_probability:market_adjusted_only; executable_price:age_unknown; source_health:livescorebet:stale=50465s>900s; source_health:paddy_power:stale=50441s>900s; model_validation:NO-GO; model_validation:logloss_edge_not_significant:delta=-0.18621 ci95=[-0.22507,-0.14620]; model_validation:loses_to_best_devig:shin=1.68568; model_validation:clv_not_positive:mean=-0.13417 ci95_lower=-0.13888; model_validation:drift_gate_failed:going_speed=4.916, horse_career_runs=0.301; min_edge:unavailable; min_expected_value:unavailable",complete_card; runner_history; reference_market; field_size; overround,True,NO-GO,FORWARD GATE NOT MET (9 OF 9 CRITERIA FAILED),False
8ae53072704614b8d9ae,2026-07-27T21:41:12.379971+00:00,2026-07-27T21:41:12.379971+00:00,2026-07-27T17:53:00+00:00,,2026-07-27T18:53:00+01:00,Windsor,solarinvincible,6de7c2c07b6fefc4,Solar Invincible,livescorebet,WIN,win,4.5,,,,0.2191,5.260950000000001,0.2222222222222222,,,50.0,,,,poor,MODEL NO-GO / FORWARD GATE FORWARD GATE NOT MET (9 OF 9 CRITERIA FAILED),PASS,"calibrated_probability:market_adjusted_only; executable_price:age_unknown; source_health:livescorebet:stale=50465s>900s; source_health:paddy_power:stale=50441s>900s; model_validation:NO-GO; model_validation:logloss_edge_not_significant:delta=-0.18621 ci95=[-0.22507,-0.14620]; model_validation:loses_to_best_devig:shin=1.68568; model_validation:clv_not_positive:mean=-0.13417 ci95_lower=-0.13888; model_validation:drift_gate_failed:going_speed=4.916, horse_career_runs=0.301; min_edge:unavailable; min_expected_value:unavailable",complete_card; runner_history; reference_market; field_size; overround,True,NO-GO,FORWARD GATE NOT MET (9 OF 9 CRITERIA FAILED),False
3d3d3f24405f9708672e,2026-07-27T21:41:12.379971+00:00,2026-07-27T21:41:12.379971+00:00,2026-07-27T17:53:00+00:00,,2026-07-27T18:53:00+01:00,Windsor,pulltherug,618a993a6ea283ac,Pull The Rug,paddy_power,WIN,win,8.0,,,,0.1267,9.3528,0.125,,,50.0,,,,poor,MODEL NO-GO / FORWARD GATE FORWARD GATE NOT MET (9 OF 9 CRITERIA FAILED),PASS,"calibrated_probability:market_adjusted_only; executable_price:age_unknown; source_health:livescorebet:stale=50465s>900s; source_health:paddy_power:stale=50441s>900s; model_validation:NO-GO; model_validation:logloss_edge_not_significant:delta=-0.18621 ci95=[-0.22507,-0.14620]; model_validation:loses_to_best_devig:shin=1.68568; model_validation:clv_not_positive:mean=-0.13417 ci95_lower=-0.13888; model_validation:drift_gate_failed:going_speed=4.916, horse_career_runs=0.301; min_edge:unavailable; min_expected_value:unavailable",complete_card; runner_history; reference_market; field_size; overround,True,NO-GO,FORWARD GATE NOT MET (9 OF 9 CRITERIA FAILED),False
317e27e4e7514e8e705d,2026-07-27T21:41:12.379971+00:00,2026-07-27T21:41:12.379971+00:00,2026-07-27T17:53:00+00:00,,2026-07-27T18:53:00+01:00,Windsor,madman,c5bdc16757a7788e,Madman,paddy_power,WIN,win,7.502,,,,0.1129,8.76825,0.13333333333333333,,,50.0,,,,poor,MODEL NO-GO / FORWARD GATE FORWARD GATE NOT MET (9 OF 9 CRITERIA FAILED),PASS,"calibrated_probability:market_adjusted_only; executable_price:age_unknown; source_health:livescorebet:stale=50465s>900s; source_health:paddy_power:stale=50441s>900s; model_validation:NO-GO; model_validation:logloss_edge_not_significant:delta=-0.18621 ci95=[-0.22507,-0.14620]; model_validation:loses_to_best_devig:shin=1.68568; model_validation:clv_not_positive:mean=-0.13417 ci95_lower=-0.13888; model_validation:drift_gate_failed:going_speed=4.916, horse_career_runs=0.301; min_edge:unavailable; min_expected_value:unavailable",complete_card; runner_history; reference_market; field_size; overround,True,NO-GO,FORWARD GATE NOT MET (9 OF 9 CRITERIA FAILED),False
1a6f3ede6b152cac79bf,2026-07-27T21:41:12.379971+00:00,2026-07-27T21:41:12.379971+00:00,2026-07-27T17:53:00+00:00,,2026-07-27T18:53:00+01:00,Windsor,exhibitioning,cad1b7f8cb9bbbe9,Exhibitioning,livescorebet,WIN,win,25.974,,,,0.0529,30.3966,0.038461538461538464,,,50.0,,,,poor,MODEL NO-GO / FORWARD GATE FORWARD GATE NOT MET (9 OF 9 CRITERIA FAILED),PASS,"calibrated_probability:market_adjusted_only; executable_price:age_unknown; source_health:livescorebet:stale=50465s>900s; source_health:paddy_power:stale=50441s>900s; model_validation:NO-GO; model_validation:logloss_edge_not_significant:delta=-0.18621 ci95=[-0.22507,-0.14620]; model_validation:loses_to_best_devig:shin=1.68568; model_validation:clv_not_positive:mean=-0.13417 ci95_lower=-0.13888; model_validation:drift_gate_failed:going_speed=4.916, horse_career_runs=0.301; min_edge:unavailable; min_expected_value:unavailable",complete_card; runner_history; reference_market; field_size; overround,True,NO-GO,FORWARD GATE NOT MET (9 OF 9 CRITERIA FAILED),False
fbe73db3fd786b6bf043,2026-07-27T21:41:12.379971+00:00,2026-07-27T21:41:12.379971+00:00,2026-07-27T18:05:00+00:00,,2026-07-27T19:05:00+01:00,Ripon,fractional,3ebd9622abad9cec,Fractional,livescorebet,WIN,win,1.84,,,,0.6168,2.137712,0.5434782608695652,,,50.0,,,,poor,MODEL NO-GO / FORWARD GATE FORWARD GATE NOT MET (9 OF 9 CRITERIA FAILED),PASS,"calibrated_probability:market_adjusted_only; executable_price:age_unknown; source_health:livescorebet:stale=50465s>900s; model_validation:NO-GO; model_validation:logloss_edge_not_significant:delta=-0.18621 ci95=[-0.22507,-0.14620]; model_validation:loses_to_best_devig:shin=1.68568; model_validation:clv_not_positive:mean=-0.13417 ci95_lower=-0.13888; model_validation:drift_gate_failed:going_speed=4.916, horse_career_runs=0.301; min_edge:unavailable; min_expected_value:unavailable",complete_card; runner_history; reference_market; field_size; overround,True,NO-GO,FORWARD GATE NOT MET (9 OF 9 CRITERIA FAILED),False
bdfd7c6af4a0238cc968,2026-07-27T21:41:12.379971+00:00,2026-07-27T21:41:12.379971+00:00,2026-07-27T18:05:00+00:00,,2026-07-27T19:05:00+01:00,Ripon,prosperity,afe1ed6b41a7263d,Prosperity,livescorebet,WIN,win,2.75,,,,0.3411,3.1949499999999995,0.36363636363636365,,,50.0,,,,poor,MODEL NO-GO / FORWARD GATE FORWARD GATE NOT MET (9 OF 9 CRITERIA FAILED),PASS,"runner_history:no_prior_form; calibrated_probability:market_adjusted_only; executable_price:age_unknown; source_health:livescorebet:stale=50465s>900s; model_validation:NO-GO; model_validation:logloss_edge_not_significant:delta=-0.18621 ci95=[-0.22507,-0.14620]; model_validation:loses_to_best_devig:shin=1.68568; model_validation:clv_not_positive:mean=-0.13417 ci95_lower=-0.13888; model_validation:drift_gate_failed:going_speed=4.916, horse_career_runs=0.301; min_edge:unavailable; min_expected_value:unavailable",complete_card; reference_market; field_size; overround,True,NO-GO,FORWARD GATE NOT MET (9 OF 9 CRITERIA FAILED),False
6796ba7b247bdeaf8dda,2026-07-27T21:41:12.379971+00:00,2026-07-27T21:41:12.379971+00:00,2026-07-27T18:05:00+00:00,,2026-07-27T19:05:00+01:00,Ripon,princesshoneybee,857232a8678f2630,Princess Honey Bee,livescorebet,WIN,win,8.0,,,,0.12,9.2944,0.125,,,50.0,,,,poor,MODEL NO-GO / FORWARD GATE FORWARD GATE NOT MET (9 OF 9 CRITERIA FAILED),PASS,"calibrated_probability:market_adjusted_only; executable_price:age_unknown; source_health:livescorebet:stale=50465s>900s; model_validation:NO-GO; model_validation:logloss_edge_not_significant:delta=-0.18621 ci95=[-0.22507,-0.14620]; model_validation:loses_to_best_devig:shin=1.68568; model_validation:clv_not_positive:mean=-0.13417 ci95_lower=-0.13888; model_validation:drift_gate_failed:going_speed=4.916, horse_career_runs=0.301; min_edge:unavailable; min_expected_value:unavailable",complete_card; runner_history; reference_market; field_size; overround,True,NO-GO,FORWARD GATE NOT MET (9 OF 9 CRITERIA FAILED),False
0d3e4dba8a7c64c61b02,2026-07-27T21:41:12.379971+00:00,2026-07-27T21:41:12.379971+00:00,2026-07-27T18:05:00+00:00,,2026-07-27T19:05:00+01:00,Ripon,flawlessfusion,6dae29af77cca13b,Flawless Fusion,livescorebet,WIN,win,9.497,,,,0.1013,11.0371,0.10526315789473684,,,50.0,,,,poor,MODEL NO-GO / FORWARD GATE FORWARD GATE NOT MET (9 OF 9 CRITERIA FAILED),PASS,"calibrated_probability:market_adjusted_only; executable_price:age_unknown; source_health:livescorebet:stale=50465s>900s; model_validation:NO-GO; model_validation:logloss_edge_not_significant:delta=-0.18621 ci95=[-0.22507,-0.14620]; model_validation:loses_to_best_devig:shin=1.68568; model_validation:clv_not_positive:mean=-0.13417 ci95_lower=-0.13888; model_validation:drift_gate_failed:going_speed=4.916, horse_career_runs=0.301; min_edge:unavailable; min_expected_value:unavailable",complete_card; runner_history; reference_market; field_size; overround,True,NO-GO,FORWARD GATE NOT MET (9 OF 9 CRITERIA FAILED),False
c8017e6b4e871cf7b40b,2026-07-27T21:41:12.379971+00:00,2026-07-27T21:41:12.379971+00:00,2026-07-27T18:05:00+00:00,,2026-07-27T19:05:00+01:00,Ripon,roccapina,1c8dd9cc5cfd2356,Roccapina,livescorebet,WIN,win,40.984,,,,0.025,47.633799999999994,0.024390243902439025,,,50.0,,,,poor,MODEL NO-GO / FORWARD GATE FORWARD GATE NOT MET (9 OF 9 CRITERIA FAILED),PASS,"runner_history:no_prior_form; calibrated_probability:market_adjusted_only; executable_price:age_unknown; source_health:livescorebet:stale=50465s>900s; model_validation:NO-GO; model_validation:logloss_edge_not_significant:delta=-0.18621 ci95=[-0.22507,-0.14620]; model_validation:loses_to_best_devig:shin=1.68568; model_validation:clv_not_positive:mean=-0.13417 ci95_lower=-0.13888; model_validation:drift_gate_failed:going_speed=4.916, horse_career_runs=0.301; min_edge:unavailable; min_expected_value:unavailable",complete_card; reference_market; field_size; overround,True,NO-GO,FORWARD GATE NOT MET (9 OF 9 CRITERIA FAILED),False
ed78b380f079f0b34c77,2026-07-27T21:41:12.379971+00:00,2026-07-27T21:41:12.379971+00:00,2026-07-27T18:15:00+00:00,,2026-07-27T19:15:00+01:00,Galway,dancingsaxon,b13c44ca94002f14,Dancing Saxon,livescorebet,WIN,win,1.73,,,,0.5571,2.438262,0.5780346820809249,,,50.0,,,,poor,MODEL NO-GO / FORWARD GATE FORWARD GATE NOT MET (9 OF 9 CRITERIA FAILED),PASS,"calibrated_probability:market_adjusted_only; executable_price:age_unknown; source_health:livescorebet:stale=50465s>900s; model_validation:NO-GO; model_validation:logloss_edge_not_significant:delta=-0.18621 ci95=[-0.22507,-0.14620]; model_validation:loses_to_best_devig:shin=1.68568; model_validation:clv_not_positive:mean=-0.13417 ci95_lower=-0.13888; model_validation:drift_gate_failed:going_speed=4.916, horse_career_runs=0.301; overround:1.4094>1.2500; min_edge:unavailable; min_expected_value:unavailable",complete_card; runner_history; reference_market; field_size,True,NO-GO,FORWARD GATE NOT MET (9 OF 9 CRITERIA FAILED),False
de15fd256e26f81f9c69,2026-07-27T21:41:12.379971+00:00,2026-07-27T21:41:12.379971+00:00,2026-07-27T18:15:00+00:00,,2026-07-27T19:15:00+01:00,Galway,expertdancer,dd4c5709e4b0192a,Expert Dancer,livescorebet,WIN,win,10.0,,,,0.0891,14.094,0.1,,,50.0,,,,poor,MODEL NO-GO / FORWARD GATE FORWARD GATE NOT MET (9 OF 9 CRITERIA FAILED),PASS,"calibrated_probability:market_adjusted_only; executable_price:age_unknown; source_health:livescorebet:stale=50465s>900s; model_validation:NO-GO; model_validation:logloss_edge_not_significant:delta=-0.18621 ci95=[-0.22507,-0.14620]; model_validation:loses_to_best_devig:shin=1.68568; model_validation:clv_not_positive:mean=-0.13417 ci95_lower=-0.13888; model_validation:drift_gate_failed:going_speed=4.916, horse_career_runs=0.301; overround:1.4094>1.2500; min_edge:unavailable; min_expected_value:unavailable",complete_card; runner_history; reference_market; field_size,True,NO-GO,FORWARD GATE NOT MET (9 OF 9 CRITERIA FAILED),False
6497d1389709cc1d7013,2026-07-27T21:41:12.379971+00:00,2026-07-27T21:41:12.379971+00:00,2026-07-27T18:15:00+00:00,,2026-07-27T19:15:00+01:00,Galway,sagasti,a416c87b10c16bd1,Sagasti,livescorebet,WIN,win,10.0,,,,0.0891,14.094,0.1,,,50.0,,,,poor,MODEL NO-GO / FORWARD GATE FORWARD GATE NOT MET (9 OF 9 CRITERIA FAILED),PASS,"calibrated_probability:market_adjusted_only; executable_price:age_unknown; source_health:livescorebet:stale=50465s>900s; model_validation:NO-GO; model_validation:logloss_edge_not_significant:delta=-0.18621 ci95=[-0.22507,-0.14620]; model_validation:loses_to_best_devig:shin=1.68568; model_validation:clv_not_positive:mean=-0.13417 ci95_lower=-0.13888; model_validation:drift_gate_failed:going_speed=4.916, horse_career_runs=0.301; overround:1.4094>1.2500; min_edge:unavailable; min_expected_value:unavailable",complete_card; runner_history; reference_market; field_size,True,NO-GO,FORWARD GATE NOT MET (9 OF 9 CRITERIA FAILED),False
7b5690fa4212cf394676,2026-07-27T21:41:12.379971+00:00,2026-07-27T21:41:12.379971+00:00,2026-07-27T18:15:00+00:00,,2026-07-27T19:15:00+01:00,Galway,mottaalta,16d239697681d877,Motta Alta,livescorebet,WIN,win,10.0,,,,0.0869,14.094,0.1,,,50.0,,,,poor,MODEL NO-GO / FORWARD GATE FORWARD GATE NOT MET (9 OF 9 CRITERIA FAILED),PASS,"calibrated_probability:market_adjusted_only; executable_price:age_unknown; source_health:livescorebet:stale=50465s>900s; model_validation:NO-GO; model_validation:logloss_edge_not_significant:delta=-0.18621 ci95=[-0.22507,-0.14620]; model_validation:loses_to_best_devig:shin=1.68568; model_validation:clv_not_positive:mean=-0.13417 ci95_lower=-0.13888; model_validation:drift_gate_failed:going_speed=4.916, horse_career_runs=0.301; overround:1.4094>1.2500; min_edge:unavailable; min_expected_value:unavailable",complete_card; runner_history; reference_market; field_size,True,NO-GO,FORWARD GATE NOT MET (9 OF 9 CRITERIA FAILED),False
a233d49286f0b988fe95,2026-07-27T21:41:12.379971+00:00,2026-07-27T21:41:12.379971+00:00,2026-07-27T18:15:00+00:00,,2026-07-27T19:15:00+01:00,Galway,coincidentalglory,43ec11047005f5ad,Coincidental Glory,livescorebet,WIN,win,11.001,,,,0.0825,15.503400000000001,0.09090909090909091,,,50.0,,,,poor,MODEL NO-GO / FORWARD GATE FORWARD GATE NOT MET (9 OF 9 CRITERIA FAILED),PASS,"calibrated_probability:market_adjusted_only; executable_price:age_unknown; source_health:livescorebet:stale=50465s>900s; model_validation:NO-GO; model_validation:logloss_edge_not_significant:delta=-0.18621 ci95=[-0.22507,-0.14620]; model_validation:loses_to_best_devig:shin=1.68568; model_validation:clv_not_positive:mean=-0.13417 ci95_lower=-0.13888; model_validation:drift_gate_failed:going_speed=4.916, horse_career_runs=0.301; overround:1.4094>1.2500; min_edge:unavailable; min_expected_value:unavailable",complete_card; runner_history; reference_market; field_size,True,NO-GO,FORWARD GATE NOT MET (9 OF 9 CRITERIA FAILED),False
89ef31a9ccf7701d3204,2026-07-27T21:41:12.379971+00:00,2026-07-27T21:41:12.379971+00:00,2026-07-27T18:15:00+00:00,,2026-07-27T19:15:00+01:00,Galway,nazario,4d6710d6a77ae2d0,Nazario,livescorebet,WIN,win,11.001,,,,0.0868,15.503400000000001,0.09090909090909091,,,50.0,,,,poor,MODEL NO-GO / FORWARD GATE FORWARD GATE NOT MET (9 OF 9 CRITERIA FAILED),PASS,"calibrated_probability:market_adjusted_only; executable_price:age_unknown; source_health:livescorebet:stale=50465s>900s; model_validation:NO-GO; model_validation:logloss_edge_not_significant:delta=-0.18621 ci95=[-0.22507,-0.14620]; model_validation:loses_to_best_devig:shin=1.68568; model_validation:clv_not_positive:mean=-0.13417 ci95_lower=-0.13888; model_validation:drift_gate_failed:going_speed=4.916, horse_career_runs=0.301; overround:1.4094>1.2500; min_edge:unavailable; min_expected_value:unavailable",complete_card; runner_history; reference_market; field_size,True,NO-GO,FORWARD GATE NOT MET (9 OF 9 CRITERIA FAILED),False
e8596d69e0156da70edf,2026-07-27T21:41:12.379971+00:00,2026-07-27T21:41:12.379971+00:00,2026-07-27T18:15:00+00:00,,2026-07-27T19:15:00+01:00,Galway,girlbear,de811af6f9580f16,Girl Bear,livescorebet,WIN,win,14.993,,,,0.063,21.141,0.06666666666666667,,,50.0,,,,poor,MODEL NO-GO / FORWARD GATE FORWARD GATE NOT MET (9 OF 9 CRITERIA FAILED),PASS,"calibrated_probability:market_adjusted_only; executable_price:age_unknown; source_health:livescorebet:stale=50465s>900s; model_validation:NO-GO; model_validation:logloss_edge_not_significant:delta=-0.18621 ci95=[-0.22507,-0.14620]; model_validation:loses_to_best_devig:shin=1.68568; model_validation:clv_not_positive:mean=-0.13417 ci95_lower=-0.13888; model_validation:drift_gate_failed:going_speed=4.916, horse_career_runs=0.301; overround:1.4094>1.2500; min_edge:unavailable; min_expected_value:unavailable",complete_card; runner_history; reference_market; field_size,True,NO-GO,FORWARD GATE NOT MET (9 OF 9 CRITERIA FAILED),False
33be11db7733a7f41758,2026-07-27T21:41:12.379971+00:00,2026-07-27T21:41:12.379971+00:00,2026-07-27T18:15:00+00:00,,2026-07-27T19:15:00+01:00,Galway,unfamiliar,ac22b8922cf77dae,Unfamiliar,livescorebet,WIN,win,21.008,,,,0.0455,29.5974,0.047619047619047616,,,50.0,,,,poor,MODEL NO-GO / FORWARD GATE FORWARD GATE NOT MET (9 OF 9 CRITERIA FAILED),PASS,"calibrated_probability:market_adjusted_only; executable_price:age_unknown; source_health:livescorebet:stale=50465s>900s; model_validation:NO-GO; model_validation:logloss_edge_not_significant:delta=-0.18621 ci95=[-0.22507,-0.14620]; model_validation:loses_to_best_devig:shin=1.68568; model_validation:clv_not_positive:mean=-0.13417 ci95_lower=-0.13888; model_validation:drift_gate_failed:going_speed=4.916, horse_career_runs=0.301; overround:1.4094>1.2500; min_edge:unavailable; min_expected_value:unavailable",complete_card; runner_history; reference_market; field_size,True,NO-GO,FORWARD GATE NOT MET (9 OF 9 CRITERIA FAILED),False
07ca4c4de98fa01717b6,2026-07-27T21:41:12.379971+00:00,2026-07-27T21:41:12.379971+00:00,2026-07-27T18:15:00+00:00,,2026-07-27T19:15:00+01:00,Galway,caitouna,6157b727af3bdcb3,Caitouna,livescorebet,WIN,win,22.989,,,,0.0417,32.4162,0.043478260869565216,,,50.0,,,,poor,MODEL NO-GO / FORWARD GATE FORWARD GATE NOT MET (9 OF 9 CRITERIA FAILED),PASS,"calibrated_probability:market_adjusted_only; executable_price:age_unknown; source_health:livescorebet:stale=50465s>900s; model_validation:NO-GO; model_validation:logloss_edge_not_significant:delta=-0.18621 ci95=[-0.22507,-0.14620]; model_validation:loses_to_best_devig:shin=1.68568; model_validation:clv_not_positive:mean=-0.13417 ci95_lower=-0.13888; model_validation:drift_gate_failed:going_speed=4.916, horse_career_runs=0.301; overround:1.4094>1.2500; min_edge:unavailable; min_expected_value:unavailable",complete_card; runner_history; reference_market; field_size,True,NO-GO,FORWARD GATE NOT MET (9 OF 9 CRITERIA FAILED),False
9e100b8aead3670a0796,2026-07-27T21:41:12.379971+00:00,2026-07-27T21:41:12.379971+00:00,2026-07-27T18:15:00+00:00,,2026-07-27T19:15:00+01:00,Galway,templenoe,c87da8eb47b33525,Templenoe,livescorebet,WIN,win,21.008,,,,0.0459,29.5974,0.047619047619047616,,,50.0,,,,poor,MODEL NO-GO / FORWARD GATE FORWARD GATE NOT MET (9 OF 9 CRITERIA FAILED),PASS,"calibrated_probability:market_adjusted_only; executable_price:age_unknown; source_health:livescorebet:stale=50465s>900s; model_validation:NO-GO; model_validation:logloss_edge_not_significant:delta=-0.18621 ci95=[-0.22507,-0.14620]; model_validation:loses_to_best_devig:shin=1.68568; model_validation:clv_not_positive:mean=-0.13417 ci95_lower=-0.13888; model_validation:drift_gate_failed:going_speed=4.916, horse_career_runs=0.301; overround:1.4094>1.2500; min_edge:unavailable; min_expected_value:unavailable",complete_card; runner_history; reference_market; field_size,True,NO-GO,FORWARD GATE NOT MET (9 OF 9 CRITERIA FAILED),False
33e24a566ef9aee0d19a,2026-07-27T21:41:12.379971+00:00,2026-07-27T21:41:12.379971+00:00,2026-07-27T18:15:00+00:00,,2026-07-27T19:15:00+01:00,Galway,dervoannie,4bbf6ca7a1b32c74,Dervo Annie,livescorebet,WIN,win,28.986,,,,0.0332,40.8726,0.034482758620689655,,,50.0,,,,poor,MODEL NO-GO / FORWARD GATE FORWARD GATE NOT MET (9 OF 9 CRITERIA FAILED),PASS,"calibrated_probability:market_adjusted_only; executable_price:age_unknown; source_health:livescorebet:stale=50465s>900s; model_validation:NO-GO; model_validation:logloss_edge_not_significant:delta=-0.18621 ci95=[-0.22507,-0.14620]; model_validation:loses_to_best_devig:shin=1.68568; model_validation:clv_not_positive:mean=-0.13417 ci95_lower=-0.13888; model_validation:drift_gate_failed:going_speed=4.916, horse_career_runs=0.301; overround:1.4094>1.2500; min_edge:unavailable; min_expected_value:unavailable",complete_card; runner_history; reference_market; field_size,True,NO-GO,FORWARD GATE NOT MET (9 OF 9 CRITERIA FAILED),False
fe63f82c3345d1990d50,2026-07-27T21:41:12.379971+00:00,2026-07-27T21:41:12.379971+00:00,2026-07-27T18:15:00+00:00,,2026-07-27T19:15:00+01:00,Galway,slightoffoot,44b7a0a9266d28e7,Slight Of Foot,livescorebet,WIN,win,28.986,,,,0.0332,40.8726,0.034482758620689655,,,50.0,,,,poor,MODEL NO-GO / FORWARD GATE FORWARD GATE NOT MET (9 OF 9 CRITERIA FAILED),PASS,"calibrated_probability:market_adjusted_only; executable_price:age_unknown; source_health:livescorebet:stale=50465s>900s; model_validation:NO-GO; model_validation:logloss_edge_not_significant:delta=-0.18621 ci95=[-0.22507,-0.14620]; model_validation:loses_to_best_devig:shin=1.68568; model_validation:clv_not_positive:mean=-0.13417 ci95_lower=-0.13888; model_validation:drift_gate_failed:going_speed=4.916, horse_career_runs=0.301; overround:1.4094>1.2500; min_edge:unavailable; min_expected_value:unavailable",complete_card; runner_history; reference_market; field_size,True,NO-GO,FORWARD GATE NOT MET (9 OF 9 CRITERIA FAILED),False
bdd79058d826798c8af8,2026-07-27T21:41:12.379971+00:00,2026-07-27T21:41:12.379971+00:00,2026-07-27T18:15:00+00:00,,2026-07-27T19:15:00+01:00,Galway,imnotleavinyou,e0f767e65919c54b,Imnotleavinyou,livescorebet,WIN,win,25.974,,,,0.036,36.6444,0.038461538461538464,,,50.0,,,,poor,MODEL NO-GO / FORWARD GATE FORWARD GATE NOT MET (9 OF 9 CRITERIA FAILED),PASS,"calibrated_probability:market_adjusted_only; executable_price:age_unknown; source_health:livescorebet:stale=50465s>900s; model_validation:NO-GO; model_validation:logloss_edge_not_significant:delta=-0.18621 ci95=[-0.22507,-0.14620]; model_validation:loses_to_best_devig:shin=1.68568; model_validation:clv_not_positive:mean=-0.13417 ci95_lower=-0.13888; model_validation:drift_gate_failed:going_speed=4.916, horse_career_runs=0.301; overround:1.4094>1.2500; min_edge:unavailable; min_expected_value:unavailable",complete_card; runner_history; reference_market; field_size,True,NO-GO,FORWARD GATE NOT MET (9 OF 9 CRITERIA FAILED),False
01cd0e2e4f34cdf02219,2026-07-27T21:41:12.379971+00:00,2026-07-27T21:41:12.379971+00:00,2026-07-27T18:15:00+00:00,,2026-07-27T19:15:00+01:00,Galway,finalboss,9622f75bec9710a1,Final Boss,livescorebet,WIN,win,40.984,,,,0.0224,57.785399999999996,0.024390243902439025,,,50.0,,,,poor,MODEL NO-GO / FORWARD GATE FORWARD GATE NOT MET (9 OF 9 CRITERIA FAILED),PASS,"calibrated_probability:market_adjusted_only; executable_price:age_unknown; source_health:livescorebet:stale=50465s>900s; model_validation:NO-GO; model_validation:logloss_edge_not_significant:delta=-0.18621 ci95=[-0.22507,-0.14620]; model_validation:loses_to_best_devig:shin=1.68568; model_validation:clv_not_positive:mean=-0.13417 ci95_lower=-0.13888; model_validation:drift_gate_failed:going_speed=4.916, horse_career_runs=0.301; overround:1.4094>1.2500; min_edge:unavailable; min_expected_value:unavailable",complete_card; runner_history; reference_market; field_size,True,NO-GO,FORWARD GATE NOT MET (9 OF 9 CRITERIA FAILED),False
c9d0c1068f7b789150c1,2026-07-27T21:41:12.379971+00:00,2026-07-27T21:41:12.379971+00:00,2026-07-27T18:15:00+00:00,,2026-07-27T19:15:00+01:00,Galway,coolshine,de35ae8f3174464d,Coolshine,livescorebet,WIN,win,81.301,,,,0.0139,114.16140000000001,0.012345679012345678,,,50.0,,,,poor,MODEL NO-GO / FORWARD GATE FORWARD GATE NOT MET (9 OF 9 CRITERIA FAILED),PASS,"runner_history:no_prior_form; calibrated_probability:market_adjusted_only; executable_price:age_unknown; source_health:livescorebet:stale=50465s>900s; model_validation:NO-GO; model_validation:logloss_edge_not_significant:delta=-0.18621 ci95=[-0.22507,-0.14620]; model_validation:loses_to_best_devig:shin=1.68568; model_validation:clv_not_positive:mean=-0.13417 ci95_lower=-0.13888; model_validation:drift_gate_failed:going_speed=4.916, horse_career_runs=0.301; overround:1.4094>1.2500; min_edge:unavailable; min_expected_value:unavailable",complete_card; reference_market; field_size,True,NO-GO,FORWARD GATE NOT MET (9 OF 9 CRITERIA FAILED),False
f8aff229d341280bd1f8,2026-07-27T21:41:12.379971+00:00,2026-07-27T21:41:12.379971+00:00,2026-07-27T18:28:00+00:00,,2026-07-27T19:28:00+01:00,Windsor,regionalrock,144b20b180c05ecf,Regional Rock,livescorebet,WIN,win,4.0,,,,0.1814,5.5812,0.25,,,50.0,,,,poor,MODEL NO-GO / FORWARD GATE FORWARD GATE NOT MET (9 OF 9 CRITERIA FAILED),PASS,"runner_history:no_prior_form; calibrated_probability:market_adjusted_only; executable_price:age_unknown; source_health:livescorebet:stale=50465s>900s; model_validation:NO-GO; model_validation:logloss_edge_not_significant:delta=-0.18621 ci95=[-0.22507,-0.14620]; model_validation:loses_to_best_devig:shin=1.68568; model_validation:clv_not_positive:mean=-0.13417 ci95_lower=-0.13888; model_validation:drift_gate_failed:going_speed=4.916, horse_career_runs=0.301; overround:1.3953>1.2500; min_edge:unavailable; min_expected_value:unavailable",complete_card; reference_market; field_size,True,NO-GO,FORWARD GATE NOT MET (9 OF 9 CRITERIA FAILED),False
b95d26e8063e4e8a3ffe,2026-07-27T21:41:12.379971+00:00,2026-07-27T21:41:12.379971+00:00,2026-07-27T18:28:00+00:00,,2026-07-27T19:28:00+01:00,Windsor,suddenflight,803f9e7fdce7c53f,Sudden Flight,livescorebet,WIN,win,5.999,,,,0.158,8.3718,0.16666666666666666,,,50.0,,,,poor,MODEL NO-GO / FORWARD GATE FORWARD GATE NOT MET (9 OF 9 CRITERIA FAILED),PASS,"calibrated_probability:market_adjusted_only; executable_price:age_unknown; source_health:livescorebet:stale=50465s>900s; model_validation:NO-GO; model_validation:logloss_edge_not_significant:delta=-0.18621 ci95=[-0.22507,-0.14620]; model_validation:loses_to_best_devig:shin=1.68568; model_validation:clv_not_positive:mean=-0.13417 ci95_lower=-0.13888; model_validation:drift_gate_failed:going_speed=4.916, horse_career_runs=0.301; overround:1.3953>1.2500; min_edge:unavailable; min_expected_value:unavailable",complete_card; runner_history; reference_market; field_size,True,NO-GO,FORWARD GATE NOT MET (9 OF 9 CRITERIA FAILED),False
aa5f66f8b707387bdfea,2026-07-27T21:41:12.379971+00:00,2026-07-27T21:41:12.379971+00:00,2026-07-27T18:28:00+00:00,,2026-07-27T19:28:00+01:00,Windsor,amazoniandream,2fd5c855185e38b5,Amazonian Dream,livescorebet,WIN,win,5.501,,,,0.1614,7.674149999999999,0.18181818181818182,,,50.0,,,,poor,MODEL NO-GO / FORWARD GATE FORWARD GATE NOT MET (9 OF 9 CRITERIA FAILED),PASS,"calibrated_probability:market_adjusted_only; executable_price:age_unknown; source_health:livescorebet:stale=50465s>900s; model_validation:NO-GO; model_validation:logloss_edge_not_significant:delta=-0.18621 ci95=[-0.22507,-0.14620]; model_validation:loses_to_best_devig:shin=1.68568; model_validation:clv_not_positive:mean=-0.13417 ci95_lower=-0.13888; model_validation:drift_gate_failed:going_speed=4.916, horse_career_runs=0.301; overround:1.3953>1.2500; min_edge:unavailable; min_expected_value:unavailable",complete_card; runner_history; reference_market; field_size,True,NO-GO,FORWARD GATE NOT MET (9 OF 9 CRITERIA FAILED),False
f364366216d5489f7a41,2026-07-27T21:41:12.379971+00:00,2026-07-27T21:41:12.379971+00:00,2026-07-27T18:28:00+00:00,,2026-07-27T19:28:00+01:00,Windsor,anotherabbot,87e8c431d8f0aea6,Another Abbot,livescorebet,WIN,win,8.503,,,,0.1064,11.860050000000001,0.11764705882352941,,,50.0,,,,poor,MODEL NO-GO / FORWARD GATE FORWARD GATE NOT MET (9 OF 9 CRITERIA FAILED),PASS,"calibrated_probability:market_adjusted_only; executable_price:age_unknown; source_health:livescorebet:stale=50465s>900s; model_validation:NO-GO; model_validation:logloss_edge_not_significant:delta=-0.18621 ci95=[-0.22507,-0.14620]; model_validation:loses_to_best_devig:shin=1.68568; model_validation:clv_not_positive:mean=-0.13417 ci95_lower=-0.13888; model_validation:drift_gate_failed:going_speed=4.916, horse_career_runs=0.301; overround:1.3953>1.2500; min_edge:unavailable; min_expected_value:unavailable",complete_card; runner_history; reference_market; field_size,True,NO-GO,FORWARD GATE NOT MET (9 OF 9 CRITERIA FAILED),False
6034a7887ebe74abe774,2026-07-27T21:41:12.379971+00:00,2026-07-27T21:41:12.379971+00:00,2026-07-27T18:28:00+00:00,,2026-07-27T19:28:00+01:00,Windsor,uncledon,078c8213629471c5,Uncle Don,livescorebet,WIN,win,12.005,,,,0.0902,16.7436,0.08333333333333333,,,50.0,,,,poor,MODEL NO-GO / FORWARD GATE FORWARD GATE NOT MET (9 OF 9 CRITERIA FAILED),PASS,"calibrated_probability:market_adjusted_only; executable_price:age_unknown; source_health:livescorebet:stale=50465s>900s; model_validation:NO-GO; model_validation:logloss_edge_not_significant:delta=-0.18621 ci95=[-0.22507,-0.14620]; model_validation:loses_to_best_devig:shin=1.68568; model_validation:clv_not_positive:mean=-0.13417 ci95_lower=-0.13888; model_validation:drift_gate_failed:going_speed=4.916, horse_career_runs=0.301; overround:1.3953>1.2500; min_edge:unavailable; min_expected_value:unavailable",complete_card; runner_history; reference_market; field_size,True,NO-GO,FORWARD GATE NOT MET (9 OF 9 CRITERIA FAILED),False
bde32a0b6f156ba48d55,2026-07-27T21:41:12.379971+00:00,2026-07-27T21:41:12.379971+00:00,2026-07-27T18:28:00+00:00,,2026-07-27T19:28:00+01:00,Windsor,brosay,6ee92f7f9724c6a0,Brosay,livescorebet,WIN,win,10.0,,,,0.0891,13.953,0.1,,,50.0,,,,poor,MODEL NO-GO / FORWARD GATE FORWARD GATE NOT MET (9 OF 9 CRITERIA FAILED),PASS,"calibrated_probability:market_adjusted_only; executable_price:age_unknown; source_health:livescorebet:stale=50465s>900s; model_validation:NO-GO; model_validation:logloss_edge_not_significant:delta=-0.18621 ci95=[-0.22507,-0.14620]; model_validation:loses_to_best_devig:shin=1.68568; model_validation:clv_not_positive:mean=-0.13417 ci95_lower=-0.13888; model_validation:drift_gate_failed:going_speed=4.916, horse_career_runs=0.301; overround:1.3953>1.2500; min_edge:unavailable; min_expected_value:unavailable",complete_card; runner_history; reference_market; field_size,True,NO-GO,FORWARD GATE NOT MET (9 OF 9 CRITERIA FAILED),False
025383a55995cfdb2002,2026-07-27T21:41:12.379971+00:00,2026-07-27T21:41:12.379971+00:00,2026-07-27T18:28:00+00:00,,2026-07-27T19:28:00+01:00,Windsor,ancientstate,3a269feab941e773,Ancient State,livescorebet,WIN,win,12.005,,,,0.077,16.7436,0.08333333333333333,,,50.0,,,,poor,MODEL NO-GO / FORWARD GATE FORWARD GATE NOT MET (9 OF 9 CRITERIA FAILED),PASS,"calibrated_probability:market_adjusted_only; executable_price:age_unknown; source_health:livescorebet:stale=50465s>900s; model_validation:NO-GO; model_validation:logloss_edge_not_significant:delta=-0.18621 ci95=[-0.22507,-0.14620]; model_validation:loses_to_best_devig:shin=1.68568; model_validation:clv_not_positive:mean=-0.13417 ci95_lower=-0.13888; model_validation:drift_gate_failed:going_speed=4.916, horse_career_runs=0.301; overround:1.3953>1.2500; min_edge:unavailable; min_expected_value:unavailable",complete_card; runner_history; reference_market; field_size,True,NO-GO,FORWARD GATE NOT MET (9 OF 9 CRITERIA FAILED),False
abb6fa735be3c455a7e3,2026-07-27T21:41:12.379971+00:00,2026-07-27T21:41:12.379971+00:00,2026-07-27T18:28:00+00:00,,2026-07-27T19:28:00+01:00,Windsor,mesaafi,8295ec029b3d53eb,Mesaafi,livescorebet,WIN,win,11.001,,,,0.0868,15.348299999999998,0.09090909090909091,,,50.0,,,,poor,MODEL NO-GO / FORWARD GATE FORWARD GATE NOT MET (9 OF 9 CRITERIA FAILED),PASS,"calibrated_probability:market_adjusted_only; executable_price:age_unknown; source_health:livescorebet:stale=50465s>900s; model_validation:NO-GO; model_validation:logloss_edge_not_significant:delta=-0.18621 ci95=[-0.22507,-0.14620]; model_validation:loses_to_best_devig:shin=1.68568; model_validation:clv_not_positive:mean=-0.13417 ci95_lower=-0.13888; model_validation:drift_gate_failed:going_speed=4.916, horse_career_runs=0.301; overround:1.3953>1.2500; min_edge:unavailable; min_expected_value:unavailable",complete_card; runner_history; reference_market; field_size,True,NO-GO,FORWARD GATE NOT MET (9 OF 9 CRITERIA FAILED),False
b0e96cfd408b7b53d999,2026-07-27T21:41:12.379971+00:00,2026-07-27T21:41:12.379971+00:00,2026-07-27T18:28:00+00:00,,2026-07-27T19:28:00+01:00,Windsor,hucklesbrook,424b40f2213840f2,Hucklesbrook,livescorebet,WIN,win,11.001,,,,0.0825,15.348299999999998,0.09090909090909091,,,50.0,,,,poor,MODEL NO-GO / FORWARD GATE FORWARD GATE NOT MET (9 OF 9 CRITERIA FAILED),PASS,"calibrated_probability:market_adjusted_only; executable_price:age_unknown; source_health:livescorebet:stale=50465s>900s; model_validation:NO-GO; model_validation:logloss_edge_not_significant:delta=-0.18621 ci95=[-0.22507,-0.14620]; model_validation:loses_to_best_devig:shin=1.68568; model_validation:clv_not_positive:mean=-0.13417 ci95_lower=-0.13888; model_validation:drift_gate_failed:going_speed=4.916, horse_career_runs=0.301; overround:1.3953>1.2500; min_edge:unavailable; min_expected_value:unavailable",complete_card; runner_history; reference_market; field_size,True,NO-GO,FORWARD GATE NOT MET (9 OF 9 CRITERIA FAILED),False
3ab4af1541c752c64895,2026-07-27T21:41:12.379971+00:00,2026-07-27T21:41:12.379971+00:00,2026-07-27T18:28:00+00:00,,2026-07-27T19:28:00+01:00,Windsor,nadalshibagreen,a5a46d7690165951,Nad Alshiba Green,livescorebet,WIN,win,14.993,,,,0.063,20.9295,0.06666666666666667,,,50.0,,,,poor,MODEL NO-GO / FORWARD GATE FORWARD GATE NOT MET (9 OF 9 CRITERIA FAILED),PASS,"calibrated_probability:market_adjusted_only; executable_price:age_unknown; source_health:livescorebet:stale=50465s>900s; model_validation:NO-GO; model_validation:logloss_edge_not_significant:delta=-0.18621 ci95=[-0.22507,-0.14620]; model_validation:loses_to_best_devig:shin=1.68568; model_validation:clv_not_positive:mean=-0.13417 ci95_lower=-0.13888; model_validation:drift_gate_failed:going_speed=4.916, horse_career_runs=0.301; overround:1.3953>1.2500; min_edge:unavailable; min_expected_value:unavailable",complete_card; runner_history; reference_market; field_size,True,NO-GO,FORWARD GATE NOT MET (9 OF 9 CRITERIA FAILED),False
53e232a5763cd8b238e2,2026-07-27T21:41:12.379971+00:00,2026-07-27T21:41:12.379971+00:00,2026-07-27T18:28:00+00:00,,2026-07-27T19:28:00+01:00,Windsor,dandana,b6ca5d02c5c517ee,Dandana,livescorebet,WIN,win,22.989,,,,0.0453,32.0919,0.043478260869565216,,,50.0,,,,poor,MODEL NO-GO / FORWARD GATE FORWARD GATE NOT MET (9 OF 9 CRITERIA FAILED),PASS,"calibrated_probability:market_adjusted_only; executable_price:age_unknown; source_health:livescorebet:stale=50465s>900s; model_validation:NO-GO; model_validation:logloss_edge_not_significant:delta=-0.18621 ci95=[-0.22507,-0.14620]; model_validation:loses_to_best_devig:shin=1.68568; model_validation:clv_not_positive:mean=-0.13417 ci95_lower=-0.13888; model_validation:drift_gate_failed:going_speed=4.916, horse_career_runs=0.301; overround:1.3953>1.2500; min_edge:unavailable; min_expected_value:unavailable",complete_card; runner_history; reference_market; field_size,True,NO-GO,FORWARD GATE NOT MET (9 OF 9 CRITERIA FAILED),False
d5f7ace2e36fe318518a,2026-07-27T21:41:12.379971+00:00,2026-07-27T21:41:12.379971+00:00,2026-07-27T18:28:00+00:00,,2026-07-27T19:28:00+01:00,Windsor,willemtwee,c8d3c5e48dfa7d0a,Willem Twee,livescorebet,WIN,win,19.011,,,,0.0506,26.5107,0.05263157894736842,,,50.0,,,,poor,MODEL NO-GO / FORWARD GATE FORWARD GATE NOT MET (9 OF 9 CRITERIA FAILED),PASS,"calibrated_probability:market_adjusted_only; executable_price:age_unknown; source_health:livescorebet:stale=50465s>900s; model_validation:NO-GO; model_validation:logloss_edge_not_significant:delta=-0.18621 ci95=[-0.22507,-0.14620]; model_validation:loses_to_best_devig:shin=1.68568; model_validation:clv_not_positive:mean=-0.13417 ci95_lower=-0.13888; model_validation:drift_gate_failed:going_speed=4.916, horse_career_runs=0.301; overround:1.3953>1.2500; min_edge:unavailable; min_expected_value:unavailable",complete_card; runner_history; reference_market; field_size,True,NO-GO,FORWARD GATE NOT MET (9 OF 9 CRITERIA FAILED),False
962a33e43ddeb1215e59,2026-07-27T21:41:12.379971+00:00,2026-07-27T21:41:12.379971+00:00,2026-07-27T18:28:00+00:00,,2026-07-27T19:28:00+01:00,Windsor,maelstrom,4ab7e4831deaa787,Maelstrom,livescorebet,WIN,win,25.974,,,,0.0352,36.2778,0.038461538461538464,,,50.0,,,,poor,MODEL NO-GO / FORWARD GATE FORWARD GATE NOT MET (9 OF 9 CRITERIA FAILED),PASS,"calibrated_probability:market_adjusted_only; executable_price:age_unknown; source_health:livescorebet:stale=50465s>900s; model_validation:NO-GO; model_validation:logloss_edge_not_significant:delta=-0.18621 ci95=[-0.22507,-0.14620]; model_validation:loses_to_best_devig:shin=1.68568; model_validation:clv_not_positive:mean=-0.13417 ci95_lower=-0.13888; model_validation:drift_gate_failed:going_speed=4.916, horse_career_runs=0.301; overround:1.3953>1.2500; min_edge:unavailable; min_expected_value:unavailable",complete_card; runner_history; reference_market; field_size,True,NO-GO,FORWARD GATE NOT MET (9 OF 9 CRITERIA FAILED),False
3fb9ece26a368ce4f88e,2026-07-27T21:41:12.379971+00:00,2026-07-27T21:41:12.379971+00:00,2026-07-27T18:28:00+00:00,,2026-07-27T19:28:00+01:00,Windsor,starchorus,602e5b9810f74c6c,Star Chorus,livescorebet,WIN,win,34.014,,,,0.0276,47.440200000000004,0.029411764705882353,,,50.0,,,,poor,MODEL NO-GO / FORWARD GATE FORWARD GATE NOT MET (9 OF 9 CRITERIA FAILED),PASS,"calibrated_probability:market_adjusted_only; executable_price:age_unknown; source_health:livescorebet:stale=50465s>900s; model_validation:NO-GO; model_validation:logloss_edge_not_significant:delta=-0.18621 ci95=[-0.22507,-0.14620]; model_validation:loses_to_best_devig:shin=1.68568; model_validation:clv_not_positive:mean=-0.13417 ci95_lower=-0.13888; model_validation:drift_gate_failed:going_speed=4.916, horse_career_runs=0.301; overround:1.3953>1.2500; min_edge:unavailable; min_expected_value:unavailable",complete_card; runner_history; reference_market; field_size,True,NO-GO,FORWARD GATE NOT MET (9 OF 9 CRITERIA FAILED),False
ac2a5c9713d2f2205d27,2026-07-27T21:41:12.379971+00:00,2026-07-27T21:41:12.379971+00:00,2026-07-27T18:40:00+00:00,,2026-07-27T19:40:00+01:00,Ripon,harley,358e6c788d0ced49,Harley,livescorebet,WIN,win,3.0,,,,0.3436,3.5334,0.3333333333333333,,,50.0,,,,poor,MODEL NO-GO / FORWARD GATE FORWARD GATE NOT MET (9 OF 9 CRITERIA FAILED),PASS,"calibrated_probability:market_adjusted_only; executable_price:age_unknown; source_health:livescorebet:stale=50465s>900s; model_validation:NO-GO; model_validation:logloss_edge_not_significant:delta=-0.18621 ci95=[-0.22507,-0.14620]; model_validation:loses_to_best_devig:shin=1.68568; model_validation:clv_not_positive:mean=-0.13417 ci95_lower=-0.13888; model_validation:drift_gate_failed:going_speed=4.916, horse_career_runs=0.301; min_edge:unavailable; min_expected_value:unavailable",complete_card; runner_history; reference_market; field_size; overround,True,NO-GO,FORWARD GATE NOT MET (9 OF 9 CRITERIA FAILED),False
0cf482b3e60840ae4005,2026-07-27T21:41:12.379971+00:00,2026-07-27T21:41:12.379971+00:00,2026-07-27T18:40:00+00:00,,2026-07-27T19:40:00+01:00,Ripon,paperview,5220dc676913d6d2,Paper View,livescorebet,WIN,win,3.5,,,,0.2786,4.1223,0.2857142857142857,,,50.0,,,,poor,MODEL NO-GO / FORWARD GATE FORWARD GATE NOT MET (9 OF 9 CRITERIA FAILED),PASS,"calibrated_probability:market_adjusted_only; executable_price:age_unknown; source_health:livescorebet:stale=50465s>900s; model_validation:NO-GO; model_validation:logloss_edge_not_significant:delta=-0.18621 ci95=[-0.22507,-0.14620]; model_validation:loses_to_best_devig:shin=1.68568; model_validation:clv_not_positive:mean=-0.13417 ci95_lower=-0.13888; model_validation:drift_gate_failed:going_speed=4.916, horse_career_runs=0.301; min_edge:unavailable; min_expected_value:unavailable",complete_card; runner_history; reference_market; field_size; overround,True,NO-GO,FORWARD GATE NOT MET (9 OF 9 CRITERIA FAILED),False
9b2007594ca1de6c62c3,2026-07-27T21:41:12.379971+00:00,2026-07-27T21:41:12.379971+00:00,2026-07-27T18:40:00+00:00,,2026-07-27T19:40:00+01:00,Ripon,eleveneightytwo,28ef159f8f417499,Eleven Eighty Two,livescorebet,WIN,win,5.501,,,,0.1825,6.477899999999999,0.18181818181818182,,,50.0,,,,poor,MODEL NO-GO / FORWARD GATE FORWARD GATE NOT MET (9 OF 9 CRITERIA FAILED),PASS,"calibrated_probability:market_adjusted_only; executable_price:age_unknown; source_health:livescorebet:stale=50465s>900s; model_validation:NO-GO; model_validation:logloss_edge_not_significant:delta=-0.18621 ci95=[-0.22507,-0.14620]; model_validation:loses_to_best_devig:shin=1.68568; model_validation:clv_not_positive:mean=-0.13417 ci95_lower=-0.13888; model_validation:drift_gate_failed:going_speed=4.916, horse_career_runs=0.301; min_edge:unavailable; min_expected_value:unavailable",complete_card; runner_history; reference_market; field_size; overround,True,NO-GO,FORWARD GATE NOT MET (9 OF 9 CRITERIA FAILED),False
1fe73e619ebee1e52cd3,2026-07-27T21:41:12.379971+00:00,2026-07-27T21:41:12.379971+00:00,2026-07-27T18:40:00+00:00,,2026-07-27T19:40:00+01:00,Ripon,empirerising,97575bcdc1e58e85,Empire Rising,livescorebet,WIN,win,5.999,,,,0.1743,7.0668,0.16666666666666666,,,50.0,,,,poor,MODEL NO-GO / FORWARD GATE FORWARD GATE NOT MET (9 OF 9 CRITERIA FAILED),PASS,"calibrated_probability:market_adjusted_only; executable_price:age_unknown; source_health:livescorebet:stale=50465s>900s; model_validation:NO-GO; model_validation:logloss_edge_not_significant:delta=-0.18621 ci95=[-0.22507,-0.14620]; model_validation:loses_to_best_devig:shin=1.68568; model_validation:clv_not_positive:mean=-0.13417 ci95_lower=-0.13888; model_validation:drift_gate_failed:going_speed=4.916, horse_career_runs=0.301; min_edge:unavailable; min_expected_value:unavailable",complete_card; runner_history; reference_market; field_size; overround,True,NO-GO,FORWARD GATE NOT MET (9 OF 9 CRITERIA FAILED),False
17145d672950bcac0dc0,2026-07-27T21:41:12.379971+00:00,2026-07-27T21:41:12.379971+00:00,2026-07-27T18:40:00+00:00,,2026-07-27T19:40:00+01:00,Ripon,moriartymoon,8679f08f17eae7bf,Moriarty Moon,livescorebet,WIN,win,7.502,,,,0.1198,8.8335,0.13333333333333333,,,50.0,,,,poor,MODEL NO-GO / FORWARD GATE FORWARD GATE NOT MET (9 OF 9 CRITERIA FAILED),PASS,"calibrated_probability:market_adjusted_only; executable_price:age_unknown; source_health:livescorebet:stale=50465s>900s; model_validation:NO-GO; model_validation:logloss_edge_not_significant:delta=-0.18621 ci95=[-0.22507,-0.14620]; model_validation:loses_to_best_devig:shin=1.68568; model_validation:clv_not_positive:mean=-0.13417 ci95_lower=-0.13888; model_validation:drift_gate_failed:going_speed=4.916, horse_career_runs=0.301; min_edge:unavailable; min_expected_value:unavailable",complete_card; runner_history; reference_market; field_size; overround,True,NO-GO,FORWARD GATE NOT MET (9 OF 9 CRITERIA FAILED),False
ef26f4e54ddbc737baf0,2026-07-27T21:41:12.379971+00:00,2026-07-27T21:41:12.379971+00:00,2026-07-27T18:40:00+00:00,,2026-07-27T19:40:00+01:00,Ripon,auraofmelania,66fc15e7c6496b93,Aura Of Melania,livescorebet,WIN,win,13.004,,,,0.072,15.311399999999999,0.07692307692307693,,,50.0,,,,poor,MODEL NO-GO / FORWARD GATE FORWARD GATE NOT MET (9 OF 9 CRITERIA FAILED),PASS,"calibrated_probability:market_adjusted_only; executable_price:age_unknown; source_health:livescorebet:stale=50465s>900s; model_validation:NO-GO; model_validation:logloss_edge_not_significant:delta=-0.18621 ci95=[-0.22507,-0.14620]; model_validation:loses_to_best_devig:shin=1.68568; model_validation:clv_not_positive:mean=-0.13417 ci95_lower=-0.13888; model_validation:drift_gate_failed:going_speed=4.916, horse_career_runs=0.301; min_edge:unavailable; min_expected_value:unavailable",complete_card; runner_history; reference_market; field_size; overround,True,NO-GO,FORWARD GATE NOT MET (9 OF 9 CRITERIA FAILED),False
d9cbb97c9e713b1a87a0,2026-07-27T21:41:12.379971+00:00,2026-07-27T21:41:12.379971+00:00,2026-07-27T18:50:00+00:00,,2026-07-27T19:50:00+01:00,Galway,vantagecode,3096817a99eeccc2,Vantage Code,livescorebet,WIN,win,5.999,,,,0.1467,8.6958,0.16666666666666666,,,50.0,,,,poor,MODEL NO-GO / FORWARD GATE FORWARD GATE NOT MET (9 OF 9 CRITERIA FAILED),PASS,"calibrated_probability:market_adjusted_only; executable_price:age_unknown; source_health:livescorebet:stale=50465s>900s; model_validation:NO-GO; model_validation:logloss_edge_not_significant:delta=-0.18621 ci95=[-0.22507,-0.14620]; model_validation:loses_to_best_devig:shin=1.68568; model_validation:clv_not_positive:mean=-0.13417 ci95_lower=-0.13888; model_validation:drift_gate_failed:going_speed=4.916, horse_career_runs=0.301; overround:1.4493>1.2500; min_edge:unavailable; min_expected_value:unavailable",complete_card; runner_history; reference_market; field_size,True,NO-GO,FORWARD GATE NOT MET (9 OF 9 CRITERIA FAILED),False
6e0688ea3f002720fa0d,2026-07-27T21:41:12.379971+00:00,2026-07-27T21:41:12.379971+00:00,2026-07-27T18:50:00+00:00,,2026-07-27T19:50:00+01:00,Galway,dariusdark,27b1c84cb8bc8415,Darius Dark,livescorebet,WIN,win,5.0,,,,0.1775,7.2465,0.2,,,50.0,,,,poor,MODEL NO-GO / FORWARD GATE FORWARD GATE NOT MET (9 OF 9 CRITERIA FAILED),PASS,"calibrated_probability:market_adjusted_only; executable_price:age_unknown; source_health:livescorebet:stale=50465s>900s; model_validation:NO-GO; model_validation:logloss_edge_not_significant:delta=-0.18621 ci95=[-0.22507,-0.14620]; model_validation:loses_to_best_devig:shin=1.68568; model_validation:clv_not_positive:mean=-0.13417 ci95_lower=-0.13888; model_validation:drift_gate_failed:going_speed=4.916, horse_career_runs=0.301; overround:1.4493>1.2500; min_edge:unavailable; min_expected_value:unavailable",complete_card; runner_history; reference_market; field_size,True,NO-GO,FORWARD GATE NOT MET (9 OF 9 CRITERIA FAILED),False
e0456045378709338678,2026-07-27T21:41:12.379971+00:00,2026-07-27T21:41:12.379971+00:00,2026-07-27T18:50:00+00:00,,2026-07-27T19:50:00+01:00,Galway,madbadanddangerous,5ebaca62bf0eced8,Madbadanddangerous,livescorebet,WIN,win,6.998,,,,0.1271,10.145100000000001,0.14285714285714285,,,50.0,,,,poor,MODEL NO-GO / FORWARD GATE FORWARD GATE NOT MET (9 OF 9 CRITERIA FAILED),PASS,"calibrated_probability:market_adjusted_only; executable_price:age_unknown; source_health:livescorebet:stale=50465s>900s; model_validation:NO-GO; model_validation:logloss_edge_not_significant:delta=-0.18621 ci95=[-0.22507,-0.14620]; model_validation:loses_to_best_devig:shin=1.68568; model_validation:clv_not_positive:mean=-0.13417 ci95_lower=-0.13888; model_validation:drift_gate_failed:going_speed=4.916, horse_career_runs=0.301; overround:1.4493>1.2500; min_edge:unavailable; min_expected_value:unavailable",complete_card; runner_history; reference_market; field_size,True,NO-GO,FORWARD GATE NOT MET (9 OF 9 CRITERIA FAILED),False
5f752d120bf52c92a47b,2026-07-27T21:41:12.379971+00:00,2026-07-27T21:41:12.379971+00:00,2026-07-27T18:50:00+00:00,,2026-07-27T19:50:00+01:00,Galway,sharkeyboy,375965397c53e350,Sharkeyboy,livescorebet,WIN,win,6.998,,,,0.141,10.145100000000001,0.14285714285714285,,,50.0,,,,poor,MODEL NO-GO / FORWARD GATE FORWARD GATE NOT MET (9 OF 9 CRITERIA FAILED),PASS,"calibrated_probability:market_adjusted_only; executable_price:age_unknown; source_health:livescorebet:stale=50465s>900s; model_validation:NO-GO; model_validation:logloss_edge_not_significant:delta=-0.18621 ci95=[-0.22507,-0.14620]; model_validation:loses_to_best_devig:shin=1.68568; model_validation:clv_not_positive:mean=-0.13417 ci95_lower=-0.13888; model_validation:drift_gate_failed:going_speed=4.916, horse_career_runs=0.301; overround:1.4493>1.2500; min_edge:unavailable; min_expected_value:unavailable",complete_card; runner_history; reference_market; field_size,True,NO-GO,FORWARD GATE NOT MET (9 OF 9 CRITERIA FAILED),False
f73977ea3e2366b8180a,2026-07-27T21:41:12.379971+00:00,2026-07-27T21:41:12.379971+00:00,2026-07-27T18:50:00+00:00,,2026-07-27T19:50:00+01:00,Galway,themis,803ff8ca95e6daf2,Themis,livescorebet,WIN,win,7.502,,,,0.1198,10.869750000000002,0.13333333333333333,,,50.0,,,,poor,MODEL NO-GO / FORWARD GATE FORWARD GATE NOT MET (9 OF 9 CRITERIA FAILED),PASS,"calibrated_probability:market_adjusted_only; executable_price:age_unknown; source_health:livescorebet:stale=50465s>900s; model_validation:NO-GO; model_validation:logloss_edge_not_significant:delta=-0.18621 ci95=[-0.22507,-0.14620]; model_validation:loses_to_best_devig:shin=1.68568; model_validation:clv_not_positive:mean=-0.13417 ci95_lower=-0.13888; model_validation:drift_gate_failed:going_speed=4.916, horse_career_runs=0.301; overround:1.4493>1.2500; min_edge:unavailable; min_expected_value:unavailable",complete_card; runner_history; reference_market; field_size,True,NO-GO,FORWARD GATE NOT MET (9 OF 9 CRITERIA FAILED),False
8e45a4ee5135ef931047,2026-07-27T21:41:12.379971+00:00,2026-07-27T21:41:12.379971+00:00,2026-07-27T18:50:00+00:00,,2026-07-27T19:50:00+01:00,Galway,nodofapproval,1181b156da5ac7cb,Nod Of Approval,livescorebet,WIN,win,8.503,,,,0.1064,12.31905,0.11764705882352941,,,50.0,,,,poor,MODEL NO-GO / FORWARD GATE FORWARD GATE NOT MET (9 OF 9 CRITERIA FAILED),PASS,"calibrated_probability:market_adjusted_only; executable_price:age_unknown; source_health:livescorebet:stale=50465s>900s; model_validation:NO-GO; model_validation:logloss_edge_not_significant:delta=-0.18621 ci95=[-0.22507,-0.14620]; model_validation:loses_to_best_devig:shin=1.68568; model_validation:clv_not_positive:mean=-0.13417 ci95_lower=-0.13888; model_validation:drift_gate_failed:going_speed=4.916, horse_career_runs=0.301; overround:1.4493>1.2500; min_edge:unavailable; min_expected_value:unavailable",complete_card; runner_history; reference_market; field_size,True,NO-GO,FORWARD GATE NOT MET (9 OF 9 CRITERIA FAILED),False
c15670e745836edd717d,2026-07-27T21:41:12.379971+00:00,2026-07-27T21:41:12.379971+00:00,2026-07-27T18:50:00+00:00,,2026-07-27T19:50:00+01:00,Galway,sirbenji,20b6750ef9e10e59,Sir Benji,livescorebet,WIN,win,13.004,,,,0.072,18.840899999999998,0.07692307692307693,,,50.0,,,,poor,MODEL NO-GO / FORWARD GATE FORWARD GATE NOT MET (9 OF 9 CRITERIA FAILED),PASS,"calibrated_probability:market_adjusted_only; executable_price:age_unknown; source_health:livescorebet:stale=50465s>900s; model_validation:NO-GO; model_validation:logloss_edge_not_significant:delta=-0.18621 ci95=[-0.22507,-0.14620]; model_validation:loses_to_best_devig:shin=1.68568; model_validation:clv_not_positive:mean=-0.13417 ci95_lower=-0.13888; model_validation:drift_gate_failed:going_speed=4.916, horse_career_runs=0.301; overround:1.4493>1.2500; min_edge:unavailable; min_expected_value:unavailable",complete_card; runner_history; reference_market; field_size,True,NO-GO,FORWARD GATE NOT MET (9 OF 9 CRITERIA FAILED),False
fa3c565575add188facc,2026-07-27T21:41:12.379971+00:00,2026-07-27T21:41:12.379971+00:00,2026-07-27T18:50:00+00:00,,2026-07-27T19:50:00+01:00,Galway,nermal,00470e0058b3bf3d,Nermal,livescorebet,WIN,win,12.005,,,,0.077,17.3916,0.08333333333333333,,,50.0,,,,poor,MODEL NO-GO / FORWARD GATE FORWARD GATE NOT MET (9 OF 9 CRITERIA FAILED),PASS,"calibrated_probability:market_adjusted_only; executable_price:age_unknown; source_health:livescorebet:stale=50465s>900s; model_validation:NO-GO; model_validation:logloss_edge_not_significant:delta=-0.18621 ci95=[-0.22507,-0.14620]; model_validation:loses_to_best_devig:shin=1.68568; model_validation:clv_not_positive:mean=-0.13417 ci95_lower=-0.13888; model_validation:drift_gate_failed:going_speed=4.916, horse_career_runs=0.301; overround:1.4493>1.2500; min_edge:unavailable; min_expected_value:unavailable",complete_card; runner_history; reference_market; field_size,True,NO-GO,FORWARD GATE NOT MET (9 OF 9 CRITERIA FAILED),False
fc6cb6f723ce1be2c4dd,2026-07-27T21:41:12.379971+00:00,2026-07-27T21:41:12.379971+00:00,2026-07-27T18:50:00+00:00,,2026-07-27T19:50:00+01:00,Galway,confused,92b30c6f32502a00,Confused,livescorebet,WIN,win,13.004,,,,0.072,18.840899999999998,0.07692307692307693,,,50.0,,,,poor,MODEL NO-GO / FORWARD GATE FORWARD GATE NOT MET (9 OF 9 CRITERIA FAILED),PASS,"calibrated_probability:market_adjusted_only; executable_price:age_unknown; source_health:livescorebet:stale=50465s>900s; model_validation:NO-GO; model_validation:logloss_edge_not_significant:delta=-0.18621 ci95=[-0.22507,-0.14620]; model_validation:loses_to_best_devig:shin=1.68568; model_validation:clv_not_positive:mean=-0.13417 ci95_lower=-0.13888; model_validation:drift_gate_failed:going_speed=4.916, horse_career_runs=0.301; overround:1.4493>1.2500; min_edge:unavailable; min_expected_value:unavailable",complete_card; runner_history; reference_market; field_size,True,NO-GO,FORWARD GATE NOT MET (9 OF 9 CRITERIA FAILED),False
db8f2afa13e5e3e60a96,2026-07-27T21:41:12.379971+00:00,2026-07-27T21:41:12.379971+00:00,2026-07-27T18:50:00+00:00,,2026-07-27T19:50:00+01:00,Galway,fitsperfect,9f1ed260ae72bfb3,Fits Perfect,livescorebet,WIN,win,10.0,,,,,14.493,0.1,,,50.0,,,,poor,MODEL NO-GO / FORWARD GATE FORWARD GATE NOT MET (9 OF 9 CRITERIA FAILED),PASS,"calibrated_probability:missing; executable_price:age_unknown; source_health:livescorebet:stale=50465s>900s; model_validation:NO-GO; model_validation:logloss_edge_not_significant:delta=-0.18621 ci95=[-0.22507,-0.14620]; model_validation:loses_to_best_devig:shin=1.68568; model_validation:clv_not_positive:mean=-0.13417 ci95_lower=-0.13888; model_validation:drift_gate_failed:going_speed=4.916, horse_career_runs=0.301; overround:1.4493>1.2500; min_edge:unavailable; min_expected_value:unavailable",complete_card; runner_history; reference_market; field_size,True,NO-GO,FORWARD GATE NOT MET (9 OF 9 CRITERIA FAILED),False
b280a5dd970af0456eb0,2026-07-27T21:41:12.379971+00:00,2026-07-27T21:41:12.379971+00:00,2026-07-27T18:50:00+00:00,,2026-07-27T19:50:00+01:00,Galway,admiralwillbrown,e37a4000e4da84a5,Admiral Will Brown,livescorebet,WIN,win,14.993,,,,0.063,21.739500000000003,0.06666666666666667,,,50.0,,,,poor,MODEL NO-GO / FORWARD GATE FORWARD GATE NOT MET (9 OF 9 CRITERIA FAILED),PASS,"calibrated_probability:market_adjusted_only; executable_price:age_unknown; source_health:livescorebet:stale=50465s>900s; model_validation:NO-GO; model_validation:logloss_edge_not_significant:delta=-0.18621 ci95=[-0.22507,-0.14620]; model_validation:loses_to_best_devig:shin=1.68568; model_validation:clv_not_positive:mean=-0.13417 ci95_lower=-0.13888; model_validation:drift_gate_failed:going_speed=4.916, horse_career_runs=0.301; overround:1.4493>1.2500; min_edge:unavailable; min_expected_value:unavailable",complete_card; runner_history; reference_market; field_size,True,NO-GO,FORWARD GATE NOT MET (9 OF 9 CRITERIA FAILED),False
af87de22baaf4b63da95,2026-07-27T21:41:12.379971+00:00,2026-07-27T21:41:12.379971+00:00,2026-07-27T18:50:00+00:00,,2026-07-27T19:50:00+01:00,Galway,somusti,abb8c5e11ebd69cc,So Must I,livescorebet,WIN,win,17.007,,,,0.0557,24.6381,0.058823529411764705,,,50.0,,,,poor,MODEL NO-GO / FORWARD GATE FORWARD GATE NOT MET (9 OF 9 CRITERIA FAILED),PASS,"calibrated_probability:market_adjusted_only; executable_price:age_unknown; source_health:livescorebet:stale=50465s>900s; model_validation:NO-GO; model_validation:logloss_edge_not_significant:delta=-0.18621 ci95=[-0.22507,-0.14620]; model_validation:loses_to_best_devig:shin=1.68568; model_validation:clv_not_positive:mean=-0.13417 ci95_lower=-0.13888; model_validation:drift_gate_failed:going_speed=4.916, horse_career_runs=0.301; overround:1.4493>1.2500; min_edge:unavailable; min_expected_value:unavailable",complete_card; runner_history; reference_market; field_size,True,NO-GO,FORWARD GATE NOT MET (9 OF 9 CRITERIA FAILED),False
59e646983ec872984162,2026-07-27T21:41:12.379971+00:00,2026-07-27T21:41:12.379971+00:00,2026-07-27T18:50:00+00:00,,2026-07-27T19:50:00+01:00,Galway,mistycove,e3482a1d95406499,Misty Cove,livescorebet,WIN,win,28.986,,,,0.0332,42.029700000000005,0.034482758620689655,,,50.0,,,,poor,MODEL NO-GO / FORWARD GATE FORWARD GATE NOT MET (9 OF 9 CRITERIA FAILED),PASS,"calibrated_probability:market_adjusted_only; executable_price:age_unknown; source_health:livescorebet:stale=50465s>900s; model_validation:NO-GO; model_validation:logloss_edge_not_significant:delta=-0.18621 ci95=[-0.22507,-0.14620]; model_validation:loses_to_best_devig:shin=1.68568; model_validation:clv_not_positive:mean=-0.13417 ci95_lower=-0.13888; model_validation:drift_gate_failed:going_speed=4.916, horse_career_runs=0.301; overround:1.4493>1.2500; min_edge:unavailable; min_expected_value:unavailable",complete_card; runner_history; reference_market; field_size,True,NO-GO,FORWARD GATE NOT MET (9 OF 9 CRITERIA FAILED),False
24d53f34010dd1441461,2026-07-27T21:41:12.379971+00:00,2026-07-27T21:41:12.379971+00:00,2026-07-27T18:50:00+00:00,,2026-07-27T19:50:00+01:00,Galway,ryefielddasher,56d92e84ad457372,Ryefield Dasher,livescorebet,WIN,win,40.984,,,,0.0031,59.4213,0.024390243902439025,,,50.0,,,,poor,MODEL NO-GO / FORWARD GATE FORWARD GATE NOT MET (9 OF 9 CRITERIA FAILED),PASS,"calibrated_probability:market_adjusted_only; executable_price:age_unknown; source_health:livescorebet:stale=50465s>900s; model_validation:NO-GO; model_validation:logloss_edge_not_significant:delta=-0.18621 ci95=[-0.22507,-0.14620]; model_validation:loses_to_best_devig:shin=1.68568; model_validation:clv_not_positive:mean=-0.13417 ci95_lower=-0.13888; model_validation:drift_gate_failed:going_speed=4.916, horse_career_runs=0.301; overround:1.4493>1.2500; min_edge:unavailable; min_expected_value:unavailable",complete_card; runner_history; reference_market; field_size,True,NO-GO,FORWARD GATE NOT MET (9 OF 9 CRITERIA FAILED),False
417edbe9c1fc2c47fe35,2026-07-27T21:41:12.379971+00:00,2026-07-27T21:41:12.379971+00:00,2026-07-27T18:50:00+00:00,,2026-07-27T19:50:00+01:00,Galway,solasnagealai,bcee63c565c31a2e,Solas Na Gealai,livescorebet,WIN,win,40.984,,,,0.0031,59.4213,0.024390243902439025,,,50.0,,,,poor,MODEL NO-GO / FORWARD GATE FORWARD GATE NOT MET (9 OF 9 CRITERIA FAILED),PASS,"calibrated_probability:market_adjusted_only; executable_price:age_unknown; source_health:livescorebet:stale=50465s>900s; model_validation:NO-GO; model_validation:logloss_edge_not_significant:delta=-0.18621 ci95=[-0.22507,-0.14620]; model_validation:loses_to_best_devig:shin=1.68568; model_validation:clv_not_positive:mean=-0.13417 ci95_lower=-0.13888; model_validation:drift_gate_failed:going_speed=4.916, horse_career_runs=0.301; overround:1.4493>1.2500; min_edge:unavailable; min_expected_value:unavailable",complete_card; runner_history; reference_market; field_size,True,NO-GO,FORWARD GATE NOT MET (9 OF 9 CRITERIA FAILED),False
06a26ff32755e6189a86,2026-07-27T21:41:12.379971+00:00,2026-07-27T21:41:12.379971+00:00,2026-07-27T19:00:00+00:00,,2026-07-27T20:00:00+01:00,Windsor,berlinetta,e900e66dc3e6b2b9,Berlinetta,livescorebet,WIN,win,4.5,,,,0.1953,5.7024,0.2222222222222222,,,50.0,,,,poor,MODEL NO-GO / FORWARD GATE FORWARD GATE NOT MET (9 OF 9 CRITERIA FAILED),PASS,"calibrated_probability:market_adjusted_only; executable_price:age_unknown; source_health:livescorebet:stale=50465s>900s; model_validation:NO-GO; model_validation:logloss_edge_not_significant:delta=-0.18621 ci95=[-0.22507,-0.14620]; model_validation:loses_to_best_devig:shin=1.68568; model_validation:clv_not_positive:mean=-0.13417 ci95_lower=-0.13888; model_validation:drift_gate_failed:going_speed=4.916, horse_career_runs=0.301; overround:1.2672>1.2500; min_edge:unavailable; min_expected_value:unavailable",complete_card; runner_history; reference_market; field_size,True,NO-GO,FORWARD GATE NOT MET (9 OF 9 CRITERIA FAILED),False
a09aad22a6b41c2bf27b,2026-07-27T21:41:12.379971+00:00,2026-07-27T21:41:12.379971+00:00,2026-07-27T19:00:00+00:00,,2026-07-27T20:00:00+01:00,Windsor,eazyontheeye,24bdc2f8682ba984,Eazy On The Eye,livescorebet,WIN,win,5.0,,,,0.2019,6.335999999999999,0.2,,,50.0,,,,poor,MODEL NO-GO / FORWARD GATE FORWARD GATE NOT MET (9 OF 9 CRITERIA FAILED),PASS,"calibrated_probability:market_adjusted_only; executable_price:age_unknown; source_health:livescorebet:stale=50465s>900s; model_validation:NO-GO; model_validation:logloss_edge_not_significant:delta=-0.18621 ci95=[-0.22507,-0.14620]; model_validation:loses_to_best_devig:shin=1.68568; model_validation:clv_not_positive:mean=-0.13417 ci95_lower=-0.13888; model_validation:drift_gate_failed:going_speed=4.916, horse_career_runs=0.301; overround:1.2672>1.2500; min_edge:unavailable; min_expected_value:unavailable",complete_card; runner_history; reference_market; field_size,True,NO-GO,FORWARD GATE NOT MET (9 OF 9 CRITERIA FAILED),False
eb6f80474d0d92e1fd59,2026-07-27T21:41:12.379971+00:00,2026-07-27T21:41:12.379971+00:00,2026-07-27T19:00:00+00:00,,2026-07-27T20:00:00+01:00,Windsor,khuskhas,7fd4bcfcb9495b55,Khuskhas,livescorebet,WIN,win,4.0,,,,0.1815,5.0687999999999995,0.25,,,50.0,,,,poor,MODEL NO-GO / FORWARD GATE FORWARD GATE NOT MET (9 OF 9 CRITERIA FAILED),PASS,"calibrated_probability:market_adjusted_only; executable_price:age_unknown; source_health:livescorebet:stale=50465s>900s; model_validation:NO-GO; model_validation:logloss_edge_not_significant:delta=-0.18621 ci95=[-0.22507,-0.14620]; model_validation:loses_to_best_devig:shin=1.68568; model_validation:clv_not_positive:mean=-0.13417 ci95_lower=-0.13888; model_validation:drift_gate_failed:going_speed=4.916, horse_career_runs=0.301; overround:1.2672>1.2500; min_edge:unavailable; min_expected_value:unavailable",complete_card; runner_history; reference_market; field_size,True,NO-GO,FORWARD GATE NOT MET (9 OF 9 CRITERIA FAILED),False
8c2e0472d9158f777e6e,2026-07-27T21:41:12.379971+00:00,2026-07-27T21:41:12.379971+00:00,2026-07-27T19:00:00+00:00,,2026-07-27T20:00:00+01:00,Windsor,starofdubai,783b1feb8db0e700,Star Of Dubai,livescorebet,WIN,win,6.998,,,,0.1271,8.8704,0.14285714285714285,,,50.0,,,,poor,MODEL NO-GO / FORWARD GATE FORWARD GATE NOT MET (9 OF 9 CRITERIA FAILED),PASS,"calibrated_probability:market_adjusted_only; executable_price:age_unknown; source_health:livescorebet:stale=50465s>900s; model_validation:NO-GO; model_validation:logloss_edge_not_significant:delta=-0.18621 ci95=[-0.22507,-0.14620]; model_validation:loses_to_best_devig:shin=1.68568; model_validation:clv_not_positive:mean=-0.13417 ci95_lower=-0.13888; model_validation:drift_gate_failed:going_speed=4.916, horse_career_runs=0.301; overround:1.2672>1.2500; min_edge:unavailable; min_expected_value:unavailable",complete_card; runner_history; reference_market; field_size,True,NO-GO,FORWARD GATE NOT MET (9 OF 9 CRITERIA FAILED),False
9ea9b36f3265bf042f34,2026-07-27T21:41:12.379971+00:00,2026-07-27T21:41:12.379971+00:00,2026-07-27T19:00:00+00:00,,2026-07-27T20:00:00+01:00,Windsor,boxclever,9f4a7245a92e95ee,Box Clever,livescorebet,WIN,win,10.0,,,,0.0944,12.671999999999999,0.1,,,50.0,,,,poor,MODEL NO-GO / FORWARD GATE FORWARD GATE NOT MET (9 OF 9 CRITERIA FAILED),PASS,"calibrated_probability:market_adjusted_only; executable_price:age_unknown; source_health:livescorebet:stale=50465s>900s; model_validation:NO-GO; model_validation:logloss_edge_not_significant:delta=-0.18621 ci95=[-0.22507,-0.14620]; model_validation:loses_to_best_devig:shin=1.68568; model_validation:clv_not_positive:mean=-0.13417 ci95_lower=-0.13888; model_validation:drift_gate_failed:going_speed=4.916, horse_career_runs=0.301; overround:1.2672>1.2500; min_edge:unavailable; min_expected_value:unavailable",complete_card; runner_history; reference_market; field_size,True,NO-GO,FORWARD GATE NOT MET (9 OF 9 CRITERIA FAILED),False
d9470fce0765a591174b,2026-07-27T21:41:12.379971+00:00,2026-07-27T21:41:12.379971+00:00,2026-07-27T19:00:00+00:00,,2026-07-27T20:00:00+01:00,Windsor,denbysdream,a5b162160aa17e5d,Denby's Dream,livescorebet,WIN,win,8.503,,,,0.0603,10.771199999999999,0.11764705882352941,,,50.0,,,,poor,MODEL NO-GO / FORWARD GATE FORWARD GATE NOT MET (9 OF 9 CRITERIA FAILED),PASS,"calibrated_probability:market_adjusted_only; executable_price:age_unknown; source_health:livescorebet:stale=50465s>900s; model_validation:NO-GO; model_validation:logloss_edge_not_significant:delta=-0.18621 ci95=[-0.22507,-0.14620]; model_validation:loses_to_best_devig:shin=1.68568; model_validation:clv_not_positive:mean=-0.13417 ci95_lower=-0.13888; model_validation:drift_gate_failed:going_speed=4.916, horse_career_runs=0.301; overround:1.2672>1.2500; min_edge:unavailable; min_expected_value:unavailable",complete_card; runner_history; reference_market; field_size,True,NO-GO,FORWARD GATE NOT MET (9 OF 9 CRITERIA FAILED),False
f01c35839e68e4f51a45,2026-07-27T21:41:12.379971+00:00,2026-07-27T21:41:12.379971+00:00,2026-07-27T19:00:00+00:00,,2026-07-27T20:00:00+01:00,Windsor,cixi,a4b5328ab23c8495,Cixi,livescorebet,WIN,win,13.004,,,,0.0745,16.473599999999998,0.07692307692307693,,,50.0,,,,poor,MODEL NO-GO / FORWARD GATE FORWARD GATE NOT MET (9 OF 9 CRITERIA FAILED),PASS,"calibrated_probability:market_adjusted_only; executable_price:age_unknown; source_health:livescorebet:stale=50465s>900s; model_validation:NO-GO; model_validation:logloss_edge_not_significant:delta=-0.18621 ci95=[-0.22507,-0.14620]; model_validation:loses_to_best_devig:shin=1.68568; model_validation:clv_not_positive:mean=-0.13417 ci95_lower=-0.13888; model_validation:drift_gate_failed:going_speed=4.916, horse_career_runs=0.301; overround:1.2672>1.2500; min_edge:unavailable; min_expected_value:unavailable",complete_card; runner_history; reference_market; field_size,True,NO-GO,FORWARD GATE NOT MET (9 OF 9 CRITERIA FAILED),False
de40b9077b453ef74777,2026-07-27T21:41:12.379971+00:00,2026-07-27T21:41:12.379971+00:00,2026-07-27T19:00:00+00:00,,2026-07-27T20:00:00+01:00,Windsor,mimismagic,df11837662cd1add,Mimi's Magic,livescorebet,WIN,win,14.993,,,,0.0709,19.008,0.06666666666666667,,,50.0,,,,poor,MODEL NO-GO / FORWARD GATE FORWARD GATE NOT MET (9 OF 9 CRITERIA FAILED),PASS,"calibrated_probability:market_adjusted_only; executable_price:age_unknown; source_health:livescorebet:stale=50465s>900s; model_validation:NO-GO; model_validation:logloss_edge_not_significant:delta=-0.18621 ci95=[-0.22507,-0.14620]; model_validation:loses_to_best_devig:shin=1.68568; model_validation:clv_not_positive:mean=-0.13417 ci95_lower=-0.13888; model_validation:drift_gate_failed:going_speed=4.916, horse_career_runs=0.301; overround:1.2672>1.2500; min_edge:unavailable; min_expected_value:unavailable",complete_card; runner_history; reference_market; field_size,True,NO-GO,FORWARD GATE NOT MET (9 OF 9 CRITERIA FAILED),False
8933cde23acd174f8d44,2026-07-27T21:41:12.379971+00:00,2026-07-27T21:41:12.379971+00:00,2026-07-27T19:00:00+00:00,,2026-07-27T20:00:00+01:00,Windsor,toralou,e325fd474cfbb943,Toralou,livescorebet,WIN,win,11.001,,,,,13.939199999999998,0.09090909090909091,,,50.0,,,,poor,MODEL NO-GO / FORWARD GATE FORWARD GATE NOT MET (9 OF 9 CRITERIA FAILED),PASS,"calibrated_probability:missing; executable_price:age_unknown; source_health:livescorebet:stale=50465s>900s; model_validation:NO-GO; model_validation:logloss_edge_not_significant:delta=-0.18621 ci95=[-0.22507,-0.14620]; model_validation:loses_to_best_devig:shin=1.68568; model_validation:clv_not_positive:mean=-0.13417 ci95_lower=-0.13888; model_validation:drift_gate_failed:going_speed=4.916, horse_career_runs=0.301; overround:1.2672>1.2500; min_edge:unavailable; min_expected_value:unavailable",complete_card; runner_history; reference_market; field_size,True,NO-GO,FORWARD GATE NOT MET (9 OF 9 CRITERIA FAILED),False
f11611183fae12f3699e,2026-07-27T21:41:12.379971+00:00,2026-07-27T21:41:12.379971+00:00,2026-07-27T19:10:00+00:00,,2026-07-27T20:10:00+01:00,Ripon,maskedwarrior,b296352a08a5c4a4,Masked Warrior,livescorebet,WIN,win,2.63,,,,0.3821,3.096036,0.3802281368821293,,,50.0,,,,poor,MODEL NO-GO / FORWARD GATE FORWARD GATE NOT MET (9 OF 9 CRITERIA FAILED),PASS,"calibrated_probability:market_adjusted_only; executable_price:age_unknown; source_health:livescorebet:stale=50465s>900s; model_validation:NO-GO; model_validation:logloss_edge_not_significant:delta=-0.18621 ci95=[-0.22507,-0.14620]; model_validation:loses_to_best_devig:shin=1.68568; model_validation:clv_not_positive:mean=-0.13417 ci95_lower=-0.13888; model_validation:drift_gate_failed:going_speed=4.916, horse_career_runs=0.301; min_edge:unavailable; min_expected_value:unavailable",complete_card; runner_history; reference_market; field_size; overround,True,NO-GO,FORWARD GATE NOT MET (9 OF 9 CRITERIA FAILED),False
9d29c3dc1083514881d8,2026-07-27T21:41:12.379971+00:00,2026-07-27T21:41:12.379971+00:00,2026-07-27T19:10:00+00:00,,2026-07-27T20:10:00+01:00,Ripon,noelanstar,19e8f79ff32e9860,Noelan Star,livescorebet,WIN,win,3.75,,,,0.2783,4.4145,0.26666666666666666,,,50.0,,,,poor,MODEL NO-GO / FORWARD GATE FORWARD GATE NOT MET (9 OF 9 CRITERIA FAILED),PASS,"calibrated_probability:market_adjusted_only; executable_price:age_unknown; source_health:livescorebet:stale=50465s>900s; model_validation:NO-GO; model_validation:logloss_edge_not_significant:delta=-0.18621 ci95=[-0.22507,-0.14620]; model_validation:loses_to_best_devig:shin=1.68568; model_validation:clv_not_positive:mean=-0.13417 ci95_lower=-0.13888; model_validation:drift_gate_failed:going_speed=4.916, horse_career_runs=0.301; min_edge:unavailable; min_expected_value:unavailable",complete_card; runner_history; reference_market; field_size; overround,True,NO-GO,FORWARD GATE NOT MET (9 OF 9 CRITERIA FAILED),False
ebbcaea62169e313b7c1,2026-07-27T21:41:12.379971+00:00,2026-07-27T21:41:12.379971+00:00,2026-07-27T19:10:00+00:00,,2026-07-27T20:10:00+01:00,Ripon,enchant,88119ed6d4184862,Enchant,livescorebet,WIN,win,5.0,,,,0.1775,5.886,0.2,,,50.0,,,,poor,MODEL NO-GO / FORWARD GATE FORWARD GATE NOT MET (9 OF 9 CRITERIA FAILED),PASS,"runner_history:no_prior_form; calibrated_probability:market_adjusted_only; executable_price:age_unknown; source_health:livescorebet:stale=50465s>900s; model_validation:NO-GO; model_validation:logloss_edge_not_significant:delta=-0.18621 ci95=[-0.22507,-0.14620]; model_validation:loses_to_best_devig:shin=1.68568; model_validation:clv_not_positive:mean=-0.13417 ci95_lower=-0.13888; model_validation:drift_gate_failed:going_speed=4.916, horse_career_runs=0.301; min_edge:unavailable; min_expected_value:unavailable",complete_card; reference_market; field_size; overround,True,NO-GO,FORWARD GATE NOT MET (9 OF 9 CRITERIA FAILED),False
5530fb10cad63fd9bfa1,2026-07-27T21:41:12.379971+00:00,2026-07-27T21:41:12.379971+00:00,2026-07-27T19:10:00+00:00,,2026-07-27T20:10:00+01:00,Ripon,beyondthebar,335ae2a8846e33fc,Beyond The Bar,livescorebet,WIN,win,8.0,,,,0.1129,9.4176,0.125,,,50.0,,,,poor,MODEL NO-GO / FORWARD GATE FORWARD GATE NOT MET (9 OF 9 CRITERIA FAILED),PASS,"calibrated_probability:market_adjusted_only; executable_price:age_unknown; source_health:livescorebet:stale=50465s>900s; model_validation:NO-GO; model_validation:logloss_edge_not_significant:delta=-0.18621 ci95=[-0.22507,-0.14620]; model_validation:loses_to_best_devig:shin=1.68568; model_validation:clv_not_positive:mean=-0.13417 ci95_lower=-0.13888; model_validation:drift_gate_failed:going_speed=4.916, horse_career_runs=0.301; min_edge:unavailable; min_expected_value:unavailable",complete_card; runner_history; reference_market; field_size; overround,True,NO-GO,FORWARD GATE NOT MET (9 OF 9 CRITERIA FAILED),False
82da2246a4f1c65dd7dc,2026-07-27T21:41:12.379971+00:00,2026-07-27T21:41:12.379971+00:00,2026-07-27T19:10:00+00:00,,2026-07-27T20:10:00+01:00,Ripon,daydreama,9ef0b1100dce85fb,Daydreama,livescorebet,WIN,win,10.0,,,,0.0946,11.772,0.1,,,50.0,,,,poor,MODEL NO-GO / FORWARD GATE FORWARD GATE NOT MET (9 OF 9 CRITERIA FAILED),PASS,"calibrated_probability:market_adjusted_only; executable_price:age_unknown; source_health:livescorebet:stale=50465s>900s; model_validation:NO-GO; model_validation:logloss_edge_not_significant:delta=-0.18621 ci95=[-0.22507,-0.14620]; model_validation:loses_to_best_devig:shin=1.68568; model_validation:clv_not_positive:mean=-0.13417 ci95_lower=-0.13888; model_validation:drift_gate_failed:going_speed=4.916, horse_career_runs=0.301; min_edge:unavailable; min_expected_value:unavailable",complete_card; runner_history; reference_market; field_size; overround,True,NO-GO,FORWARD GATE NOT MET (9 OF 9 CRITERIA FAILED),False
bc0104c4399d2bd10988,2026-07-27T21:41:12.379971+00:00,2026-07-27T21:41:12.379971+00:00,2026-07-27T19:10:00+00:00,,2026-07-27T20:10:00+01:00,Ripon,commandthestars,85599b8fca1c3d7c,Command The Stars,livescorebet,WIN,win,9.497,,,,0.1013,11.1834,0.10526315789473684,,,50.0,,,,poor,MODEL NO-GO / FORWARD GATE FORWARD GATE NOT MET (9 OF 9 CRITERIA FAILED),PASS,"calibrated_probability:market_adjusted_only; executable_price:age_unknown; source_health:livescorebet:stale=50465s>900s; model_validation:NO-GO; model_validation:logloss_edge_not_significant:delta=-0.18621 ci95=[-0.22507,-0.14620]; model_validation:loses_to_best_devig:shin=1.68568; model_validation:clv_not_positive:mean=-0.13417 ci95_lower=-0.13888; model_validation:drift_gate_failed:going_speed=4.916, horse_career_runs=0.301; min_edge:unavailable; min_expected_value:unavailable",complete_card; runner_history; reference_market; field_size; overround,True,NO-GO,FORWARD GATE NOT MET (9 OF 9 CRITERIA FAILED),False
c68e8cd4598cbdf30a7b,2026-07-27T21:41:12.379971+00:00,2026-07-27T21:41:12.379971+00:00,2026-07-27T19:20:00+00:00,,2026-07-27T20:20:00+01:00,Galway,powerofknowledge,192156983d6d7a02,Power Of Knowledge,livescorebet,WIN,win,1.8,,,,0.4644,2.4316199999999997,0.5555555555555556,,,50.0,,,,poor,MODEL NO-GO / FORWARD GATE FORWARD GATE NOT MET (9 OF 9 CRITERIA FAILED),PASS,"runner_history:no_prior_form; calibrated_probability:market_adjusted_only; executable_price:age_unknown; source_health:livescorebet:stale=50465s>900s; model_validation:NO-GO; model_validation:logloss_edge_not_significant:delta=-0.18621 ci95=[-0.22507,-0.14620]; model_validation:loses_to_best_devig:shin=1.68568; model_validation:clv_not_positive:mean=-0.13417 ci95_lower=-0.13888; model_validation:drift_gate_failed:going_speed=4.916, horse_career_runs=0.301; overround:1.3509>1.2500; min_edge:unavailable; min_expected_value:unavailable",complete_card; reference_market; field_size,True,NO-GO,FORWARD GATE NOT MET (9 OF 9 CRITERIA FAILED),False
d5eb0f0f6338c89d75ee,2026-07-27T21:41:12.379971+00:00,2026-07-27T21:41:12.379971+00:00,2026-07-27T19:20:00+00:00,,2026-07-27T20:20:00+01:00,Galway,teofil,9d6aa4378206f077,Teofil,livescorebet,WIN,win,5.0,,,,0.1775,6.754499999999999,0.2,,,50.0,,,,poor,MODEL NO-GO / FORWARD GATE FORWARD GATE NOT MET (9 OF 9 CRITERIA FAILED),PASS,"calibrated_probability:market_adjusted_only; executable_price:age_unknown; source_health:livescorebet:stale=50465s>900s; model_validation:NO-GO; model_validation:logloss_edge_not_significant:delta=-0.18621 ci95=[-0.22507,-0.14620]; model_validation:loses_to_best_devig:shin=1.68568; model_validation:clv_not_positive:mean=-0.13417 ci95_lower=-0.13888; model_validation:drift_gate_failed:going_speed=4.916, horse_career_runs=0.301; overround:1.3509>1.2500; min_edge:unavailable; min_expected_value:unavailable",complete_card; runner_history; reference_market; field_size,True,NO-GO,FORWARD GATE NOT MET (9 OF 9 CRITERIA FAILED),False
80452b77048e2395827b,2026-07-27T21:41:12.379971+00:00,2026-07-27T21:41:12.379971+00:00,2026-07-27T19:20:00+00:00,,2026-07-27T20:20:00+01:00,Galway,whichflannerys,1ddb877c7ae3ff47,Which Flannerys,livescorebet,WIN,win,5.501,,,,0.1614,7.429950000000001,0.18181818181818182,,,50.0,,,,poor,MODEL NO-GO / FORWARD GATE FORWARD GATE NOT MET (9 OF 9 CRITERIA FAILED),PASS,"calibrated_probability:market_adjusted_only; executable_price:age_unknown; source_health:livescorebet:stale=50465s>900s; model_validation:NO-GO; model_validation:logloss_edge_not_significant:delta=-0.18621 ci95=[-0.22507,-0.14620]; model_validation:loses_to_best_devig:shin=1.68568; model_validation:clv_not_positive:mean=-0.13417 ci95_lower=-0.13888; model_validation:drift_gate_failed:going_speed=4.916, horse_career_runs=0.301; overround:1.3509>1.2500; min_edge:unavailable; min_expected_value:unavailable",complete_card; runner_history; reference_market; field_size,True,NO-GO,FORWARD GATE NOT MET (9 OF 9 CRITERIA FAILED),False
2d5786d76e0a9b0343ac,2026-07-27T21:41:12.379971+00:00,2026-07-27T21:41:12.379971+00:00,2026-07-27T19:20:00+00:00,,2026-07-27T20:20:00+01:00,Galway,primecontender,246d081a97f39aa5,Prime Contender,livescorebet,WIN,win,6.502,,,,0.135,8.78085,0.15384615384615385,,,50.0,,,,poor,MODEL NO-GO / FORWARD GATE FORWARD GATE NOT MET (9 OF 9 CRITERIA FAILED),PASS,"runner_history:no_prior_form; calibrated_probability:market_adjusted_only; executable_price:age_unknown; source_health:livescorebet:stale=50465s>900s; model_validation:NO-GO; model_validation:logloss_edge_not_significant:delta=-0.18621 ci95=[-0.22507,-0.14620]; model_validation:loses_to_best_devig:shin=1.68568; model_validation:clv_not_positive:mean=-0.13417 ci95_lower=-0.13888; model_validation:drift_gate_failed:going_speed=4.916, horse_career_runs=0.301; overround:1.3509>1.2500; min_edge:unavailable; min_expected_value:unavailable",complete_card; reference_market; field_size,True,NO-GO,FORWARD GATE NOT MET (9 OF 9 CRITERIA FAILED),False
ac4ef1ee521ed0670228,2026-07-27T21:41:12.379971+00:00,2026-07-27T21:41:12.379971+00:00,2026-07-27T19:20:00+00:00,,2026-07-27T20:20:00+01:00,Galway,lanespark,8e76375446a7add5,Lanespark,livescorebet,WIN,win,14.993,,,,0.063,20.2635,0.06666666666666667,,,50.0,,,,poor,MODEL NO-GO / FORWARD GATE FORWARD GATE NOT MET (9 OF 9 CRITERIA FAILED),PASS,"runner_history:no_prior_form; calibrated_probability:market_adjusted_only; executable_price:age_unknown; source_health:livescorebet:stale=50465s>900s; model_validation:NO-GO; model_validation:logloss_edge_not_significant:delta=-0.18621 ci95=[-0.22507,-0.14620]; model_validation:loses_to_best_devig:shin=1.68568; model_validation:clv_not_positive:mean=-0.13417 ci95_lower=-0.13888; model_validation:drift_gate_failed:going_speed=4.916, horse_career_runs=0.301; overround:1.3509>1.2500; min_edge:unavailable; min_expected_value:unavailable",complete_card; reference_market; field_size,True,NO-GO,FORWARD GATE NOT MET (9 OF 9 CRITERIA FAILED),False
0065254e1373d971fe24,2026-07-27T21:41:12.379971+00:00,2026-07-27T21:41:12.379971+00:00,2026-07-27T19:20:00+00:00,,2026-07-27T20:20:00+01:00,Galway,ddakji,ef914498803f081e,Ddakji,livescorebet,WIN,win,28.986,,,,0.0373,39.1761,0.034482758620689655,,,50.0,,,,poor,MODEL NO-GO / FORWARD GATE FORWARD GATE NOT MET (9 OF 9 CRITERIA FAILED),PASS,"calibrated_probability:market_adjusted_only; executable_price:age_unknown; source_health:livescorebet:stale=50465s>900s; model_validation:NO-GO; model_validation:logloss_edge_not_significant:delta=-0.18621 ci95=[-0.22507,-0.14620]; model_validation:loses_to_best_devig:shin=1.68568; model_validation:clv_not_positive:mean=-0.13417 ci95_lower=-0.13888; model_validation:drift_gate_failed:going_speed=4.916, horse_career_runs=0.301; overround:1.3509>1.2500; min_edge:unavailable; min_expected_value:unavailable",complete_card; runner_history; reference_market; field_size,True,NO-GO,FORWARD GATE NOT MET (9 OF 9 CRITERIA FAILED),False
d97ea2494b4a29229c6c,2026-07-27T21:41:12.379971+00:00,2026-07-27T21:41:12.379971+00:00,2026-07-27T19:20:00+00:00,,2026-07-27T20:20:00+01:00,Galway,dreamsareforever,b6d582d406b61249,Dreams Are Forever,livescorebet,WIN,win,19.011,,,,0.0503,25.6671,0.05263157894736842,,,50.0,,,,poor,MODEL NO-GO / FORWARD GATE FORWARD GATE NOT MET (9 OF 9 CRITERIA FAILED),PASS,"runner_history:no_prior_form; calibrated_probability:market_adjusted_only; executable_price:age_unknown; source_health:livescorebet:stale=50465s>900s; model_validation:NO-GO; model_validation:logloss_edge_not_significant:delta=-0.18621 ci95=[-0.22507,-0.14620]; model_validation:loses_to_best_devig:shin=1.68568; model_validation:clv_not_positive:mean=-0.13417 ci95_lower=-0.13888; model_validation:drift_gate_failed:going_speed=4.916, horse_career_runs=0.301; overround:1.3509>1.2500; min_edge:unavailable; min_expected_value:unavailable",complete_card; reference_market; field_size,True,NO-GO,FORWARD GATE NOT MET (9 OF 9 CRITERIA FAILED),False
a1517d556eb6d186f6a7,2026-07-27T21:41:12.379971+00:00,2026-07-27T21:41:12.379971+00:00,2026-07-27T19:20:00+00:00,,2026-07-27T20:20:00+01:00,Galway,walkineezy,24486561b0fecf91,Walkineezy,livescorebet,WIN,win,40.984,,,,0.0224,55.3869,0.024390243902439025,,,50.0,,,,poor,MODEL NO-GO / FORWARD GATE FORWARD GATE NOT MET (9 OF 9 CRITERIA FAILED),PASS,"runner_history:no_prior_form; calibrated_probability:market_adjusted_only; executable_price:age_unknown; source_health:livescorebet:stale=50465s>900s; model_validation:NO-GO; model_validation:logloss_edge_not_significant:delta=-0.18621 ci95=[-0.22507,-0.14620]; model_validation:loses_to_best_devig:shin=1.68568; model_validation:clv_not_positive:mean=-0.13417 ci95_lower=-0.13888; model_validation:drift_gate_failed:going_speed=4.916, horse_career_runs=0.301; overround:1.3509>1.2500; min_edge:unavailable; min_expected_value:unavailable",complete_card; reference_market; field_size,True,NO-GO,FORWARD GATE NOT MET (9 OF 9 CRITERIA FAILED),False
10f4e59d75d8c65224e6,2026-07-27T21:41:12.379971+00:00,2026-07-27T21:41:12.379971+00:00,2026-07-27T19:20:00+00:00,,2026-07-27T20:20:00+01:00,Galway,sharbel,f4ad554e18e5c7f5,Sharbel,livescorebet,WIN,win,40.984,,,,0.0224,55.3869,0.024390243902439025,,,50.0,,,,poor,MODEL NO-GO / FORWARD GATE FORWARD GATE NOT MET (9 OF 9 CRITERIA FAILED),PASS,"runner_history:no_prior_form; calibrated_probability:market_adjusted_only; executable_price:age_unknown; source_health:livescorebet:stale=50465s>900s; model_validation:NO-GO; model_validation:logloss_edge_not_significant:delta=-0.18621 ci95=[-0.22507,-0.14620]; model_validation:loses_to_best_devig:shin=1.68568; model_validation:clv_not_positive:mean=-0.13417 ci95_lower=-0.13888; model_validation:drift_gate_failed:going_speed=4.916, horse_career_runs=0.301; overround:1.3509>1.2500; min_edge:unavailable; min_expected_value:unavailable",complete_card; reference_market; field_size,True,NO-GO,FORWARD GATE NOT MET (9 OF 9 CRITERIA FAILED),False
0d915176c32f8317f77b,2026-07-27T21:41:12.379971+00:00,2026-07-27T21:41:12.379971+00:00,2026-07-27T19:20:00+00:00,,2026-07-27T20:20:00+01:00,Galway,witnessdfitness,6814e4cfb4196ba3,Witness D'Fitness,livescorebet,WIN,win,40.984,,,,0.0224,55.3869,0.024390243902439025,,,50.0,,,,poor,MODEL NO-GO / FORWARD GATE FORWARD GATE NOT MET (9 OF 9 CRITERIA FAILED),PASS,"runner_history:no_prior_form; calibrated_probability:market_adjusted_only; executable_price:age_unknown; source_health:livescorebet:stale=50465s>900s; model_validation:NO-GO; model_validation:logloss_edge_not_significant:delta=-0.18621 ci95=[-0.22507,-0.14620]; model_validation:loses_to_best_devig:shin=1.68568; model_validation:clv_not_positive:mean=-0.13417 ci95_lower=-0.13888; model_validation:drift_gate_failed:going_speed=4.916, horse_career_runs=0.301; overround:1.3509>1.2500; min_edge:unavailable; min_expected_value:unavailable",complete_card; reference_market; field_size,True,NO-GO,FORWARD GATE NOT MET (9 OF 9 CRITERIA FAILED),False
20a9ff404f88ca7b3144,2026-07-27T21:41:12.379971+00:00,2026-07-27T21:41:12.379971+00:00,2026-07-27T19:20:00+00:00,,2026-07-27T20:20:00+01:00,Galway,hillsilver,5395900e56a69795,Hill Silver,livescorebet,WIN,win,67.114,,,,0.018,90.5103,0.014925373134328358,,,50.0,,,,poor,MODEL NO-GO / FORWARD GATE FORWARD GATE NOT MET (9 OF 9 CRITERIA FAILED),PASS,"calibrated_probability:market_adjusted_only; executable_price:age_unknown; source_health:livescorebet:stale=50465s>900s; model_validation:NO-GO; model_validation:logloss_edge_not_significant:delta=-0.18621 ci95=[-0.22507,-0.14620]; model_validation:loses_to_best_devig:shin=1.68568; model_validation:clv_not_positive:mean=-0.13417 ci95_lower=-0.13888; model_validation:drift_gate_failed:going_speed=4.916, horse_career_runs=0.301; overround:1.3509>1.2500; min_edge:unavailable; min_expected_value:unavailable",complete_card; runner_history; reference_market; field_size,True,NO-GO,FORWARD GATE NOT MET (9 OF 9 CRITERIA FAILED),False
9cda6765687b5b931afa,2026-07-27T21:41:12.379971+00:00,2026-07-27T21:41:12.379971+00:00,2026-07-27T19:20:00+00:00,,2026-07-27T20:20:00+01:00,Galway,sunkistorange,5478c3a4657dcffe,Sunkist Orange,livescorebet,WIN,win,126.582,,,,0.0092,170.2134,0.007936507936507936,,,50.0,,,,poor,MODEL NO-GO / FORWARD GATE FORWARD GATE NOT MET (9 OF 9 CRITERIA FAILED),PASS,"runner_history:no_prior_form; calibrated_probability:market_adjusted_only; executable_price:age_unknown; source_health:livescorebet:stale=50465s>900s; model_validation:NO-GO; model_validation:logloss_edge_not_significant:delta=-0.18621 ci95=[-0.22507,-0.14620]; model_validation:loses_to_best_devig:shin=1.68568; model_validation:clv_not_positive:mean=-0.13417 ci95_lower=-0.13888; model_validation:drift_gate_failed:going_speed=4.916, horse_career_runs=0.301; overround:1.3509>1.2500; min_edge:unavailable; min_expected_value:unavailable",complete_card; reference_market; field_size,True,NO-GO,FORWARD GATE NOT MET (9 OF 9 CRITERIA FAILED),False
f5ebd72bd8a1f62d664f,2026-07-27T21:41:12.379971+00:00,2026-07-27T21:41:12.379971+00:00,2026-07-27T19:20:00+00:00,,2026-07-27T20:20:00+01:00,Galway,societygent,309bc7da5f2db17e,Society Gent,livescorebet,WIN,win,101.01,,,,,136.4409,0.009900990099009901,,,50.0,,,,poor,MODEL NO-GO / FORWARD GATE FORWARD GATE NOT MET (9 OF 9 CRITERIA FAILED),PASS,"calibrated_probability:missing; executable_price:age_unknown; source_health:livescorebet:stale=50465s>900s; model_validation:NO-GO; model_validation:logloss_edge_not_significant:delta=-0.18621 ci95=[-0.22507,-0.14620]; model_validation:loses_to_best_devig:shin=1.68568; model_validation:clv_not_positive:mean=-0.13417 ci95_lower=-0.13888; model_validation:drift_gate_failed:going_speed=4.916, horse_career_runs=0.301; overround:1.3509>1.2500; min_edge:unavailable; min_expected_value:unavailable",complete_card; runner_history; reference_market; field_size,True,NO-GO,FORWARD GATE NOT MET (9 OF 9 CRITERIA FAILED),False
65c786d68776eeb24f01,2026-07-27T21:41:12.379971+00:00,2026-07-27T21:41:12.379971+00:00,2026-07-27T19:30:00+00:00,,2026-07-27T20:30:00+01:00,Windsor,myoldmate,cf22482472a9327c,My Old Mate,livescorebet,WIN,win,2.0,,,,0.4826,2.42,0.5,,,50.0,,,,poor,MODEL NO-GO / FORWARD GATE FORWARD GATE NOT MET (9 OF 9 CRITERIA FAILED),PASS,"calibrated_probability:market_adjusted_only; executable_price:age_unknown; source_health:livescorebet:stale=50465s>900s; model_validation:NO-GO; model_validation:logloss_edge_not_significant:delta=-0.18621 ci95=[-0.22507,-0.14620]; model_validation:loses_to_best_devig:shin=1.68568; model_validation:clv_not_positive:mean=-0.13417 ci95_lower=-0.13888; model_validation:drift_gate_failed:going_speed=4.916, horse_career_runs=0.301; min_edge:unavailable; min_expected_value:unavailable",complete_card; runner_history; reference_market; field_size; overround,True,NO-GO,FORWARD GATE NOT MET (9 OF 9 CRITERIA FAILED),False
ca15651a5d7c71af15c1,2026-07-27T21:41:12.379971+00:00,2026-07-27T21:41:12.379971+00:00,2026-07-27T19:30:00+00:00,,2026-07-27T20:30:00+01:00,Windsor,takeitorleaveit,1077a93cf36f5825,Takeitorleaveit,livescorebet,WIN,win,5.501,,,,0.1765,6.654999999999999,0.18181818181818182,,,50.0,,,,poor,MODEL NO-GO / FORWARD GATE FORWARD GATE NOT MET (9 OF 9 CRITERIA FAILED),PASS,"calibrated_probability:market_adjusted_only; executable_price:age_unknown; source_health:livescorebet:stale=50465s>900s; model_validation:NO-GO; model_validation:logloss_edge_not_significant:delta=-0.18621 ci95=[-0.22507,-0.14620]; model_validation:loses_to_best_devig:shin=1.68568; model_validation:clv_not_positive:mean=-0.13417 ci95_lower=-0.13888; model_validation:drift_gate_failed:going_speed=4.916, horse_career_runs=0.301; min_edge:unavailable; min_expected_value:unavailable",complete_card; runner_history; reference_market; field_size; overround,True,NO-GO,FORWARD GATE NOT MET (9 OF 9 CRITERIA FAILED),False
85f870612f56f7a1dbbf,2026-07-27T21:41:12.379971+00:00,2026-07-27T21:41:12.379971+00:00,2026-07-27T19:30:00+00:00,,2026-07-27T20:30:00+01:00,Windsor,timetosparkle,e31db42537fa7446,Time To Sparkle,livescorebet,WIN,win,8.0,,,,0.1236,9.68,0.125,,,50.0,,,,poor,MODEL NO-GO / FORWARD GATE FORWARD GATE NOT MET (9 OF 9 CRITERIA FAILED),PASS,"calibrated_probability:market_adjusted_only; executable_price:age_unknown; source_health:livescorebet:stale=50465s>900s; model_validation:NO-GO; model_validation:logloss_edge_not_significant:delta=-0.18621 ci95=[-0.22507,-0.14620]; model_validation:loses_to_best_devig:shin=1.68568; model_validation:clv_not_positive:mean=-0.13417 ci95_lower=-0.13888; model_validation:drift_gate_failed:going_speed=4.916, horse_career_runs=0.301; min_edge:unavailable; min_expected_value:unavailable",complete_card; runner_history; reference_market; field_size; overround,True,NO-GO,FORWARD GATE NOT MET (9 OF 9 CRITERIA FAILED),False
bd280643f789991da9f7,2026-07-27T21:41:12.379971+00:00,2026-07-27T21:41:12.379971+00:00,2026-07-27T19:30:00+00:00,,2026-07-27T20:30:00+01:00,Windsor,katalyst,e6b283a062380705,Katalyst,livescorebet,WIN,win,9.001,,,,0.1003,10.89,0.1111111111111111,,,50.0,,,,poor,MODEL NO-GO / FORWARD GATE FORWARD GATE NOT MET (9 OF 9 CRITERIA FAILED),PASS,"calibrated_probability:market_adjusted_only; executable_price:age_unknown; source_health:livescorebet:stale=50465s>900s; model_validation:NO-GO; model_validation:logloss_edge_not_significant:delta=-0.18621 ci95=[-0.22507,-0.14620]; model_validation:loses_to_best_devig:shin=1.68568; model_validation:clv_not_positive:mean=-0.13417 ci95_lower=-0.13888; model_validation:drift_gate_failed:going_speed=4.916, horse_career_runs=0.301; min_edge:unavailable; min_expected_value:unavailable",complete_card; runner_history; reference_market; field_size; overround,True,NO-GO,FORWARD GATE NOT MET (9 OF 9 CRITERIA FAILED),False
0ecc32b18292d2220be6,2026-07-27T21:41:12.379971+00:00,2026-07-27T21:41:12.379971+00:00,2026-07-27T19:30:00+00:00,,2026-07-27T20:30:00+01:00,Windsor,rugbyunion,788a9180560d1f81,Rugby Union,livescorebet,WIN,win,12.005,,,,0.077,14.52,0.08333333333333333,,,50.0,,,,poor,MODEL NO-GO / FORWARD GATE FORWARD GATE NOT MET (9 OF 9 CRITERIA FAILED),PASS,"calibrated_probability:market_adjusted_only; executable_price:age_unknown; source_health:livescorebet:stale=50465s>900s; model_validation:NO-GO; model_validation:logloss_edge_not_significant:delta=-0.18621 ci95=[-0.22507,-0.14620]; model_validation:loses_to_best_devig:shin=1.68568; model_validation:clv_not_positive:mean=-0.13417 ci95_lower=-0.13888; model_validation:drift_gate_failed:going_speed=4.916, horse_career_runs=0.301; min_edge:unavailable; min_expected_value:unavailable",complete_card; runner_history; reference_market; field_size; overround,True,NO-GO,FORWARD GATE NOT MET (9 OF 9 CRITERIA FAILED),False
060c5d573fb22f45c180,2026-07-27T21:41:12.379971+00:00,2026-07-27T21:41:12.379971+00:00,2026-07-27T19:30:00+00:00,,2026-07-27T20:30:00+01:00,Windsor,sweepintime,d28bbbd57e3d8b5c,Sweep In Time,livescorebet,WIN,win,12.005,,,,0.0804,14.52,0.08333333333333333,,,50.0,,,,poor,MODEL NO-GO / FORWARD GATE FORWARD GATE NOT MET (9 OF 9 CRITERIA FAILED),PASS,"calibrated_probability:market_adjusted_only; executable_price:age_unknown; source_health:livescorebet:stale=50465s>900s; model_validation:NO-GO; model_validation:logloss_edge_not_significant:delta=-0.18621 ci95=[-0.22507,-0.14620]; model_validation:loses_to_best_devig:shin=1.68568; model_validation:clv_not_positive:mean=-0.13417 ci95_lower=-0.13888; model_validation:drift_gate_failed:going_speed=4.916, horse_career_runs=0.301; min_edge:unavailable; min_expected_value:unavailable",complete_card; runner_history; reference_market; field_size; overround,True,NO-GO,FORWARD GATE NOT MET (9 OF 9 CRITERIA FAILED),False
f3e5a89e70b1b1fe4d83,2026-07-27T21:41:12.379971+00:00,2026-07-27T21:41:12.379971+00:00,2026-07-27T19:30:00+00:00,,2026-07-27T20:30:00+01:00,Windsor,givemesun,7db478b979b05e8b,Give Me Sun,livescorebet,WIN,win,11.001,,,,0.0825,13.309999999999999,0.09090909090909091,,,50.0,,,,poor,MODEL NO-GO / FORWARD GATE FORWARD GATE NOT MET (9 OF 9 CRITERIA FAILED),PASS,"calibrated_probability:market_adjusted_only; executable_price:age_unknown; source_health:livescorebet:stale=50465s>900s; model_validation:NO-GO; model_validation:logloss_edge_not_significant:delta=-0.18621 ci95=[-0.22507,-0.14620]; model_validation:loses_to_best_devig:shin=1.68568; model_validation:clv_not_positive:mean=-0.13417 ci95_lower=-0.13888; model_validation:drift_gate_failed:going_speed=4.916, horse_career_runs=0.301; min_edge:unavailable; min_expected_value:unavailable",complete_card; runner_history; reference_market; field_size; overround,True,NO-GO,FORWARD GATE NOT MET (9 OF 9 CRITERIA FAILED),False
6cd89ec4971ae3ba3609,2026-07-27T21:41:12.379971+00:00,2026-07-27T21:41:12.379971+00:00,2026-07-27T19:30:00+00:00,,2026-07-27T20:30:00+01:00,Windsor,thomaspicton,703852e9e3b1bbd7,Thomas Picton,livescorebet,WIN,win,28.986,,,,0.0332,35.09,0.034482758620689655,,,50.0,,,,poor,MODEL NO-GO / FORWARD GATE FORWARD GATE NOT MET (9 OF 9 CRITERIA FAILED),PASS,"calibrated_probability:market_adjusted_only; executable_price:age_unknown; source_health:livescorebet:stale=50465s>900s; model_validation:NO-GO; model_validation:logloss_edge_not_significant:delta=-0.18621 ci95=[-0.22507,-0.14620]; model_validation:loses_to_best_devig:shin=1.68568; model_validation:clv_not_positive:mean=-0.13417 ci95_lower=-0.13888; model_validation:drift_gate_failed:going_speed=4.916, horse_career_runs=0.301; min_edge:unavailable; min_expected_value:unavailable",complete_card; runner_history; reference_market; field_size; overround,True,NO-GO,FORWARD GATE NOT MET (9 OF 9 CRITERIA FAILED),False
cbb1a4bc4a3ee174f2ff,2026-07-27T21:41:12.379971+00:00,2026-07-27T21:41:12.379971+00:00,2026-07-27T19:40:00+00:00,,2026-07-27T20:40:00+01:00,Ripon,whatatahoo,f8b39a57ce55b404,What A Tahoo,livescorebet,WIN,win,2.38,,,,0.4168,2.851954,0.42016806722689076,,,50.0,,,,poor,MODEL NO-GO / FORWARD GATE FORWARD GATE NOT MET (9 OF 9 CRITERIA FAILED),PASS,"calibrated_probability:market_adjusted_only; executable_price:age_unknown; source_health:livescorebet:stale=50465s>900s; model_validation:NO-GO; model_validation:logloss_edge_not_significant:delta=-0.18621 ci95=[-0.22507,-0.14620]; model_validation:loses_to_best_devig:shin=1.68568; model_validation:clv_not_positive:mean=-0.13417 ci95_lower=-0.13888; model_validation:drift_gate_failed:going_speed=4.916, horse_career_runs=0.301; min_edge:unavailable; min_expected_value:unavailable",complete_card; runner_history; reference_market; field_size; overround,True,NO-GO,FORWARD GATE NOT MET (9 OF 9 CRITERIA FAILED),False
e2403d0a64e75c102d4e,2026-07-27T21:41:12.379971+00:00,2026-07-27T21:41:12.379971+00:00,2026-07-27T19:40:00+00:00,,2026-07-27T20:40:00+01:00,Ripon,cheerleader,b87fa23c33858f8b,Cheerleader,livescorebet,WIN,win,4.0,,,,0.2152,4.7932,0.25,,,50.0,,,,poor,MODEL NO-GO / FORWARD GATE FORWARD GATE NOT MET (9 OF 9 CRITERIA FAILED),PASS,"calibrated_probability:market_adjusted_only; executable_price:age_unknown; source_health:livescorebet:stale=50465s>900s; model_validation:NO-GO; model_validation:logloss_edge_not_significant:delta=-0.18621 ci95=[-0.22507,-0.14620]; model_validation:loses_to_best_devig:shin=1.68568; model_validation:clv_not_positive:mean=-0.13417 ci95_lower=-0.13888; model_validation:drift_gate_failed:going_speed=4.916, horse_career_runs=0.301; min_edge:unavailable; min_expected_value:unavailable",complete_card; runner_history; reference_market; field_size; overround,True,NO-GO,FORWARD GATE NOT MET (9 OF 9 CRITERIA FAILED),False
097e9b64a7c934dcd545,2026-07-27T21:41:12.379971+00:00,2026-07-27T21:41:12.379971+00:00,2026-07-27T19:40:00+00:00,,2026-07-27T20:40:00+01:00,Ripon,zuffolo,951698114816c50f,Zuffolo,livescorebet,WIN,win,5.0,,,,0.1603,5.991499999999999,0.2,,,50.0,,,,poor,MODEL NO-GO / FORWARD GATE FORWARD GATE NOT MET (9 OF 9 CRITERIA FAILED),PASS,"calibrated_probability:market_adjusted_only; executable_price:age_unknown; source_health:livescorebet:stale=50465s>900s; model_validation:NO-GO; model_validation:logloss_edge_not_significant:delta=-0.18621 ci95=[-0.22507,-0.14620]; model_validation:loses_to_best_devig:shin=1.68568; model_validation:clv_not_positive:mean=-0.13417 ci95_lower=-0.13888; model_validation:drift_gate_failed:going_speed=4.916, horse_career_runs=0.301; min_edge:unavailable; min_expected_value:unavailable",complete_card; runner_history; reference_market; field_size; overround,True,NO-GO,FORWARD GATE NOT MET (9 OF 9 CRITERIA FAILED),False
34ef5150182432a9f075,2026-07-27T21:41:12.379971+00:00,2026-07-27T21:41:12.379971+00:00,2026-07-27T19:40:00+00:00,,2026-07-27T20:40:00+01:00,Ripon,doralee,7d9c90176bd67118,Doralee,livescorebet,WIN,win,6.502,,,,0.135,7.788949999999999,0.15384615384615385,,,50.0,,,,poor,MODEL NO-GO / FORWARD GATE FORWARD GATE NOT MET (9 OF 9 CRITERIA FAILED),PASS,"calibrated_probability:market_adjusted_only; executable_price:age_unknown; source_health:livescorebet:stale=50465s>900s; model_validation:NO-GO; model_validation:logloss_edge_not_significant:delta=-0.18621 ci95=[-0.22507,-0.14620]; model_validation:loses_to_best_devig:shin=1.68568; model_validation:clv_not_positive:mean=-0.13417 ci95_lower=-0.13888; model_validation:drift_gate_failed:going_speed=4.916, horse_career_runs=0.301; min_edge:unavailable; min_expected_value:unavailable",complete_card; runner_history; reference_market; field_size; overround,True,NO-GO,FORWARD GATE NOT MET (9 OF 9 CRITERIA FAILED),False
9b6625dce37a94aba68d,2026-07-27T21:41:12.379971+00:00,2026-07-27T21:41:12.379971+00:00,2026-07-27T19:40:00+00:00,,2026-07-27T20:40:00+01:00,Ripon,brainfreeze,435cb2f55241ef61,Brain Freeze,livescorebet,WIN,win,11.001,,,,0.0825,13.1813,0.09090909090909091,,,50.0,,,,poor,MODEL NO-GO / FORWARD GATE FORWARD GATE NOT MET (9 OF 9 CRITERIA FAILED),PASS,"calibrated_probability:market_adjusted_only; executable_price:age_unknown; source_health:livescorebet:stale=50465s>900s; model_validation:NO-GO; model_validation:logloss_edge_not_significant:delta=-0.18621 ci95=[-0.22507,-0.14620]; model_validation:loses_to_best_devig:shin=1.68568; model_validation:clv_not_positive:mean=-0.13417 ci95_lower=-0.13888; model_validation:drift_gate_failed:going_speed=4.916, horse_career_runs=0.301; min_edge:unavailable; min_expected_value:unavailable",complete_card; runner_history; reference_market; field_size; overround,True,NO-GO,FORWARD GATE NOT MET (9 OF 9 CRITERIA FAILED),False
9c1030b0504b5e40b9a4,2026-07-27T21:41:12.379971+00:00,2026-07-27T21:41:12.379971+00:00,2026-07-27T19:40:00+00:00,,2026-07-27T20:40:00+01:00,Ripon,dunningtonlad,a5ddba9a2f8ad575,Dunnington Lad,livescorebet,WIN,win,12.005,,,,,14.3796,0.08333333333333333,,,50.0,,,,poor,MODEL NO-GO / FORWARD GATE FORWARD GATE NOT MET (9 OF 9 CRITERIA FAILED),PASS,"calibrated_probability:missing; executable_price:age_unknown; source_health:livescorebet:stale=50465s>900s; model_validation:NO-GO; model_validation:logloss_edge_not_significant:delta=-0.18621 ci95=[-0.22507,-0.14620]; model_validation:loses_to_best_devig:shin=1.68568; model_validation:clv_not_positive:mean=-0.13417 ci95_lower=-0.13888; model_validation:drift_gate_failed:going_speed=4.916, horse_career_runs=0.301; min_edge:unavailable; min_expected_value:unavailable",complete_card; runner_history; reference_market; field_size; overround,True,NO-GO,FORWARD GATE NOT MET (9 OF 9 CRITERIA FAILED),False
